ts,rg1,rg2,rg1tt,rg2tt,rg1tp,rg2tp,temp_bmx,press_bmx,temp_mcp,temp_sht,humidity_sht,si1145_vis,si1145_ir,si1145_uv,wind_spd,wind_dir,wind_gust,wind_gust_dir,heat_idx,wet_bulb_temp,wet_bulb_globe_temp,anomaly_prediction,anomaly_score,is_anomaly,risk_level,environmental_event,signals,recommended_action,priority
2026-09-01 00:00:08+00:00,0.0,0,0.0,0.0,0.4,0,15.1,852.7,15.5,15.5,88.1,261,253,0,0.1,109,0.4,0.4,15.5,14.1,11.3,1,0.1345791304363354,False,NORMAL,Normal environmental conditions,None,Continue monitoring environmental conditions.,LOW
2026-09-01 00:15:17+00:00,0.0,0,0.0,0.0,0.4,0,15.3,852.6,15.7,15.7,87.5,260,253,0,0.1,109,0.7,0.7,15.7,14.3,11.5,1,0.1514357557880531,False,NORMAL,Normal environmental conditions,None,Continue monitoring environmental conditions.,LOW
2026-09-01 00:30:27+00:00,0.0,0,0.0,0.0,0.4,0,15.5,852.5,15.8,15.9,88.0,260,253,0,0.3,109,0.9,0.9,15.8,14.5,11.6,1,0.155070273321379,False,NORMAL,Normal environmental conditions,None,Continue monitoring environmental conditions.,LOW
2026-09-01 00:45:36+00:00,0.0,0,0.0,0.0,0.4,0,15.5,852.8,15.8,15.9,88.6,260,253,0,0.6,109,1.1,1.1,15.9,14.6,11.7,1,0.1381839736237771,False,NORMAL,Normal environmental conditions,None,Continue monitoring environmental conditions.,LOW
2026-09-01 01:01:03+00:00,0.0,0,0.0,0.0,0.4,0,15.4,852.8,15.7,15.8,89.4,259,254,0,0.2,109,0.7,0.7,15.8,14.6,11.6,1,0.1492244456927843,False,NORMAL,Normal environmental conditions,None,Continue monitoring environmental conditions.,LOW
2026-09-01 01:16:12+00:00,0.0,0,0.0,0.0,0.4,0,15.3,852.9,15.6,15.7,90.0,260,253,0,0.0,109,0.2,0.2,15.7,14.5,11.5,1,0.1546572149113724,False,NORMAL,Normal environmental conditions,None,Continue monitoring environmental conditions.,LOW
2026-09-01 01:31:58+00:00,0.0,0,0.0,0.0,0.4,0,15.2,852.9,15.6,15.6,90.2,259,254,0,0.1,109,0.2,0.2,15.6,14.5,11.4,1,0.1441386288475794,False,NORMAL,Normal environmental conditions,None,Continue monitoring environmental conditions.,LOW
2026-09-01 01:47:23+00:00,0.0,0,0.0,0.0,0.4,0,15.2,852.9,15.5,15.6,90.4,260,253,0,0.0,109,0.0,0.0,15.6,14.5,11.4,1,0.1468471505529525,False,NORMAL,Normal environmental conditions,None,Continue monitoring environmental conditions.,LOW
2026-09-01 02:02:32+00:00,0.0,0,0.0,0.0,0.4,0,15.3,853.0,15.6,15.7,90.3,262,254,0,0.0,109,0.0,0.0,15.7,14.5,11.5,1,0.1501366975613383,False,NORMAL,Normal environmental conditions,None,Continue monitoring environmental conditions.,LOW
2026-09-01 02:18:32+00:00,0.0,0,0.0,0.0,0.4,0,15.2,853.0,15.6,15.6,90.3,259,253,0,0.0,109,0.0,0.0,15.6,14.5,11.4,1,0.1454352467909382,False,NORMAL,Normal environmental conditions,None,Continue monitoring environmental conditions.,LOW
2026-09-01 02:33:41+00:00,0.0,0,0.0,0.0,0.4,0,15.2,853.2,15.4,15.6,90.4,261,255,0,0.4,109,0.7,0.7,15.6,14.5,11.4,1,0.127756414391476,False,NORMAL,Normal environmental conditions,None,Continue monitoring environmental conditions.,LOW
2026-09-01 02:48:51+00:00,0.0,0,0.0,0.0,0.4,0,15.1,853.4,15.4,15.6,90.4,261,253,0,0.4,109,0.9,0.9,15.5,14.4,11.3,1,0.119010403107046,False,NORMAL,Normal environmental conditions,None,Continue monitoring environmental conditions.,LOW
2026-09-01 03:04:00+00:00,0.0,0,0.0,0.0,0.4,0,15.0,853.5,15.2,15.5,90.4,259,254,0,0.7,109,1.3,1.3,15.5,14.4,11.3,1,0.0906346286420847,False,NORMAL,Normal environmental conditions,None,Continue monitoring environmental conditions.,LOW
2026-09-01 03:19:30+00:00,0.0,0,0.0,0.0,0.4,0,14.8,853.6,15.1,15.3,90.8,262,256,0,0.4,109,0.9,0.9,15.2,14.2,11.1,1,0.1003671495019891,False,NORMAL,Normal environmental conditions,None,Continue monitoring environmental conditions.,LOW
2026-09-01 03:34:39+00:00,0.0,0,0.0,0.0,0.4,0,14.8,854.0,15.1,15.2,90.9,262,285,0,0.1,109,0.9,0.9,15.2,14.2,11.0,1,0.095239551757699,False,NORMAL,Normal environmental conditions,None,Continue monitoring environmental conditions.,LOW
2026-09-01 03:49:48+00:00,0.0,0,0.0,0.1,0.4,0,14.8,853.9,15.1,15.3,90.9,269,364,0,0.3,109,0.7,0.7,15.2,14.2,11.0,1,0.0861052648417735,False,NORMAL,Normal environmental conditions,None,Continue monitoring environmental conditions.,LOW
2026-09-01 04:04:56+00:00,0.0,0,0.0,0.2,0.4,0,14.9,854.0,15.2,15.3,90.1,304,799,0,1.0,109,1.3,1.3,15.3,14.2,11.1,1,0.0414675122388706,False,NORMAL,Normal environmental conditions,None,Continue monitoring environmental conditions.,LOW
2026-09-01 04:20:05+00:00,0.0,0,0.0,0.4,0.4,0,15.2,854.1,15.5,15.6,88.4,333,1121,0,0.9,108,1.1,1.1,15.5,14.2,11.3,1,0.0540339097580926,False,NORMAL,Normal environmental conditions,None,Continue monitoring environmental conditions.,LOW
2026-09-01 04:35:28+00:00,0.0,0,0.0,0.3,0.4,0,15.5,854.4,15.8,15.9,86.6,318,906,0,0.6,109,0.9,0.9,15.9,14.4,11.7,1,0.0892499186019457,False,NORMAL,Normal environmental conditions,None,Continue monitoring environmental conditions.,LOW
2026-09-01 04:50:37+00:00,0.0,0,0.0,0.3,0.4,0,15.5,854.7,15.7,16.0,86.8,314,853,0,0.1,109,0.4,0.4,15.9,14.4,11.7,1,0.088482748003795,False,NORMAL,Normal environmental conditions,None,Continue monitoring environmental conditions.,LOW
2026-09-01 05:06:34+00:00,0.0,0,0.0,0.6,0.4,0,16.0,854.9,16.2,16.4,85.2,359,1382,0,0.5,109,0.9,0.9,16.4,14.7,12.1,1,0.0829819335970855,False,NORMAL,Normal environmental conditions,None,Continue monitoring environmental conditions.,LOW
2026-09-01 05:21:42+00:00,0.0,0,0.0,1.2,0.4,0,17.4,855.1,17.2,17.4,80.8,479,2833,0,1.3,108,2.0,2.0,17.3,15.1,13.1,1,0.0387371416124716,False,NORMAL,Normal environmental conditions,None,Continue monitoring environmental conditions.,LOW
2026-09-01 05:36:51+00:00,0.0,0,0.0,1.5,0.4,0,19.2,855.3,19.4,19.1,74.4,544,3556,0,0.0,109,0.1,0.1,19.1,16.0,14.7,1,0.0726704951252761,False,NORMAL,Normal environmental conditions,None,Continue monitoring environmental conditions.,LOW
2026-09-01 05:51:59+00:00,0.0,0,0.0,2.2,0.4,0,20.3,855.3,20.6,20.5,69.5,678,5173,0,0.3,109,1.0,1.0,20.5,16.7,16.0,1,0.045752252411918,False,NORMAL,Normal environmental conditions,None,Continue monitoring environmental conditions.,LOW
2026-09-01 06:07:08+00:00,0.0,0,0.0,1.3,0.0,0,19.8,855.5,20.4,20.3,67.1,506,2995,0,0.5,109,2.2,2.2,20.2,16.2,15.7,1,0.0726754936448601,False,NORMAL,Normal environmental conditions,None,Continue monitoring environmental conditions.,LOW
2026-09-01 06:22:32+00:00,0.0,0,0.0,0.9,0.0,0,19.1,855.5,19.6,19.6,68.9,432,2174,0,0.4,109,1.1,1.1,19.5,15.8,15.1,1,0.1068286027502182,False,NORMAL,Normal environmental conditions,None,Continue monitoring environmental conditions.,LOW
2026-09-01 06:37:41+00:00,0.0,0,0.0,1.1,0.0,0,18.9,855.6,19.1,18.9,68.1,469,2590,0,0.1,109,0.4,0.4,18.8,15.0,14.5,1,0.0840151548690106,False,NORMAL,Normal environmental conditions,None,Continue monitoring environmental conditions.,LOW
2026-09-01 06:52:50+00:00,0.0,0,0.0,0.9,0.0,0,19.5,855.6,19.6,19.7,67.4,417,2034,0,0.1,109,0.7,0.7,19.6,15.7,15.2,1,0.0972552078471427,False,NORMAL,Normal environmental conditions,None,Continue monitoring environmental conditions.,LOW
2026-09-01 07:07:58+00:00,0.0,0,0.0,1.2,0.0,0,19.4,855.5,19.9,20.0,64.2,482,2720,0,0.9,109,1.5,1.5,19.9,15.6,15.4,1,0.0806583355338037,False,NORMAL,Normal environmental conditions,None,Continue monitoring environmental conditions.,LOW
2026-09-01 07:23:07+00:00,0.0,0,0.0,1.1,0.0,0,19.3,855.5,19.7,19.8,65.4,463,2521,0,0.8,168,1.7,1.7,19.7,15.5,15.3,1,0.0768450308245852,False,NORMAL,Normal environmental conditions,None,Continue monitoring environmental conditions.,LOW
2026-09-01 07:38:35+00:00,0.0,0,0.0,1.4,0.0,0,20.3,855.5,20.6,20.5,63.6,519,3136,0,0.8,258,1.7,1.7,20.4,15.9,15.9,1,0.0520956718786014,False,NORMAL,Normal environmental conditions,None,Continue monitoring environmental conditions.,LOW
2026-09-01 07:53:43+00:00,0.0,0,0.0,1.8,0.0,0,20.1,855.4,20.4,20.1,65.1,587,3817,0,0.5,238,1.1,1.1,20.0,15.8,15.6,1,0.054290727008009,False,NORMAL,Normal environmental conditions,None,Continue monitoring environmental conditions.,LOW
2026-09-01 08:08:53+00:00,0.0,0,0.0,0.9,0.0,0,19.8,855.2,20.1,20.1,63.2,422,2010,0,0.7,113,1.1,1.1,19.9,15.5,15.5,1,0.1014698139430834,False,NORMAL,Normal environmental conditions,None,Continue monitoring environmental conditions.,LOW
2026-09-01 08:24:02+00:00,0.0,0,0.0,1.6,0.0,0,20.1,855.0,20.5,20.5,62.7,564,3498,0,0.2,204,0.7,0.7,20.4,15.8,15.9,1,0.0756458449895248,False,NORMAL,Normal environmental conditions,None,Continue monitoring environmental conditions.,LOW
2026-09-01 08:39:10+00:00,0.0,0,0.0,1.7,0.0,0,21.2,854.9,21.6,21.3,58.7,582,3796,0,1.5,261,2.6,2.6,21.2,16.0,16.6,1,0.0167036763381165,False,NORMAL,Normal environmental conditions,None,Continue monitoring environmental conditions.,LOW
2026-09-01 08:54:44+00:00,0.0,0,0.0,3.1,0.0,0,21.8,854.7,22.1,21.8,58.9,835,6667,0,0.9,251,1.5,1.5,21.7,16.5,17.1,1,0.0215019874826951,False,NORMAL,Normal environmental conditions,None,Continue monitoring environmental conditions.,LOW
2026-09-01 09:09:53+00:00,0.0,0,0.0,2.3,0.0,0,22.2,854.5,22.7,22.8,54.6,690,4983,0,0.5,132,2.2,2.2,22.7,16.8,17.9,1,0.0488236544278718,False,NORMAL,Normal environmental conditions,None,Continue monitoring environmental conditions.,LOW
2026-09-01 09:25:49+00:00,0.0,0,0.0,1.6,0.0,0,21.7,854.3,22.2,22.4,55.0,553,3540,0,0.7,104,1.3,1.3,22.2,16.5,17.5,1,0.0947804650853014,False,NORMAL,Normal environmental conditions,None,Continue monitoring environmental conditions.,LOW
2026-09-01 09:40:58+00:00,0.0,0,0.0,3.4,0.0,0,22.9,854.0,23.3,23.4,53.3,894,7326,0,0.0,104,0.2,0.2,23.3,17.1,18.4,1,0.0319017542766705,False,NORMAL,Normal environmental conditions,None,Continue monitoring environmental conditions.,LOW
2026-09-01 09:56:46+00:00,0.0,0,0.0,1.5,0.0,0,22.6,853.6,23.1,23.1,52.3,546,3420,0,0.6,105,1.1,1.1,23.0,16.7,18.1,1,0.0961219898112765,False,NORMAL,Normal environmental conditions,None,Continue monitoring environmental conditions.,LOW
2026-09-01 10:11:54+00:00,0.0,0,0.0,3.0,0.0,0,23.6,853.2,24.2,24.2,51.4,810,6347,0,1.1,105,2.2,2.2,24.1,17.5,19.0,1,0.0513142579923806,False,NORMAL,Normal environmental conditions,None,Continue monitoring environmental conditions.,LOW
2026-09-01 10:27:50+00:00,0.0,0,0.0,1.1,0.0,0,24.2,853.0,24.7,24.7,49.2,469,2395,0,0.9,105,2.0,2.0,24.6,17.6,19.4,1,0.0949752752864401,False,NORMAL,Normal environmental conditions,None,Continue monitoring environmental conditions.,LOW
2026-09-01 10:42:51+00:00,0.0,0,0.0,2.0,0.0,0,24.8,852.6,25.2,25.0,47.2,633,4251,0,0.5,105,1.7,1.7,24.9,17.6,19.7,1,0.0791411008239745,False,NORMAL,Normal environmental conditions,None,Continue monitoring environmental conditions.,LOW
2026-09-01 10:58:00+00:00,0.0,0,0.0,2.9,0.0,0,24.1,852.4,24.6,24.2,48.8,795,6197,0,1.1,201,1.5,1.5,24.0,17.1,19.0,1,0.0477643553864884,False,NORMAL,Normal environmental conditions,None,Continue monitoring environmental conditions.,LOW
2026-09-01 11:13:09+00:00,0.0,0,0.0,0.9,0.0,0,24.0,852.1,24.5,24.7,47.8,417,2028,0,1.4,167,3.7,3.7,24.5,17.4,19.4,1,0.0326152556347019,False,NORMAL,Normal environmental conditions,None,Continue monitoring environmental conditions.,LOW
2026-09-01 11:28:18+00:00,0.0,0,0.0,1.5,0.0,0,23.2,851.9,23.6,23.7,49.7,535,3256,0,0.6,165,1.5,1.5,23.6,16.8,18.6,1,0.1026392328522642,False,NORMAL,Normal environmental conditions,None,Continue monitoring environmental conditions.,LOW
2026-09-01 11:43:27+00:00,0.0,0,0.0,3.1,0.0,0,24.8,851.7,24.9,24.9,47.6,830,6737,0,0.7,160,2.0,2.0,24.8,17.5,19.6,1,0.0592983811610851,False,NORMAL,Normal environmental conditions,None,Continue monitoring environmental conditions.,LOW
2026-09-01 11:58:50+00:00,0.0,0,0.0,0.9,0.0,0,24.9,851.5,25.4,25.4,45.3,433,2116,0,0.7,167,1.5,1.5,25.3,17.6,20.0,1,0.0915000298407733,False,NORMAL,Normal environmental conditions,None,Continue monitoring environmental conditions.,LOW
2026-09-01 12:14:00+00:00,0.0,0,0.0,2.6,0.0,0,24.4,851.3,24.8,25.1,45.7,750,5840,0,0.2,134,0.7,0.7,24.9,17.4,19.7,1,0.0595955262013309,False,NORMAL,Normal environmental conditions,None,Continue monitoring environmental conditions.,LOW
2026-09-01 12:29:57+00:00,0.0,0,0.0,0.9,0.0,0,26.2,851.2,25.9,27.5,40.4,432,2115,0,0.7,67,1.5,1.5,27.3,18.5,21.5,1,0.0258861205312083,False,NORMAL,Normal environmental conditions,None,Continue monitoring environmental conditions.,LOW
2026-09-01 12:45:06+00:00,0.0,0,0.0,0.6,0.0,0,24.2,851.0,24.4,24.9,45.6,367,1347,0,0.6,71,1.5,1.5,24.8,17.2,19.6,1,0.1036264640598252,False,NORMAL,Normal environmental conditions,None,Continue monitoring environmental conditions.,LOW
2026-09-01 13:00:59+00:00,0.0,0,0.0,2.1,0.0,0,26.1,850.8,26.2,26.9,41.1,649,4847,0,0.2,19,1.1,1.1,26.8,18.1,21.1,1,0.0165222013701145,False,NORMAL,Normal environmental conditions,None,Continue monitoring environmental conditions.,LOW
2026-09-01 13:16:08+00:00,0.0,0,0.0,0.5,0.0,0,25.0,850.9,25.4,25.9,42.6,354,1280,0,0.3,203,1.1,1.1,25.8,17.6,20.4,1,0.0719299372599847,False,NORMAL,Normal environmental conditions,None,Continue monitoring environmental conditions.,LOW
2026-09-01 13:31:18+00:00,0.0,0,0.0,0.3,0.0,0,24.6,850.8,24.9,25.0,44.2,319,931,0,0.3,146,1.3,1.3,24.8,17.0,19.6,1,0.0934098810663194,False,NORMAL,Normal environmental conditions,None,Continue monitoring environmental conditions.,LOW
2026-09-01 13:46:27+00:00,0.0,0,0.0,0.3,0.0,0,24.3,850.8,24.4,24.7,44.3,323,969,0,0.2,119,0.9,0.9,24.5,16.8,19.4,1,0.0946983848572108,False,NORMAL,Normal environmental conditions,None,Continue monitoring environmental conditions.,LOW
2026-09-01 14:01:56+00:00,0.0,0,0.0,0.4,0.0,0,24.3,850.8,24.4,24.6,44.3,341,1150,0,0.3,47,0.7,0.7,24.5,16.8,19.3,1,0.0832051137729872,False,NORMAL,Normal environmental conditions,None,Continue monitoring environmental conditions.,LOW
2026-09-01 14:17:05+00:00,0.0,0,0.0,0.5,0.0,0,24.5,850.9,24.7,24.9,43.7,343,1195,0,0.2,149,0.7,0.7,24.8,16.9,19.6,1,0.0909203513909212,False,NORMAL,Normal environmental conditions,None,Continue monitoring environmental conditions.,LOW
2026-09-01 14:32:14+00:00,0.0,0,0.0,0.3,0.0,0,24.2,850.9,24.4,24.6,43.9,316,862,0,1.0,151,2.2,2.2,24.4,16.7,19.3,1,0.0864172471811123,False,NORMAL,Normal environmental conditions,None,Continue monitoring environmental conditions.,LOW
2026-09-01 14:47:23+00:00,0.0,0,0.0,0.3,0.0,0,24.0,850.9,24.2,24.4,44.3,307,756,0,1.6,178,2.6,2.6,24.2,16.6,19.1,1,0.0564548093609108,False,NORMAL,Normal environmental conditions,None,Continue monitoring environmental conditions.,LOW
2026-09-01 15:02:52+00:00,0.0,0,0.0,0.2,0.0,0,23.9,851.0,24.1,24.2,45.1,291,605,0,0.7,153,1.7,1.7,24.1,16.6,19.0,1,0.1052216786501625,False,NORMAL,Normal environmental conditions,None,Continue monitoring environmental conditions.,LOW
2026-09-01 15:18:01+00:00,0.0,0,0.0,0.1,0.0,0,23.4,851.1,23.6,23.7,47.3,270,351,0,0.2,105,0.7,0.7,23.6,16.5,18.6,1,0.102666471176407,False,NORMAL,Normal environmental conditions,None,Continue monitoring environmental conditions.,LOW
2026-09-01 15:33:10+00:00,0.0,0,0.0,0.0,0.0,0,22.8,851.3,23.0,23.2,48.8,263,275,0,0.5,125,1.7,1.7,23.0,16.2,18.1,1,0.1162163490389613,False,NORMAL,Normal environmental conditions,None,Continue monitoring environmental conditions.,LOW
2026-09-01 15:48:19+00:00,0.0,0,0.0,0.0,0.0,0,22.4,851.5,22.5,22.7,49.9,260,255,0,1.1,143,2.1,2.1,22.5,16.0,17.8,1,0.1088783671165461,False,NORMAL,Normal environmental conditions,None,Continue monitoring environmental conditions.,LOW
2026-09-01 16:04:02+00:00,0.0,0,0.0,0.0,0.0,0,21.9,851.5,22.1,22.2,50.9,260,254,0,0.1,197,0.4,0.4,22.0,15.8,17.3,1,0.1167817351984822,False,NORMAL,Normal environmental conditions,None,Continue monitoring environmental conditions.,LOW
2026-09-01 16:19:12+00:00,0.0,0,0.0,0.0,0.0,0,21.5,851.7,21.7,21.8,51.4,259,254,0,0.1,207,0.4,0.4,21.6,15.5,17.0,1,0.1164868381872228,False,NORMAL,Normal environmental conditions,None,Continue monitoring environmental conditions.,LOW
2026-09-01 16:34:21+00:00,0.0,0,0.0,0.0,0.0,0,21.3,851.8,21.5,21.6,52.1,260,254,0,0.5,150,1.3,1.3,21.4,15.4,16.8,1,0.138680245737502,False,NORMAL,Normal environmental conditions,None,Continue monitoring environmental conditions.,LOW
2026-09-01 16:49:31+00:00,0.0,0,0.0,0.0,0.0,0,21.1,852.0,21.3,21.4,52.9,261,254,0,0.4,141,0.9,0.9,21.2,15.3,16.6,1,0.1367125856214078,False,NORMAL,Normal environmental conditions,None,Continue monitoring environmental conditions.,LOW
2026-09-01 17:04:58+00:00,0.0,0,0.0,0.0,0.0,0,20.9,852.1,21.0,21.2,53.5,260,253,0,1.2,174,1.7,1.7,21.0,15.2,16.4,1,0.1070017343886157,False,NORMAL,Normal environmental conditions,None,Continue monitoring environmental conditions.,LOW
2026-09-01 17:20:07+00:00,0.0,0,0.0,0.0,0.0,0,20.7,852.3,20.9,21.0,54.7,259,253,0,0.3,115,0.9,0.9,20.8,15.2,16.3,1,0.1374791181933101,False,NORMAL,Normal environmental conditions,None,Continue monitoring environmental conditions.,LOW
2026-09-01 17:35:17+00:00,0.0,0,0.0,0.0,0.0,0,20.5,852.4,20.6,20.9,56.1,260,253,0,0.4,184,1.1,1.1,20.7,15.3,16.2,1,0.139825911723813,False,NORMAL,Normal environmental conditions,None,Continue monitoring environmental conditions.,LOW
2026-09-01 17:50:26+00:00,0.0,0,0.0,0.0,0.0,0,20.4,852.6,20.5,20.7,57.5,261,254,0,0.4,190,1.1,1.1,20.5,15.3,16.0,1,0.1422560051032128,False,NORMAL,Normal environmental conditions,None,Continue monitoring environmental conditions.,LOW
2026-09-01 18:05:35+00:00,0.0,0,0.0,0.0,0.0,0,20.2,852.7,20.4,20.5,58.6,260,253,0,0.4,201,1.3,1.3,20.3,15.3,15.9,1,0.139236652623017,False,NORMAL,Normal environmental conditions,None,Continue monitoring environmental conditions.,LOW
2026-09-01 18:21:00+00:00,0.0,0,0.0,0.0,0.0,0,20.1,852.8,20.3,20.5,59.1,260,254,0,1.2,164,2.2,2.2,20.3,15.3,15.8,1,0.109823589591501,False,NORMAL,Normal environmental conditions,None,Continue monitoring environmental conditions.,LOW
2026-09-01 18:36:10+00:00,0.0,0,0.0,0.0,0.0,0,20.0,853.0,20.2,20.4,59.7,261,254,0,1.0,167,1.5,1.5,20.2,15.3,15.8,1,0.1280492058533492,False,NORMAL,Normal environmental conditions,None,Continue monitoring environmental conditions.,LOW
2026-09-01 18:51:20+00:00,0.0,0,0.0,0.0,0.0,0,19.8,853.1,19.9,20.2,61.2,260,253,0,0.2,182,0.7,0.7,20.0,15.3,15.6,1,0.1455250558418314,False,NORMAL,Normal environmental conditions,None,Continue monitoring environmental conditions.,LOW
2026-09-01 19:06:28+00:00,0.0,0,0.0,0.0,0.0,0,19.5,853.3,19.7,19.9,63.1,260,252,0,0.5,170,2.2,2.2,19.8,15.3,15.3,1,0.1255274493680457,False,NORMAL,Normal environmental conditions,None,Continue monitoring environmental conditions.,LOW
2026-09-01 19:21:37+00:00,0.0,0,0.0,0.0,0.0,0,19.3,853.5,19.5,19.8,64.0,260,254,0,0.3,149,1.2,1.2,19.6,15.3,15.2,1,0.1449893196986774,False,NORMAL,Normal environmental conditions,None,Continue monitoring environmental conditions.,LOW
2026-09-01 19:37:04+00:00,0.0,0,0.0,0.0,0.0,0,19.1,853.7,19.2,19.5,66.3,260,254,0,0.7,122,2.0,2.0,19.4,15.4,15.0,1,0.1363589909497818,False,NORMAL,Normal environmental conditions,None,Continue monitoring environmental conditions.,LOW
2026-09-01 19:52:10+00:00,0.0,0,0.0,0.0,0.0,0,18.8,853.8,19.0,19.3,68.0,261,252,0,0.2,93,0.7,0.7,19.2,15.4,14.8,1,0.1526657332731493,False,NORMAL,Normal environmental conditions,None,Continue monitoring environmental conditions.,LOW
2026-09-01 20:07:20+00:00,0.0,0,0.0,0.0,0.0,0,18.5,853.8,18.7,18.9,70.1,261,253,0,0.0,148,0.2,0.2,18.8,15.3,14.5,1,0.1488565336554359,False,NORMAL,Normal environmental conditions,None,Continue monitoring environmental conditions.,LOW
2026-09-01 20:22:29+00:00,0.0,0,0.0,0.0,0.0,0,18.3,853.7,18.5,18.8,71.7,261,252,0,0.8,188,1.7,1.7,18.7,15.3,14.3,1,0.1309367474235338,False,NORMAL,Normal environmental conditions,None,Continue monitoring environmental conditions.,LOW
2026-09-01 20:37:39+00:00,0.0,0,0.0,0.0,0.0,0,18.0,853.6,18.2,18.5,73.1,261,254,0,1.4,185,2.6,2.6,18.4,15.3,14.1,1,0.0764159333930336,False,NORMAL,Normal environmental conditions,None,Continue monitoring environmental conditions.,LOW
2026-09-01 20:53:07+00:00,0.0,0,0.0,0.0,0.0,0,17.8,853.5,18.0,18.2,74.3,261,253,0,0.2,114,0.7,0.7,18.1,15.1,13.8,1,0.1621441635976291,False,NORMAL,Normal environmental conditions,None,Continue monitoring environmental conditions.,LOW
2026-09-01 21:08:17+00:00,0.0,0,0.0,0.0,0.0,0,17.5,853.4,17.6,17.9,75.7,259,253,0,0.5,187,1.1,1.1,17.8,15.0,13.5,1,0.1537138526169393,False,NORMAL,Normal environmental conditions,None,Continue monitoring environmental conditions.,LOW
2026-09-01 21:23:26+00:00,0.0,0,0.0,0.0,0.0,0,17.2,853.3,17.4,17.6,77.2,261,255,0,0.3,186,0.9,0.9,17.5,14.9,13.3,1,0.1606845792495786,False,NORMAL,Normal environmental conditions,None,Continue monitoring environmental conditions.,LOW
2026-09-01 21:38:36+00:00,0.0,0,0.0,0.0,0.0,0,17.1,853.1,17.3,17.5,77.7,260,253,0,0.1,105,0.7,0.7,17.4,14.9,13.2,1,0.1725006433983247,False,NORMAL,Normal environmental conditions,None,Continue monitoring environmental conditions.,LOW
2026-09-01 21:53:46+00:00,0.0,0,0.0,0.0,0.0,0,17.0,852.9,17.2,17.4,78.5,260,253,0,0.3,171,1.3,1.3,17.3,14.9,13.1,1,0.1682771896166938,False,NORMAL,Normal environmental conditions,None,Continue monitoring environmental conditions.,LOW
2026-09-01 22:09:09+00:00,0.0,0,0.0,0.0,0.0,0,16.8,852.8,17.0,17.3,80.0,261,253,0,0.4,110,1.1,1.1,17.2,14.9,13.0,1,0.1724796263709103,False,NORMAL,Normal environmental conditions,None,Continue monitoring environmental conditions.,LOW
2026-09-01 22:24:18+00:00,0.0,0,0.0,0.0,0.0,0,16.6,852.6,16.7,17.0,81.1,259,253,0,0.6,106,1.3,1.3,17.0,14.8,12.7,1,0.1635514180110558,False,NORMAL,Normal environmental conditions,None,Continue monitoring environmental conditions.,LOW
2026-09-01 22:39:27+00:00,0.0,0,0.0,0.0,0.0,0,16.5,852.5,16.6,16.9,81.7,261,254,0,0.3,194,1.3,1.3,16.8,14.7,12.6,1,0.1607665728294879,False,NORMAL,Normal environmental conditions,None,Continue monitoring environmental conditions.,LOW
2026-09-01 22:54:36+00:00,0.0,0,0.0,0.0,0.0,0,16.3,852.4,16.5,16.8,82.0,260,253,0,0.0,193,0.0,0.0,16.7,14.6,12.5,1,0.168197534899076,False,NORMAL,Normal environmental conditions,None,Continue monitoring environmental conditions.,LOW
2026-09-01 23:09:45+00:00,0.0,0,0.0,0.0,0.0,0,16.3,852.5,16.5,16.7,82.2,260,254,0,0.0,194,0.0,0.0,16.7,14.6,12.5,1,0.1664911614461475,False,NORMAL,Normal environmental conditions,None,Continue monitoring environmental conditions.,LOW
2026-09-01 23:25:12+00:00,0.0,0,0.0,0.0,0.0,0,16.4,852.4,16.5,16.8,82.0,260,253,0,0.0,194,0.2,0.2,16.7,14.7,12.5,1,0.1669468578043459,False,NORMAL,Normal environmental conditions,None,Continue monitoring environmental conditions.,LOW
2026-09-01 23:40:21+00:00,0.0,0,0.0,0.0,0.0,0,16.4,852.4,16.5,16.8,82.2,261,254,0,1.1,194,1.7,1.7,16.7,14.7,12.5,1,0.1112139164483185,False,NORMAL,Normal environmental conditions,None,Continue monitoring environmental conditions.,LOW
2026-09-01 23:55:30+00:00,0.0,0,0.0,0.0,0.0,0,16.3,852.3,16.4,16.7,83.2,260,253,0,0.3,194,0.7,0.7,16.7,14.7,12.5,1,0.1697151398101302,False,NORMAL,Normal environmental conditions,None,Continue monitoring environmental conditions.,LOW
2026-09-02 00:00:32+00:00,0.0,0,0.0,0.0,0.0,0,16.2,852.2,16.4,16.7,83.6,260,253,0,0.2,194,0.4,0.4,16.6,14.7,12.4,1,0.1622838520958229,False,NORMAL,Normal environmental conditions,None,Continue monitoring environmental conditions.,LOW
2026-09-02 00:15:42+00:00,0.0,0,0.0,0.0,0.0,0,16.2,852.2,16.3,16.6,84.0,260,253,0,0.2,194,0.7,0.7,16.6,14.7,12.3,1,0.1610930195004578,False,NORMAL,Normal environmental conditions,None,Continue monitoring environmental conditions.,LOW
2026-09-02 00:31:16+00:00,0.0,0,0.0,0.0,0.0,0,16.1,852.2,16.3,16.6,84.2,261,254,0,0.1,194,0.4,0.4,16.6,14.7,12.3,1,0.1606290936154784,False,NORMAL,Normal environmental conditions,None,Continue monitoring environmental conditions.,LOW
2026-09-02 00:47:08+00:00,0.0,0,0.0,0.0,0.0,0,16.2,852.3,16.3,16.6,83.7,260,253,0,0.3,194,0.7,0.7,16.5,14.7,12.3,1,0.1613938976053571,False,NORMAL,Normal environmental conditions,None,Continue monitoring environmental conditions.,LOW
2026-09-02 01:02:32+00:00,0.0,0,0.0,0.0,0.0,0,16.1,852.3,16.2,16.5,84.9,260,254,0,0.7,194,1.1,1.1,16.5,14.8,12.3,1,0.1396747111939121,False,NORMAL,Normal environmental conditions,None,Continue monitoring environmental conditions.,LOW
2026-09-02 01:17:41+00:00,0.0,0,0.0,0.0,0.0,0,15.9,852.5,16.2,16.4,86.0,261,252,0,0.1,194,0.4,0.4,16.4,14.7,12.2,1,0.1590475902186314,False,NORMAL,Normal environmental conditions,None,Continue monitoring environmental conditions.,LOW
2026-09-02 01:32:50+00:00,0.0,0,0.0,0.0,0.0,0,15.9,852.7,16.1,16.3,86.4,260,253,0,0.7,194,1.2,1.2,16.3,14.7,12.1,1,0.1356250469077352,False,NORMAL,Normal environmental conditions,None,Continue monitoring environmental conditions.,LOW
2026-09-02 01:48:00+00:00,0.0,0,0.0,0.0,0.0,0,15.9,852.9,16.2,16.3,86.7,260,254,0,0.6,194,0.9,0.9,16.3,14.8,12.1,1,0.1393692500661986,False,NORMAL,Normal environmental conditions,None,Continue monitoring environmental conditions.,LOW
2026-09-02 02:03:10+00:00,0.0,0,0.0,0.0,0.0,0,15.9,852.9,16.2,16.3,86.5,260,253,0,0.1,194,0.4,0.4,16.3,14.7,12.1,1,0.1564697257630286,False,NORMAL,Normal environmental conditions,None,Continue monitoring environmental conditions.,LOW
2026-09-02 02:18:36+00:00,0.0,0,0.0,0.0,0.0,0,15.8,853.1,16.1,16.2,86.3,259,253,0,0.0,194,0.2,0.2,16.2,14.6,12.0,1,0.1506459002038105,False,NORMAL,Normal environmental conditions,None,Continue monitoring environmental conditions.,LOW
2026-09-02 02:33:45+00:00,0.0,0,0.0,0.0,0.0,0,15.7,853.1,16.1,16.2,86.3,260,254,0,0.1,194,0.4,0.4,16.1,14.6,11.9,1,0.151492076444445,False,NORMAL,Normal environmental conditions,None,Continue monitoring environmental conditions.,LOW
2026-09-02 02:48:55+00:00,0.0,0,0.0,0.0,0.0,0,15.7,853.2,16.0,16.1,86.3,262,253,0,0.0,153,0.4,0.4,16.1,14.5,11.9,1,0.153269872791376,False,NORMAL,Normal environmental conditions,None,Continue monitoring environmental conditions.,LOW
2026-09-02 03:04:05+00:00,0.0,0,0.0,0.0,0.0,0,15.6,853.2,16.0,16.1,86.3,260,253,0,0.1,89,0.4,0.4,16.0,14.5,11.8,1,0.1506783646255207,False,NORMAL,Normal environmental conditions,None,Continue monitoring environmental conditions.,LOW
2026-09-02 03:19:31+00:00,0.0,0,0.0,0.0,0.0,0,15.6,853.2,15.9,16.0,86.2,261,258,0,0.0,92,0.0,0.0,16.0,14.4,11.8,1,0.1504983411201713,False,NORMAL,Normal environmental conditions,None,Continue monitoring environmental conditions.,LOW
2026-09-02 03:34:40+00:00,0.0,0,0.0,0.0,0.0,0,15.6,853.2,15.9,16.0,86.1,262,271,0,0.0,163,0.2,0.2,16.0,14.4,11.8,1,0.1469944811940169,False,NORMAL,Normal environmental conditions,None,Continue monitoring environmental conditions.,LOW
2026-09-02 03:49:51+00:00,0.0,0,0.0,0.0,0.0,0,15.6,853.4,15.9,16.0,86.2,265,317,0,0.1,163,0.7,0.7,16.0,14.4,11.8,1,0.1373499235344278,False,NORMAL,Normal environmental conditions,None,Continue monitoring environmental conditions.,LOW
2026-09-02 04:05:00+00:00,0.0,0,0.0,0.1,0.0,0,15.7,853.5,16.0,16.1,86.1,277,439,0,0.4,163,0.7,0.7,16.1,14.5,11.9,1,0.1326903572121151,False,NORMAL,Normal environmental conditions,None,Continue monitoring environmental conditions.,LOW
2026-09-02 04:20:09+00:00,0.0,0,0.0,0.2,0.0,0,15.8,853.7,16.1,16.2,86.0,290,596,0,0.3,163,0.7,0.7,16.2,14.6,12.0,1,0.1283336541491249,False,NORMAL,Normal environmental conditions,None,Continue monitoring environmental conditions.,LOW
2026-09-02 04:35:34+00:00,0.0,0,0.0,0.2,0.0,0,16.1,853.9,16.3,16.5,85.1,302,712,0,0.2,163,0.4,0.4,16.5,14.7,12.2,1,0.1246955265077114,False,NORMAL,Normal environmental conditions,None,Continue monitoring environmental conditions.,LOW
2026-09-02 04:50:44+00:00,0.0,0,0.0,0.3,0.0,0,16.4,854.1,16.5,16.8,84.1,314,857,0,0.1,163,0.7,0.7,16.7,14.9,12.5,1,0.1324696940711517,False,NORMAL,Normal environmental conditions,None,Continue monitoring environmental conditions.,LOW
2026-09-02 05:05:53+00:00,0.0,0,0.0,0.4,0.0,0,16.3,854.3,16.5,16.8,83.6,332,1050,0,0.1,163,0.4,0.4,16.7,14.8,12.5,1,0.1235560057548589,False,NORMAL,Normal environmental conditions,None,Continue monitoring environmental conditions.,LOW
2026-09-02 05:21:02+00:00,0.0,0,0.0,0.5,0.0,0,16.5,854.4,16.8,17.0,82.4,344,1224,0,0.8,163,1.4,1.4,17.0,14.9,12.7,1,0.1026506805224032,False,NORMAL,Normal environmental conditions,None,Continue monitoring environmental conditions.,LOW
2026-09-02 05:36:12+00:00,0.0,0,0.0,0.5,0.0,0,16.7,854.7,16.9,17.2,81.1,347,1250,0,1.1,163,2.2,2.2,17.1,15.0,12.9,1,0.0650820176363658,False,NORMAL,Normal environmental conditions,None,Continue monitoring environmental conditions.,LOW
2026-09-02 05:51:37+00:00,0.0,0,0.0,0.6,0.0,0,17.0,854.7,17.2,17.4,80.5,376,1587,0,0.1,171,0.4,0.4,17.4,15.1,13.1,1,0.1086322823828048,False,NORMAL,Normal environmental conditions,None,Continue monitoring environmental conditions.,LOW
2026-09-02 06:06:47+00:00,0.0,0,0.0,0.8,0.0,0,17.4,854.9,17.8,17.9,77.8,412,1970,0,0.2,172,0.7,0.7,17.8,15.3,13.6,1,0.1042786831730451,False,NORMAL,Normal environmental conditions,None,Continue monitoring environmental conditions.,LOW
2026-09-02 06:21:56+00:00,0.0,0,0.0,1.0,0.0,0,18.8,854.8,19.1,19.2,73.0,439,2261,0,0.3,172,0.9,0.9,19.2,15.9,14.8,1,0.1125828874723579,False,NORMAL,Normal environmental conditions,None,Continue monitoring environmental conditions.,LOW
2026-09-02 06:37:06+00:00,0.0,0,0.0,0.8,0.0,0,18.9,854.7,19.2,19.3,71.0,400,1865,0,0.2,172,0.7,0.7,19.2,15.8,14.9,1,0.1148397603346696,False,NORMAL,Normal environmental conditions,None,Continue monitoring environmental conditions.,LOW
2026-09-02 06:52:15+00:00,0.0,0,0.0,1.8,0.0,0,20.6,854.7,20.8,20.8,68.1,591,3879,0,0.4,172,0.9,0.9,20.8,16.8,16.2,1,0.0929680860518804,False,NORMAL,Normal environmental conditions,None,Continue monitoring environmental conditions.,LOW
2026-09-02 07:07:41+00:00,0.0,0,0.0,3.2,0.0,0,21.2,854.4,20.8,20.8,64.1,862,7257,0,0.8,172,1.3,1.3,20.7,16.3,16.2,1,0.0320877042822929,False,NORMAL,Normal environmental conditions,None,Continue monitoring environmental conditions.,LOW
2026-09-02 07:22:50+00:00,0.0,0,0.0,1.0,0.0,0,20.2,854.4,20.1,20.1,65.1,452,2420,0,0.3,200,0.8,0.8,20.0,15.8,15.6,1,0.1070220557890712,False,NORMAL,Normal environmental conditions,None,Continue monitoring environmental conditions.,LOW
2026-09-02 07:38:00+00:00,0.0,0,0.0,1.2,0.0,0,21.1,854.3,21.6,21.6,58.9,476,2633,0,0.8,200,1.3,1.3,21.5,16.3,16.8,1,0.0988090655975219,False,NORMAL,Normal environmental conditions,None,Continue monitoring environmental conditions.,LOW
2026-09-02 07:53:09+00:00,0.0,0,0.0,3.6,0.0,0,21.8,854.2,21.9,22.1,57.5,921,7818,0,0.3,200,1.1,1.1,22.0,16.5,17.3,1,0.0279245297355642,False,NORMAL,Normal environmental conditions,None,Continue monitoring environmental conditions.,LOW
2026-09-02 08:08:18+00:00,0.0,0,0.0,1.8,0.0,0,22.7,854.0,23.2,22.9,54.1,600,3917,0,0.4,197,1.3,1.3,22.8,16.8,18.0,1,0.0839778907225041,False,NORMAL,Normal environmental conditions,None,Continue monitoring environmental conditions.,LOW
2026-09-02 08:23:44+00:00,0.0,0,0.0,4.1,0.0,0,22.5,853.9,23.1,23.2,53.3,1013,8830,0,0.7,197,1.3,1.3,23.1,16.9,18.2,1,0.0258072781046468,False,NORMAL,Normal environmental conditions,None,Continue monitoring environmental conditions.,LOW
2026-09-02 08:38:53+00:00,0.0,0,0.0,3.7,0.0,0,24.0,853.7,24.4,24.7,49.2,954,8047,0,0.2,124,0.7,0.7,24.6,17.6,19.5,1,0.0221714264143169,False,NORMAL,Normal environmental conditions,None,Continue monitoring environmental conditions.,LOW
2026-09-02 08:54:02+00:00,0.0,0,0.0,4.0,0.0,0,24.0,853.5,24.8,24.8,48.5,1001,8566,0,0.4,200,1.1,1.1,24.6,17.5,19.5,1,0.0213915629733254,False,NORMAL,Normal environmental conditions,None,Continue monitoring environmental conditions.,LOW
2026-09-02 09:09:11+00:00,0.0,0,0.0,3.9,0.0,0,24.4,853.3,24.9,24.9,47.0,981,8357,0,0.9,60,2.0,2.0,24.7,17.4,19.6,1,0.0173973461180138,False,NORMAL,Normal environmental conditions,None,Continue monitoring environmental conditions.,LOW
2026-09-02 09:24:53+00:00,0.0,0,0.0,4.0,0.0,0,24.1,853.1,24.9,24.5,46.7,997,8530,0,0.6,192,1.7,1.7,24.4,17.1,19.3,1,0.0247462980395509,False,NORMAL,Normal environmental conditions,None,Continue monitoring environmental conditions.,LOW
2026-09-02 09:40:01+00:00,0.0,0,0.0,1.1,0.0,0,24.3,852.8,24.9,24.5,46.5,467,2338,0,0.8,192,1.5,1.5,24.3,17.0,19.2,1,0.0896970982369943,False,NORMAL,Normal environmental conditions,None,Continue monitoring environmental conditions.,LOW
2026-09-02 09:55:10+00:00,0.0,0,0.0,3.1,0.0,0,24.7,852.5,25.3,24.6,47.5,840,6699,0,0.7,197,1.9,1.9,24.5,17.3,19.4,1,0.045880160588661,False,NORMAL,Normal environmental conditions,None,Continue monitoring environmental conditions.,LOW
2026-09-02 10:10:18+00:00,0.0,0,0.0,3.7,0.0,0,24.8,852.3,25.6,25.7,44.2,939,7828,0,0.5,183,1.3,1.3,25.6,17.7,20.2,1,0.021442204271928,False,NORMAL,Normal environmental conditions,None,Continue monitoring environmental conditions.,LOW
2026-09-02 10:25:26+00:00,0.0,0,0.0,3.7,0.0,0,26.1,851.9,26.7,26.6,41.5,954,8045,0,0.3,165,0.9,0.9,26.5,18.0,20.9,-1,-0.0125650476566649,True,NORMAL,Heat and dryness anomaly,"Above-normal heat conditions, Unusually low humidity",Monitor heat conditions. Monitor dry conditions and potential vegetation stress.,HIGH
2026-09-02 10:40:50+00:00,0.0,0,0.0,3.4,0.0,0,26.7,851.6,27.1,27.3,39.3,891,7304,0,1.2,145,2.6,2.6,27.0,18.1,21.3,-1,-0.0090736923840999,True,NORMAL,Heat and dryness anomaly,"Elevated heat conditions, Unusually low humidity, Elevated wind gust, Unusually high temperature",Monitor heat exposure and maintain hydration. Monitor dry conditions and potential vegetation stress. Monitor exposed areas and unsecured infrastructure.,HIGH
2026-09-02 10:55:59+00:00,0.0,0,0.0,3.5,0.0,0,26.9,851.4,26.8,27.5,38.9,904,7505,0,0.2,53,0.7,0.7,27.2,18.2,21.4,-1,-0.0303204303631277,True,NORMAL,Heat and dryness anomaly,"Elevated heat conditions, Unusually low humidity, Unusually high temperature",Monitor heat exposure and maintain hydration. Monitor dry conditions and potential vegetation stress.,HIGH
2026-09-02 11:11:07+00:00,0.0,0,0.0,3.4,0.0,0,27.5,851.2,28.0,28.4,36.2,889,7304,0,1.5,139,3.5,3.5,27.7,18.4,21.8,-1,-0.0628133579453684,True,WARNING,Heat and dryness anomaly,"Elevated heat conditions, Unusually low humidity, Elevated wind gust, Unusually high temperature",Monitor heat exposure and maintain hydration. Monitor dry conditions and potential vegetation stress. Monitor exposed areas and unsecured infrastructure.,HIGH
2026-09-02 11:26:15+00:00,0.0,0,0.0,3.2,0.0,0,28.5,850.8,28.8,29.2,35.1,851,6916,0,0.1,139,0.4,0.4,28.4,18.9,22.3,-1,-0.064854914067543,True,WARNING,Heat and dryness anomaly,"Elevated heat conditions, Unusually low humidity, Unusually high temperature",Monitor heat exposure and maintain hydration. Monitor dry conditions and potential vegetation stress.,HIGH
2026-09-02 11:41:23+00:00,0.0,0,0.0,3.0,0.0,0,27.1,850.8,27.3,27.9,36.4,822,6588,0,0.9,43,2.0,2.0,27.3,18.0,21.5,-1,-0.0155876637706592,True,NORMAL,Heat and dryness anomaly,"Elevated heat conditions, Unusually low humidity, Unusually high temperature",Monitor heat exposure and maintain hydration. Monitor dry conditions and potential vegetation stress.,HIGH
2026-09-02 11:56:32+00:00,0.0,0,0.0,0.7,0.0,0,27.1,850.6,27.7,27.9,36.4,380,1441,0,0.0,173,0.2,0.2,27.4,18.1,21.5,-1,-0.0176591483778977,True,NORMAL,Heat and dryness anomaly,"Elevated heat conditions, Unusually low humidity, Unusually high temperature",Monitor heat exposure and maintain hydration. Monitor dry conditions and potential vegetation stress.,HIGH
2026-09-02 12:11:53+00:00,0.0,0,0.0,2.5,0.0,0,27.8,850.3,28.0,28.9,36.3,714,5422,0,1.2,165,2.8,2.8,28.2,18.8,22.2,-1,-0.0474896769084144,True,NORMAL,Heat and dryness anomaly,"Elevated heat conditions, Unusually low humidity, Elevated wind gust, Unusually high temperature",Monitor heat exposure and maintain hydration. Monitor dry conditions and potential vegetation stress. Monitor exposed areas and unsecured infrastructure.,HIGH
2026-09-02 12:27:01+00:00,0.0,0,0.0,2.4,0.0,0,27.5,850.3,27.5,28.1,37.6,697,5251,0,1.0,83,2.0,2.0,27.6,18.5,21.8,1,0.0028547114309195,False,NORMAL,Normal environmental conditions,None,Continue monitoring environmental conditions.,LOW
2026-09-02 12:42:09+00:00,0.0,0,0.0,1.9,0.0,0,27.3,850.2,27.6,28.2,38.3,618,4338,0,1.1,57,2.0,2.0,27.8,18.7,21.9,-1,-0.0111853117042807,True,NORMAL,Heat and dryness anomaly,"Elevated heat conditions, Unusually low humidity, Unusually high temperature",Monitor heat exposure and maintain hydration. Monitor dry conditions and potential vegetation stress.,HIGH
2026-09-02 12:57:18+00:00,0.0,0,0.0,1.7,0.0,0,28.2,850.2,28.6,29.3,35.9,573,3798,0,0.4,112,2.0,2.0,28.5,19.1,22.4,-1,-0.0361894273119948,True,NORMAL,Heat and dryness anomaly,"Elevated heat conditions, Unusually low humidity, Unusually high temperature",Monitor heat exposure and maintain hydration. Monitor dry conditions and potential vegetation stress.,HIGH
2026-09-02 13:12:27+00:00,0.0,0,0.0,1.0,0.0,0,26.9,850.1,27.3,27.8,38.7,452,2351,0,0.3,135,1.1,1.1,27.4,18.4,21.6,1,0.0239076450702632,False,NORMAL,Normal environmental conditions,None,Continue monitoring environmental conditions.,LOW
2026-09-02 13:27:55+00:00,0.0,0,0.0,1.3,0.0,0,26.4,849.9,26.7,27.2,39.1,506,3113,0,0.4,139,1.1,1.1,27.0,18.0,21.3,1,0.0425590985582807,False,NORMAL,Normal environmental conditions,None,Continue monitoring environmental conditions.,LOW
2026-09-02 13:43:03+00:00,0.0,0,0.0,0.9,0.0,0,26.4,850.1,26.8,27.2,38.3,424,2110,0,0.2,150,1.2,1.2,26.9,17.9,21.2,1,0.0322582889656629,False,NORMAL,Normal environmental conditions,None,Continue monitoring environmental conditions.,LOW
2026-09-02 13:58:12+00:00,0.0,0,0.0,0.8,0.0,0,26.2,850.0,26.6,27.1,38.6,410,1993,0,1.3,75,2.8,2.8,26.9,17.9,21.2,1,0.0187658422672505,False,NORMAL,Normal environmental conditions,None,Continue monitoring environmental conditions.,LOW
2026-09-02 14:13:21+00:00,0.0,0,0.0,0.6,0.0,0,25.9,850.0,26.3,26.9,39.1,374,1592,0,1.0,69,1.7,1.7,26.8,17.8,21.1,1,0.0422384531677593,False,NORMAL,Normal environmental conditions,None,Continue monitoring environmental conditions.,LOW
2026-09-02 14:28:30+00:00,0.0,0,0.0,0.4,0.0,0,25.1,850.2,25.4,25.7,41.0,326,976,0,0.4,136,1.1,1.1,25.5,17.1,20.2,1,0.0806354956776616,False,NORMAL,Normal environmental conditions,None,Continue monitoring environmental conditions.,LOW
2026-09-02 14:43:58+00:00,0.0,0,0.0,0.3,0.0,0,24.7,850.4,24.9,25.1,42.3,305,733,0,0.9,137,2.2,2.2,25.0,16.9,19.7,1,0.0817247615349468,False,NORMAL,Normal environmental conditions,None,Continue monitoring environmental conditions.,LOW
2026-09-02 14:59:06+00:00,0.0,0,0.0,0.2,0.0,0,24.3,850.5,24.5,24.7,42.7,284,481,0,0.4,131,1.3,1.3,24.5,16.6,19.4,1,0.09642306942532,False,NORMAL,Normal environmental conditions,None,Continue monitoring environmental conditions.,LOW
2026-09-02 15:14:14+00:00,0.0,0,0.0,0.1,0.0,0,23.7,850.5,23.9,24.0,44.7,273,357,0,0.3,148,0.9,0.9,23.8,16.3,18.8,1,0.0967933680452301,False,NORMAL,Normal environmental conditions,None,Continue monitoring environmental conditions.,LOW
2026-09-02 15:29:22+00:00,0.0,0,0.0,0.0,0.0,0,23.2,850.6,23.4,23.5,45.8,264,287,0,0.7,129,2.0,2.0,23.3,16.1,18.4,1,0.1109039125794094,False,NORMAL,Normal environmental conditions,None,Continue monitoring environmental conditions.,LOW
2026-09-02 15:44:31+00:00,0.0,0,0.0,0.0,0.0,0,22.7,850.8,22.9,23.1,45.9,260,258,0,0.2,126,1.3,1.3,22.9,15.7,18.0,1,0.1051175161410501,False,NORMAL,Normal environmental conditions,None,Continue monitoring environmental conditions.,LOW
2026-09-02 15:59:40+00:00,0.0,0,0.0,0.0,0.0,0,22.3,850.9,22.4,22.6,46.6,260,253,0,0.5,108,1.1,1.1,22.4,15.4,17.6,1,0.1142752205516591,False,NORMAL,Normal environmental conditions,None,Continue monitoring environmental conditions.,LOW
2026-09-02 16:15:01+00:00,0.0,0,0.0,0.0,0.0,0,21.9,851.1,22.1,22.3,47.7,261,253,0,0.0,139,0.0,0.0,22.0,15.3,17.3,1,0.1033157835803326,False,NORMAL,Normal environmental conditions,None,Continue monitoring environmental conditions.,LOW
2026-09-02 16:30:10+00:00,0.0,0,0.0,0.0,0.0,0,21.7,851.1,21.8,22.0,48.6,261,254,0,0.8,119,2.0,2.0,21.7,15.2,17.1,1,0.1142162665332411,False,NORMAL,Normal environmental conditions,None,Continue monitoring environmental conditions.,LOW
2026-09-02 16:45:18+00:00,0.0,0,0.0,0.0,0.0,0,21.5,851.3,21.7,21.9,49.4,259,253,0,0.0,143,0.2,0.2,21.6,15.2,17.0,1,0.1100761029681154,False,NORMAL,Normal environmental conditions,None,Continue monitoring environmental conditions.,LOW
2026-09-02 17:00:27+00:00,0.0,0,0.0,0.0,0.0,0,21.0,851.5,21.2,21.4,52.0,262,252,0,0.5,143,1.3,1.3,21.2,15.2,16.6,1,0.1313481932161206,False,NORMAL,Normal environmental conditions,None,Continue monitoring environmental conditions.,LOW
2026-09-02 17:15:35+00:00,0.0,0,0.0,0.0,0.0,0,20.6,851.8,20.9,21.0,53.9,261,254,0,0.5,144,1.5,1.5,20.8,15.1,16.3,1,0.1359856518434404,False,NORMAL,Normal environmental conditions,None,Continue monitoring environmental conditions.,LOW
2026-09-02 17:31:04+00:00,0.0,0,0.0,0.0,0.0,0,20.3,851.9,20.5,20.7,55.1,261,253,0,0.4,149,1.5,1.5,20.5,15.0,16.0,1,0.1362730837441664,False,NORMAL,Normal environmental conditions,None,Continue monitoring environmental conditions.,LOW
2026-09-02 17:46:13+00:00,0.0,0,0.0,0.0,0.0,0,20.0,852.0,20.2,20.4,56.2,260,254,0,0.5,148,2.0,2.0,20.2,14.9,15.7,1,0.1342575909379867,False,NORMAL,Normal environmental conditions,None,Continue monitoring environmental conditions.,LOW
2026-09-02 18:01:13+00:00,0.0,0,0.0,0.0,0.0,0,19.7,852.2,19.9,20.1,57.3,261,254,0,0.0,118,0.2,0.2,19.9,14.8,15.5,1,0.1322441458575497,False,NORMAL,Normal environmental conditions,None,Continue monitoring environmental conditions.,LOW
2026-09-02 18:16:21+00:00,0.0,0,0.0,0.0,0.0,0,19.4,852.4,19.6,19.8,58.5,260,253,0,0.0,113,0.4,0.4,19.6,14.6,15.2,1,0.132257837895649,False,NORMAL,Normal environmental conditions,None,Continue monitoring environmental conditions.,LOW
2026-09-02 18:31:30+00:00,0.0,0,0.0,0.0,0.0,0,19.2,852.5,19.3,19.6,59.3,261,253,0,0.0,133,0.0,0.0,19.4,14.5,15.0,1,0.1342071326520524,False,NORMAL,Normal environmental conditions,None,Continue monitoring environmental conditions.,LOW
2026-09-02 18:46:39+00:00,0.0,0,0.0,0.0,0.0,0,19.0,852.5,19.2,19.4,60.1,260,253,0,0.5,190,1.3,1.3,19.2,14.5,14.8,1,0.1411777927771589,False,NORMAL,Normal environmental conditions,None,Continue monitoring environmental conditions.,LOW
2026-09-02 19:02:08+00:00,0.0,0,0.0,0.0,0.0,0,18.8,852.6,18.9,19.2,60.9,259,253,0,0.4,144,1.3,1.3,18.9,14.4,14.6,1,0.1438266432797901,False,NORMAL,Normal environmental conditions,None,Continue monitoring environmental conditions.,LOW
2026-09-02 19:17:17+00:00,0.0,0,0.0,0.0,0.0,0,18.6,852.6,18.8,18.9,62.1,261,253,0,0.0,145,0.0,0.0,18.7,14.3,14.4,1,0.1418588513108019,False,NORMAL,Normal environmental conditions,None,Continue monitoring environmental conditions.,LOW
2026-09-02 19:32:17+00:00,0.0,0,0.0,0.0,0.0,0,18.3,852.7,18.4,18.6,63.0,261,253,0,0.1,145,0.2,0.2,18.4,14.2,14.1,1,0.1448373037868784,False,NORMAL,Normal environmental conditions,None,Continue monitoring environmental conditions.,LOW
2026-09-02 19:47:26+00:00,0.0,0,0.0,0.0,0.0,0,18.1,852.8,18.2,18.5,63.3,259,253,0,0.0,137,0.0,0.0,18.3,14.1,14.0,1,0.1347149914980031,False,NORMAL,Normal environmental conditions,None,Continue monitoring environmental conditions.,LOW
2026-09-02 20:02:35+00:00,0.0,0,0.0,0.0,0.0,0,17.6,852.9,17.6,17.9,65.5,260,254,0,0.4,137,1.1,1.1,17.6,13.7,13.4,1,0.1386538452234231,False,NORMAL,Normal environmental conditions,None,Continue monitoring environmental conditions.,LOW
2026-09-02 20:17:44+00:00,0.0,0,0.0,0.0,0.0,0,17.3,853.0,17.4,17.6,66.0,260,253,0,0.0,137,0.0,0.0,17.4,13.6,13.2,1,0.1380572313184115,False,NORMAL,Normal environmental conditions,None,Continue monitoring environmental conditions.,LOW
2026-09-02 20:33:13+00:00,0.0,0,0.0,0.0,0.0,0,16.7,853.0,16.7,17.1,68.4,260,253,0,0.0,137,0.0,0.0,16.8,13.4,12.6,1,0.139122603213579,False,NORMAL,Normal environmental conditions,None,Continue monitoring environmental conditions.,LOW
2026-09-02 20:48:22+00:00,0.0,0,0.0,0.0,0.0,0,16.5,852.8,16.7,16.9,70.6,261,253,0,0.0,137,0.0,0.0,16.7,13.4,12.4,1,0.1414823420417314,False,NORMAL,Normal environmental conditions,None,Continue monitoring environmental conditions.,LOW
2026-09-02 21:03:32+00:00,0.0,0,0.0,0.0,0.0,0,16.2,852.6,16.3,16.5,72.2,260,254,0,0.0,137,0.0,0.0,16.3,13.3,12.1,1,0.1380719678516295,False,NORMAL,Normal environmental conditions,None,Continue monitoring environmental conditions.,LOW
2026-09-02 21:18:41+00:00,0.0,0,0.0,0.0,0.0,0,15.8,852.4,16.0,16.1,73.5,259,254,0,0.0,137,0.0,0.0,15.9,13.1,11.7,1,0.1290746347251859,False,NORMAL,Normal environmental conditions,None,Continue monitoring environmental conditions.,LOW
2026-09-02 21:33:51+00:00,0.0,0,0.0,0.0,0.0,0,15.3,852.2,15.7,15.8,74.3,259,253,0,0.0,137,0.0,0.0,15.6,12.8,11.4,1,0.1162152405038414,False,NORMAL,Normal environmental conditions,None,Continue monitoring environmental conditions.,LOW
2026-09-02 21:49:15+00:00,0.0,0,0.0,0.0,0.0,0,14.9,852.0,15.1,15.3,75.7,260,254,0,0.0,137,0.0,0.0,15.1,12.5,10.9,1,0.1038110398598389,False,NORMAL,Normal environmental conditions,None,Continue monitoring environmental conditions.,LOW
2026-09-02 22:04:25+00:00,0.0,0,0.0,0.0,0.0,0,14.5,851.9,14.8,15.0,77.4,260,253,0,0.4,136,1.1,1.1,14.8,12.4,10.6,1,0.0728831015744039,False,NORMAL,Normal environmental conditions,None,Continue monitoring environmental conditions.,LOW
2026-09-02 22:19:35+00:00,0.0,0,0.0,0.0,0.0,0,14.3,851.9,14.6,14.7,78.7,260,254,0,0.0,137,0.0,0.0,14.5,12.3,10.3,1,0.0858389658907884,False,NORMAL,Normal environmental conditions,None,Continue monitoring environmental conditions.,LOW
2026-09-02 22:34:45+00:00,0.0,0,0.0,0.0,0.0,0,14.0,851.5,14.2,14.4,80.2,260,253,0,0.0,137,0.0,0.0,14.2,12.2,10.0,1,0.0768724474307701,False,NORMAL,Normal environmental conditions,None,Continue monitoring environmental conditions.,LOW
2026-09-02 22:50:11+00:00,0.0,0,0.0,0.0,0.0,0,13.7,851.5,14.1,14.2,82.1,261,253,0,0.0,137,0.0,0.0,14.0,12.1,9.8,1,0.0736398532913772,False,NORMAL,Normal environmental conditions,None,Continue monitoring environmental conditions.,LOW
2026-09-02 23:05:20+00:00,0.0,0,0.0,0.0,0.0,0,13.6,851.4,13.9,14.0,84.2,261,253,0,0.0,137,0.0,0.0,13.8,12.2,9.6,1,0.066608120505391,False,NORMAL,Normal environmental conditions,None,Continue monitoring environmental conditions.,LOW
2026-09-02 23:20:28+00:00,0.0,0,0.0,0.0,0.0,0,13.6,851.3,13.9,14.0,85.5,261,254,0,0.0,137,0.0,0.0,13.9,12.4,9.7,1,0.068366593783511,False,NORMAL,Normal environmental conditions,None,Continue monitoring environmental conditions.,LOW
2026-09-02 23:36:17+00:00,0.0,0,0.0,0.0,0.0,0,13.5,851.1,13.8,14.0,87.9,260,254,0,0.0,137,0.0,0.0,13.8,12.6,9.6,1,0.0641517032824669,False,NORMAL,Normal environmental conditions,None,Continue monitoring environmental conditions.,LOW
2026-09-02 23:51:41+00:00,0.0,0,0.0,0.0,0.0,0,13.4,851.0,13.7,13.8,89.2,260,253,0,0.0,137,0.0,0.0,13.7,12.6,9.5,1,0.0611231761724643,False,NORMAL,Normal environmental conditions,None,Continue monitoring environmental conditions.,LOW
2026-09-03 00:00:46+00:00,0.0,0,0.0,0.0,0.0,0,13.4,851.2,13.6,13.8,90.3,261,253,0,0.0,137,0.0,0.0,13.7,12.7,9.4,1,0.0626854891933634,False,NORMAL,Normal environmental conditions,None,Continue monitoring environmental conditions.,LOW
2026-09-03 00:15:55+00:00,0.0,0,0.0,0.0,0.0,0,13.3,851.3,13.7,13.8,90.9,260,252,0,0.0,137,0.0,0.0,13.7,12.7,9.5,1,0.0593430149166879,False,NORMAL,Normal environmental conditions,None,Continue monitoring environmental conditions.,LOW
2026-09-03 00:31:03+00:00,0.0,0,0.0,0.0,0.0,0,13.4,851.2,13.8,13.9,89.4,260,254,0,0.1,137,0.4,0.4,13.8,12.7,9.6,1,0.0488378232791621,False,NORMAL,Normal environmental conditions,None,Continue monitoring environmental conditions.,LOW
2026-09-03 00:46:12+00:00,0.0,0,0.0,0.0,0.0,0,13.6,851.2,13.8,14.0,88.3,260,253,0,0.4,344,0.9,0.9,13.9,12.7,9.6,-1,-0.0027735708809316,True,NORMAL,Temperature anomaly,Unusually low temperature,Continue monitoring environmental conditions.,MEDIUM
2026-09-03 01:01:21+00:00,0.0,0,0.0,0.0,0.0,0,13.7,851.1,13.9,14.1,88.0,260,253,0,0.2,343,0.4,0.4,14.0,12.8,9.8,1,0.0050636573582055,False,NORMAL,Normal environmental conditions,None,Continue monitoring environmental conditions.,LOW
2026-09-03 01:16:42+00:00,0.0,0,0.0,0.0,0.0,0,14.0,851.3,14.2,14.4,87.8,262,253,0,0.0,342,0.0,0.0,14.3,13.0,10.1,1,0.0403078882393703,False,NORMAL,Normal environmental conditions,None,Continue monitoring environmental conditions.,LOW
2026-09-03 01:31:52+00:00,0.0,0,0.0,0.0,0.0,0,14.2,851.3,14.6,14.6,87.8,260,253,0,0.0,342,0.0,0.0,14.6,13.2,10.4,1,0.043902400040145,False,NORMAL,Normal environmental conditions,None,Continue monitoring environmental conditions.,LOW
2026-09-03 01:47:02+00:00,0.0,0,0.0,0.0,0.0,0,14.4,851.4,14.8,14.9,88.1,259,253,0,0.1,343,0.4,0.4,14.8,13.5,10.6,1,0.0420518689084581,False,NORMAL,Normal environmental conditions,None,Continue monitoring environmental conditions.,LOW
2026-09-03 02:02:11+00:00,0.0,0,0.0,0.0,0.0,0,14.5,851.6,14.8,14.9,88.8,260,253,0,0.0,339,0.0,0.0,14.8,13.6,10.6,1,0.0597135242757156,False,NORMAL,Normal environmental conditions,None,Continue monitoring environmental conditions.,LOW
2026-09-03 02:17:20+00:00,0.0,0,0.0,0.0,0.0,0,14.6,851.6,14.9,15.0,89.2,261,253,0,0.0,339,0.0,0.0,15.0,13.8,10.8,1,0.0680271248019367,False,NORMAL,Normal environmental conditions,None,Continue monitoring environmental conditions.,LOW
2026-09-03 02:32:51+00:00,0.0,0,0.0,0.0,0.0,0,14.7,851.6,15.0,15.1,89.2,260,254,0,0.0,339,0.0,0.0,15.1,13.9,10.9,1,0.0692957668124584,False,NORMAL,Normal environmental conditions,None,Continue monitoring environmental conditions.,LOW
2026-09-03 02:48:00+00:00,0.0,0,0.0,0.0,0.0,0,14.8,851.8,15.1,15.2,88.9,261,254,0,0.0,339,0.0,0.0,15.1,13.9,10.9,1,0.0741219154282193,False,NORMAL,Normal environmental conditions,None,Continue monitoring environmental conditions.,LOW
2026-09-03 03:03:10+00:00,0.0,0,0.0,0.0,0.0,0,14.9,851.9,15.1,15.3,88.4,260,254,0,0.0,340,0.2,0.2,15.2,13.9,11.0,1,0.0726766721895752,False,NORMAL,Normal environmental conditions,None,Continue monitoring environmental conditions.,LOW
2026-09-03 03:18:19+00:00,0.0,0,0.0,0.0,0.0,0,14.9,852.1,15.2,15.4,88.1,259,254,0,0.0,339,0.0,0.0,15.3,14.0,11.1,1,0.0834832998062318,False,NORMAL,Normal environmental conditions,None,Continue monitoring environmental conditions.,LOW
2026-09-03 03:33:47+00:00,0.0,0,0.0,0.0,0.0,0,15.0,852.3,15.3,15.4,87.7,261,261,0,0.0,339,0.0,0.0,15.4,14.0,11.2,1,0.0834423453308044,False,NORMAL,Normal environmental conditions,None,Continue monitoring environmental conditions.,LOW
2026-09-03 03:48:56+00:00,0.0,0,0.0,0.0,0.0,0,15.1,852.4,15.5,15.5,87.8,264,302,0,0.0,48,0.0,0.0,15.5,14.1,11.3,1,0.1134704055267197,False,NORMAL,Normal environmental conditions,None,Continue monitoring environmental conditions.,LOW
2026-09-03 04:04:05+00:00,0.0,0,0.0,0.1,0.0,0,15.3,852.7,15.7,15.7,86.5,269,348,0,0.3,48,1.1,1.1,15.7,14.2,11.5,1,0.113314214392217,False,NORMAL,Normal environmental conditions,None,Continue monitoring environmental conditions.,LOW
2026-09-03 04:19:14+00:00,0.0,0,0.0,0.1,0.0,0,15.3,852.7,15.7,15.8,86.7,276,428,0,0.0,127,0.0,0.0,15.7,14.2,11.5,1,0.137469086635529,False,NORMAL,Normal environmental conditions,None,Continue monitoring environmental conditions.,LOW
2026-09-03 04:34:23+00:00,0.0,0,0.0,0.1,0.0,0,15.5,852.9,15.8,15.9,86.0,282,513,0,0.0,127,0.0,0.0,15.9,14.3,11.7,1,0.1350909164017572,False,NORMAL,Normal environmental conditions,None,Continue monitoring environmental conditions.,LOW
2026-09-03 04:49:52+00:00,0.0,0,0.0,0.2,0.0,0,15.8,853.1,16.1,16.2,84.7,293,638,0,0.0,127,0.0,0.0,16.1,14.4,11.9,1,0.1370148149912792,False,NORMAL,Normal environmental conditions,None,Continue monitoring environmental conditions.,LOW
2026-09-03 05:05:21+00:00,0.0,0,0.0,0.3,0.0,0,16.0,853.1,16.3,16.3,83.7,308,800,0,0.0,127,0.0,0.0,16.3,14.4,12.1,1,0.1250352305772378,False,NORMAL,Normal environmental conditions,None,Continue monitoring environmental conditions.,LOW
2026-09-03 05:20:30+00:00,0.0,0,0.0,0.4,0.0,0,16.4,853.1,16.6,16.8,81.7,329,1037,0,0.0,127,0.2,0.2,16.7,14.7,12.5,1,0.1382127845554299,False,NORMAL,Normal environmental conditions,None,Continue monitoring environmental conditions.,LOW
2026-09-03 05:35:53+00:00,0.0,0,0.0,0.5,0.0,0,16.4,853.3,16.7,17.0,79.0,349,1254,0,0.5,127,1.1,1.1,16.9,14.5,12.6,1,0.1296404752589965,False,NORMAL,Normal environmental conditions,None,Continue monitoring environmental conditions.,LOW
2026-09-03 05:51:02+00:00,0.0,0,0.0,0.6,0.0,0,16.9,853.4,17.2,17.4,77.1,362,1410,0,0.4,127,0.9,0.9,17.3,14.7,13.1,1,0.1319758595287399,False,NORMAL,Normal environmental conditions,None,Continue monitoring environmental conditions.,LOW
2026-09-03 06:06:11+00:00,0.0,0,0.0,0.7,0.0,0,17.2,853.4,17.6,17.8,75.8,389,1716,0,0.1,127,0.7,0.7,17.7,14.9,13.4,1,0.1336618341823071,False,NORMAL,Normal environmental conditions,None,Continue monitoring environmental conditions.,LOW
2026-09-03 06:21:19+00:00,0.0,0,0.0,0.8,0.0,0,17.9,853.5,17.9,18.2,74.0,405,1880,0,0.0,127,0.2,0.2,18.1,15.1,13.8,1,0.1209060086437338,False,NORMAL,Normal environmental conditions,None,Continue monitoring environmental conditions.,LOW
2026-09-03 06:36:28+00:00,0.0,0,0.0,0.6,0.0,0,18.0,853.5,18.2,18.5,71.9,374,1543,0,0.2,127,0.7,0.7,18.3,15.1,14.0,1,0.1375708851563012,False,NORMAL,Normal environmental conditions,None,Continue monitoring environmental conditions.,LOW
2026-09-03 06:51:56+00:00,0.0,0,0.0,0.8,0.0,0,18.1,853.3,18.3,18.6,68.5,409,1943,0,0.1,127,0.5,0.5,18.4,14.8,14.1,1,0.1256024456864131,False,NORMAL,Normal environmental conditions,None,Continue monitoring environmental conditions.,LOW
2026-09-03 07:07:05+00:00,0.0,0,0.0,0.7,0.0,0,18.4,853.4,18.6,19.0,68.1,395,1765,0,0.7,83,1.1,1.1,18.8,15.1,14.5,1,0.1307592665300913,False,NORMAL,Normal environmental conditions,None,Continue monitoring environmental conditions.,LOW
2026-09-03 07:22:05+00:00,0.0,0,0.0,0.7,0.0,0,18.3,853.4,18.6,18.9,67.3,389,1693,0,0.1,80,0.2,0.2,18.8,15.0,14.5,1,0.1275815905737471,False,NORMAL,Normal environmental conditions,None,Continue monitoring environmental conditions.,LOW
2026-09-03 07:37:14+00:00,0.0,0,0.0,0.8,0.0,0,19.2,853.1,19.4,19.5,65.4,410,1941,0,0.2,79,0.7,0.7,19.4,15.3,15.0,1,0.1349798352546817,False,NORMAL,Normal environmental conditions,None,Continue monitoring environmental conditions.,LOW
2026-09-03 07:52:23+00:00,0.0,0,0.0,1.1,0.0,0,19.4,853.1,19.4,19.5,65.3,456,2466,0,0.1,123,0.2,0.2,19.4,15.3,15.0,1,0.1208555117865218,False,NORMAL,Normal environmental conditions,None,Continue monitoring environmental conditions.,LOW
2026-09-03 08:07:33+00:00,0.0,0,0.0,1.5,0.0,0,20.0,852.9,20.5,20.4,61.6,540,3386,0,0.4,126,0.7,0.7,20.2,15.6,15.8,1,0.1117482616499218,False,NORMAL,Normal environmental conditions,None,Continue monitoring environmental conditions.,LOW
2026-09-03 08:23:00+00:00,0.0,0,0.0,1.4,0.0,0,20.7,852.8,21.1,21.3,59.5,525,3234,0,0.1,126,0.7,0.7,21.1,16.1,16.6,1,0.1074308128004033,False,NORMAL,Normal environmental conditions,None,Continue monitoring environmental conditions.,LOW
2026-09-03 08:38:09+00:00,0.0,0,0.0,4.4,0.0,0,21.4,852.7,21.9,21.5,58.4,1075,9671,0,0.2,126,0.7,0.7,21.3,16.1,16.7,1,0.0228124958632056,False,NORMAL,Normal environmental conditions,None,Continue monitoring environmental conditions.,LOW
2026-09-03 08:53:18+00:00,0.0,0,0.0,1.7,0.0,0,22.4,852.5,23.1,23.0,53.5,568,3681,0,0.2,126,1.1,1.1,22.8,16.7,18.0,1,0.1013018484576824,False,NORMAL,Normal environmental conditions,None,Continue monitoring environmental conditions.,LOW
2026-09-03 09:08:28+00:00,0.0,0,0.0,4.0,0.0,0,21.7,852.2,21.9,21.7,56.4,1010,8793,0,1.2,264,2.0,2.0,21.6,16.1,16.9,-1,-0.0001255620108127,True,NORMAL,Environmental anomaly,,Continue monitoring environmental conditions.,MEDIUM
2026-09-03 09:23:37+00:00,0.0,0,0.0,3.9,0.0,0,23.4,852.1,23.4,24.0,51.1,982,8364,0,0.8,35,1.3,1.3,23.9,17.3,18.8,1,0.0256132225783944,False,NORMAL,Normal environmental conditions,None,Continue monitoring environmental conditions.,LOW
2026-09-03 09:39:03+00:00,0.0,0,0.0,3.6,0.0,0,23.4,851.7,23.6,24.3,50.1,934,7863,0,0.0,36,0.2,0.2,24.2,17.4,19.1,1,0.0086048350628041,False,NORMAL,Normal environmental conditions,None,Continue monitoring environmental conditions.,LOW
2026-09-03 09:54:12+00:00,0.0,0,0.0,3.5,0.0,0,24.3,851.4,24.1,24.0,49.8,909,7524,0,1.1,35,1.5,1.5,23.9,17.1,18.8,1,0.031522387080043,False,NORMAL,Normal environmental conditions,None,Continue monitoring environmental conditions.,LOW
2026-09-03 10:09:22+00:00,0.0,0,0.0,3.5,0.0,0,24.0,851.0,24.2,24.5,48.9,913,7545,0,0.2,36,0.9,0.9,24.4,17.4,19.3,1,0.0327883320290132,False,NORMAL,Normal environmental conditions,None,Continue monitoring environmental conditions.,LOW
2026-09-03 10:24:31+00:00,0.0,0,0.0,3.4,0.0,0,24.4,850.7,24.6,24.6,48.1,893,7344,0,0.7,35,2.2,2.2,24.5,17.4,19.4,1,0.0365879303119176,False,NORMAL,Normal environmental conditions,None,Continue monitoring environmental conditions.,LOW
2026-09-03 10:39:57+00:00,0.0,0,0.0,3.3,0.0,0,24.8,850.3,25.2,25.6,45.6,866,7083,0,0.7,131,2.7,2.7,25.5,17.8,20.2,1,0.0334954817487275,False,NORMAL,Normal environmental conditions,None,Continue monitoring environmental conditions.,LOW
2026-09-03 10:55:06+00:00,0.0,0,0.0,3.1,0.0,0,24.5,850.2,25.1,25.0,47.5,835,6796,0,1.3,227,2.0,2.0,24.8,17.6,19.6,1,0.0347554434709315,False,NORMAL,Normal environmental conditions,None,Continue monitoring environmental conditions.,LOW
2026-09-03 11:10:15+00:00,0.0,0,0.0,3.0,0.0,0,24.8,849.9,25.4,25.1,47.1,821,6579,0,1.1,249,2.0,2.0,25.0,17.7,19.8,1,0.0378280939949861,False,NORMAL,Normal environmental conditions,None,Continue monitoring environmental conditions.,LOW
2026-09-03 11:25:23+00:00,0.0,0,0.0,2.8,0.0,0,25.8,849.6,26.4,26.6,45.7,774,6098,0,0.4,128,1.1,1.1,26.6,18.7,21.0,1,0.0393266138519698,False,NORMAL,Normal environmental conditions,None,Continue monitoring environmental conditions.,LOW
2026-09-03 11:40:32+00:00,0.0,0,0.0,2.7,0.0,0,25.4,849.5,26.2,26.1,43.9,761,5903,0,0.2,130,0.7,0.7,26.0,18.0,20.6,1,0.0289866799834215,False,NORMAL,Normal environmental conditions,None,Continue monitoring environmental conditions.,LOW
2026-09-03 11:55:59+00:00,0.0,0,0.0,2.4,0.0,0,26.0,849.3,26.6,26.5,43.5,712,5393,0,1.2,128,1.7,1.7,26.4,18.2,20.9,1,0.0337430256542357,False,NORMAL,Normal environmental conditions,None,Continue monitoring environmental conditions.,LOW
2026-09-03 12:11:08+00:00,0.0,0,0.0,2.3,0.0,0,26.8,849.2,27.1,27.6,42.7,686,5172,0,1.3,46,2.8,2.8,27.5,19.0,21.7,-1,-0.0157077364657216,True,NORMAL,Heat and dryness anomaly,"Elevated heat conditions, Unusually low humidity, Elevated wind gust, Unusually high temperature",Monitor heat exposure and maintain hydration. Monitor dry conditions and potential vegetation stress. Monitor exposed areas and unsecured infrastructure.,HIGH
2026-09-03 12:26:16+00:00,0.0,0,0.0,2.1,0.0,0,27.0,848.9,27.2,27.9,42.0,643,4647,0,1.9,72,3.1,3.1,27.7,19.1,21.8,-1,-0.0497030792871326,True,NORMAL,Heat and dryness anomaly,"Elevated heat conditions, Unusually low humidity, Elevated wind gust, Unusually high temperature",Monitor heat exposure and maintain hydration. Monitor dry conditions and potential vegetation stress. Monitor exposed areas and unsecured infrastructure.,HIGH
2026-09-03 12:41:25+00:00,0.0,0,0.0,1.9,0.0,0,26.7,849.0,26.8,27.9,42.1,619,4444,0,0.6,51,2.0,2.0,27.8,19.2,21.8,-1,-0.0031580745100008,True,NORMAL,Heat and dryness anomaly,"Elevated heat conditions, Unusually low humidity, Unusually high temperature",Monitor heat exposure and maintain hydration. Monitor dry conditions and potential vegetation stress.,HIGH
2026-09-03 12:56:33+00:00,0.0,0,0.0,0.7,0.0,0,26.2,848.9,26.4,27.2,43.2,391,1488,0,1.6,74,2.2,2.2,27.2,18.7,21.4,1,0.0040616149145266,False,NORMAL,Normal environmental conditions,None,Continue monitoring environmental conditions.,LOW
2026-09-03 13:12:02+00:00,0.0,0,0.0,1.4,0.0,0,26.0,848.9,26.4,27.1,42.9,525,3418,0,1.1,125,1.5,1.5,27.1,18.6,21.4,1,0.0387616564327134,False,NORMAL,Normal environmental conditions,None,Continue monitoring environmental conditions.,LOW
2026-09-03 13:27:10+00:00,0.0,0,0.0,1.3,0.0,0,25.6,848.8,25.7,26.7,43.4,497,3043,0,1.7,92,2.4,2.4,26.7,18.4,21.0,1,0.012411585477336,False,NORMAL,Normal environmental conditions,None,Continue monitoring environmental conditions.,LOW
2026-09-03 13:42:19+00:00,0.0,0,0.0,0.5,0.0,0,25.7,848.8,26.2,26.7,43.5,357,1233,0,1.4,150,3.1,3.1,26.7,18.4,21.0,1,0.0106468283527458,False,NORMAL,Normal environmental conditions,None,Continue monitoring environmental conditions.,LOW
2026-09-03 13:57:28+00:00,0.0,0,0.0,0.4,0.0,0,26.0,848.9,26.4,27.1,43.3,336,956,0,0.8,108,2.2,2.2,27.2,18.7,21.4,1,0.0266854404319424,False,NORMAL,Normal environmental conditions,None,Continue monitoring environmental conditions.,LOW
2026-09-03 14:12:36+00:00,0.0,0,0.0,0.6,0.0,0,25.2,848.8,25.6,26.2,45.1,372,1562,0,0.7,43,1.1,1.1,26.1,18.2,20.6,1,0.0626667357762251,False,NORMAL,Normal environmental conditions,None,Continue monitoring environmental conditions.,LOW
2026-09-03 14:27:44+00:00,0.0,0,0.0,0.3,0.0,0,24.6,849.0,24.8,25.1,47.3,315,834,0,0.0,44,0.0,0.0,25.0,17.6,19.8,1,0.0440995619208337,False,NORMAL,Normal environmental conditions,None,Continue monitoring environmental conditions.,LOW
2026-09-03 14:43:05+00:00,0.0,0,0.0,0.2,0.0,0,24.1,849.0,24.3,24.5,47.8,296,565,0,1.1,45,1.5,1.5,24.4,17.3,19.3,1,0.0770050599202442,False,NORMAL,Normal environmental conditions,None,Continue monitoring environmental conditions.,LOW
2026-09-03 14:58:11+00:00,0.0,0,0.0,0.2,0.0,0,23.7,849.2,23.9,24.1,49.3,284,461,0,0.1,102,0.9,0.9,24.0,17.1,18.9,1,0.0944109325512755,False,NORMAL,Normal environmental conditions,None,Continue monitoring environmental conditions.,LOW
2026-09-03 15:13:20+00:00,0.0,0,0.0,0.1,0.0,0,23.1,849.2,23.3,23.5,50.6,269,322,0,1.7,88,3.9,3.9,23.4,16.8,18.5,1,0.0146807692202421,False,NORMAL,Normal environmental conditions,None,Continue monitoring environmental conditions.,LOW
2026-09-03 15:28:29+00:00,0.0,0,0.0,0.0,0.0,0,22.6,849.3,22.8,23.0,52.1,264,280,0,0.3,122,0.9,0.9,22.9,16.6,18.0,1,0.1177693506765391,False,NORMAL,Normal environmental conditions,None,Continue monitoring environmental conditions.,LOW
2026-09-03 15:43:38+00:00,0.0,0,0.0,0.0,0.0,0,22.2,849.5,22.4,22.5,53.4,261,257,0,0.4,162,1.1,1.1,22.4,16.4,17.6,1,0.127854510621623,False,NORMAL,Normal environmental conditions,None,Continue monitoring environmental conditions.,LOW
2026-09-03 15:58:47+00:00,0.0,0,0.0,0.0,0.0,0,21.8,849.7,21.9,22.1,54.4,260,254,0,0.1,127,0.7,0.7,22.0,16.2,17.3,1,0.1216205271743214,False,NORMAL,Normal environmental conditions,None,Continue monitoring environmental conditions.,LOW
2026-09-03 16:14:09+00:00,0.0,0,0.0,0.0,0.0,0,21.5,849.8,21.7,21.8,55.2,260,253,0,0.3,127,0.7,0.7,21.6,16.0,17.0,1,0.1362240134568135,False,NORMAL,Normal environmental conditions,None,Continue monitoring environmental conditions.,LOW
2026-09-03 16:29:18+00:00,0.0,0,0.0,0.0,0.0,0,21.3,850.0,21.4,21.6,55.6,260,254,0,0.2,131,0.9,0.9,21.5,15.9,16.8,1,0.1359928866759693,False,NORMAL,Normal environmental conditions,None,Continue monitoring environmental conditions.,LOW
2026-09-03 16:44:27+00:00,0.0,0,0.0,0.0,0.0,0,21.0,850.0,21.1,21.3,56.0,260,253,0,0.2,130,1.1,1.1,21.2,15.7,16.6,1,0.1330750978232149,False,NORMAL,Normal environmental conditions,None,Continue monitoring environmental conditions.,LOW
2026-09-03 16:59:37+00:00,0.0,0,0.0,0.0,0.0,0,20.8,850.0,21.0,21.2,56.3,261,254,0,0.1,126,0.7,0.7,21.0,15.6,16.4,1,0.1264701754393078,False,NORMAL,Normal environmental conditions,None,Continue monitoring environmental conditions.,LOW
2026-09-03 17:14:46+00:00,0.0,0,0.0,0.0,0.0,0,20.5,850.3,20.7,20.9,57.3,260,253,0,0.1,126,0.2,0.2,20.7,15.4,16.2,1,0.1348252655685843,False,NORMAL,Normal environmental conditions,None,Continue monitoring environmental conditions.,LOW
2026-09-03 17:30:12+00:00,0.0,0,0.0,0.0,0.0,0,20.8,850.3,20.9,21.0,57.0,261,253,0,0.5,88,0.9,0.9,20.9,15.5,16.3,1,0.1391799397820427,False,NORMAL,Normal environmental conditions,None,Continue monitoring environmental conditions.,LOW
2026-09-03 17:45:21+00:00,0.0,0,0.0,0.0,0.0,0,20.8,850.5,21.0,21.2,55.9,261,254,0,0.4,123,1.1,1.1,21.0,15.5,16.4,1,0.1430653673152861,False,NORMAL,Normal environmental conditions,None,Continue monitoring environmental conditions.,LOW
2026-09-03 18:00:31+00:00,0.0,0,0.0,0.0,0.0,0,20.7,850.5,20.9,21.0,55.8,260,254,0,0.3,107,0.7,0.7,20.8,15.4,16.3,1,0.1421886066666322,False,NORMAL,Normal environmental conditions,None,Continue monitoring environmental conditions.,LOW
2026-09-03 18:15:40+00:00,0.0,0,0.0,0.0,0.0,0,20.4,850.6,20.6,20.8,55.8,260,254,0,0.9,113,1.7,1.7,20.5,15.1,16.0,1,0.1259435865324157,False,NORMAL,Normal environmental conditions,None,Continue monitoring environmental conditions.,LOW
2026-09-03 18:31:22+00:00,0.0,0,0.0,0.0,0.0,0,20.1,850.7,20.3,20.5,56.8,259,253,0,0.3,48,0.9,0.9,20.3,15.0,15.8,1,0.1277892612821377,False,NORMAL,Normal environmental conditions,None,Continue monitoring environmental conditions.,LOW
2026-09-03 18:46:31+00:00,0.0,0,0.0,0.0,0.0,0,19.9,850.8,20.1,20.3,57.3,261,254,0,0.1,129,0.4,0.4,20.0,14.9,15.6,1,0.13982996945874,False,NORMAL,Normal environmental conditions,None,Continue monitoring environmental conditions.,LOW
2026-09-03 19:01:40+00:00,0.0,0,0.0,0.0,0.0,0,19.8,850.8,19.9,20.1,57.6,260,254,0,0.1,126,0.4,0.4,19.9,14.8,15.5,1,0.1373188767824125,False,NORMAL,Normal environmental conditions,None,Continue monitoring environmental conditions.,LOW
2026-09-03 19:16:50+00:00,0.0,0,0.0,0.0,0.0,0,19.7,851.0,19.8,20.0,58.0,260,253,0,0.6,86,2.8,2.8,19.8,14.8,15.4,1,0.0980958086548353,False,NORMAL,Normal environmental conditions,None,Continue monitoring environmental conditions.,LOW
2026-09-03 19:32:16+00:00,0.0,0,0.0,0.0,0.0,0,19.4,851.0,19.6,19.8,59.0,259,253,0,0.3,130,0.9,0.9,19.6,14.7,15.2,1,0.1425035438490417,False,NORMAL,Normal environmental conditions,None,Continue monitoring environmental conditions.,LOW
2026-09-03 19:47:26+00:00,0.0,0,0.0,0.0,0.0,0,19.1,851.1,19.3,19.5,59.9,259,253,0,0.5,109,1.5,1.5,19.3,14.5,14.9,1,0.1360214384399725,False,NORMAL,Normal environmental conditions,None,Continue monitoring environmental conditions.,LOW
2026-09-03 20:02:36+00:00,0.0,0,0.0,0.0,0.0,0,19.1,851.3,19.2,19.5,60.5,261,255,0,0.4,144,1.1,1.1,19.3,14.6,14.9,1,0.1469069239556241,False,NORMAL,Normal environmental conditions,None,Continue monitoring environmental conditions.,LOW
2026-09-03 20:17:45+00:00,0.0,0,0.0,0.0,0.0,0,18.7,851.4,18.9,19.1,62.0,260,254,0,0.5,148,1.5,1.5,18.9,14.5,14.6,1,0.142730988169062,False,NORMAL,Normal environmental conditions,None,Continue monitoring environmental conditions.,LOW
2026-09-03 20:32:54+00:00,0.0,0,0.0,0.0,0.0,0,18.2,851.2,18.4,18.6,64.7,261,253,0,0.6,130,1.1,1.1,18.4,14.3,14.1,1,0.1412993177712952,False,NORMAL,Normal environmental conditions,None,Continue monitoring environmental conditions.,LOW
2026-09-03 20:48:20+00:00,0.0,0,0.0,0.0,0.0,0,17.8,851.2,18.0,18.2,66.8,260,253,0,0.6,129,1.1,1.1,18.0,14.2,13.7,1,0.1400010877302164,False,NORMAL,Normal environmental conditions,None,Continue monitoring environmental conditions.,LOW
2026-09-03 21:03:29+00:00,0.0,0,0.0,0.0,0.0,0,17.4,851.4,17.5,17.8,68.0,260,252,0,0.0,130,0.0,0.0,17.6,14.0,13.3,1,0.1403959394960491,False,NORMAL,Normal environmental conditions,None,Continue monitoring environmental conditions.,LOW
2026-09-03 21:18:38+00:00,0.0,0,0.0,0.0,0.0,0,17.1,851.3,17.2,17.4,70.7,261,253,0,0.5,130,1.1,1.1,17.3,14.0,13.0,1,0.1433356277973272,False,NORMAL,Normal environmental conditions,None,Continue monitoring environmental conditions.,LOW
2026-09-03 21:33:47+00:00,0.0,0,0.0,0.0,0.0,0,16.8,851.0,17.0,17.3,71.7,260,253,0,0.0,130,0.0,0.0,17.1,13.9,12.9,1,0.1466994447339681,False,NORMAL,Normal environmental conditions,None,Continue monitoring environmental conditions.,LOW
2026-09-03 21:48:57+00:00,0.0,0,0.0,0.0,0.0,0,16.6,850.9,16.8,17.0,73.4,260,254,0,0.1,130,0.9,0.9,16.9,13.9,12.6,1,0.1438248182768688,False,NORMAL,Normal environmental conditions,None,Continue monitoring environmental conditions.,LOW
2026-09-03 22:04:23+00:00,0.0,0,0.0,0.0,0.0,0,16.4,850.6,16.6,16.8,74.6,259,253,0,0.1,130,0.7,0.7,16.7,13.9,12.5,1,0.1445099921445884,False,NORMAL,Normal environmental conditions,None,Continue monitoring environmental conditions.,LOW
2026-09-03 22:19:47+00:00,0.0,0,0.0,0.0,0.0,0,16.2,850.5,16.4,16.6,75.0,260,253,0,0.0,130,0.0,0.0,16.5,13.7,12.3,1,0.1378137223572562,False,NORMAL,Normal environmental conditions,None,Continue monitoring environmental conditions.,LOW
2026-09-03 22:35:11+00:00,0.0,0,0.0,0.0,0.0,0,15.8,850.4,16.1,16.2,77.1,259,255,0,0.0,130,0.0,0.0,16.0,13.5,11.8,1,0.1260937284989075,False,NORMAL,Normal environmental conditions,None,Continue monitoring environmental conditions.,LOW
2026-09-03 22:50:21+00:00,0.0,0,0.0,0.0,0.0,0,15.4,850.2,15.7,15.8,78.8,260,253,0,0.0,130,0.0,0.0,15.6,13.3,11.4,1,0.1103885297555904,False,NORMAL,Normal environmental conditions,None,Continue monitoring environmental conditions.,LOW
2026-09-03 23:05:30+00:00,0.0,0,0.0,0.0,0.0,0,15.0,850.1,15.1,15.3,80.0,260,253,0,0.0,130,0.0,0.0,15.2,13.1,11.0,1,0.0866825713133429,False,NORMAL,Normal environmental conditions,None,Continue monitoring environmental conditions.,LOW
2026-09-03 23:20:40+00:00,0.0,0,0.0,0.0,0.0,0,14.6,850.0,14.9,15.0,81.7,260,253,0,0.0,130,0.0,0.0,14.8,12.9,10.6,1,0.0648873507852195,False,NORMAL,Normal environmental conditions,None,Continue monitoring environmental conditions.,LOW
2026-09-03 23:36:04+00:00,0.0,0,0.0,0.0,0.0,0,14.3,849.8,14.5,14.6,83.4,260,254,0,0.0,130,0.0,0.0,14.5,12.8,10.3,1,0.0521453501825467,False,NORMAL,Normal environmental conditions,None,Continue monitoring environmental conditions.,LOW
2026-09-03 23:51:12+00:00,0.0,0,0.0,0.0,0.0,0,14.0,849.6,14.3,14.4,83.8,261,253,0,0.0,130,0.0,0.0,14.3,12.6,10.1,1,0.046855481062243,False,NORMAL,Normal environmental conditions,None,Continue monitoring environmental conditions.,LOW
2026-09-04 00:00:17+00:00,0.0,0,0.0,0.0,0.0,0,13.8,849.8,14.1,14.2,85.1,261,253,0,0.0,130,0.0,0.0,14.1,12.5,9.9,1,0.0460097314940862,False,NORMAL,Normal environmental conditions,None,Continue monitoring environmental conditions.,LOW
2026-09-04 00:15:26+00:00,0.0,0,0.0,0.0,0.0,0,13.5,849.9,13.8,13.9,85.2,260,253,0,0.0,130,0.0,0.0,13.8,12.3,9.6,1,0.0354322480133381,False,NORMAL,Normal environmental conditions,None,Continue monitoring environmental conditions.,LOW
2026-09-04 00:30:34+00:00,0.0,0,0.0,0.0,0.0,0,13.3,849.8,13.6,13.8,87.1,261,253,0,0.0,130,0.0,0.0,13.6,12.3,9.4,1,0.030227806479251,False,NORMAL,Normal environmental conditions,None,Continue monitoring environmental conditions.,LOW
2026-09-04 00:45:43+00:00,0.0,0,0.0,0.0,0.0,0,13.2,849.8,13.5,13.7,88.0,260,252,0,0.0,130,0.0,0.0,13.5,12.3,9.3,1,0.0222845294647545,False,NORMAL,Normal environmental conditions,None,Continue monitoring environmental conditions.,LOW
2026-09-04 01:01:12+00:00,0.0,0,0.0,0.0,0.0,0,13.1,849.6,13.4,13.5,88.4,261,252,0,0.0,130,0.0,0.0,13.4,12.2,9.2,1,0.0124897246641119,False,NORMAL,Normal environmental conditions,None,Continue monitoring environmental conditions.,LOW
2026-09-04 01:16:22+00:00,0.0,0,0.0,0.0,0.0,0,12.9,849.8,13.2,13.4,88.3,261,254,0,0.0,130,0.0,0.0,13.3,12.1,9.0,1,0.00646955840641,False,NORMAL,Normal environmental conditions,None,Continue monitoring environmental conditions.,LOW
2026-09-04 01:31:31+00:00,0.0,0,0.0,0.0,0.0,0,12.6,850.0,12.9,13.1,88.4,261,253,0,0.0,130,0.0,0.0,12.9,11.8,8.6,-1,-0.0064127066434785,True,NORMAL,Temperature anomaly,Unusually low temperature,Continue monitoring environmental conditions.,MEDIUM
2026-09-04 01:46:40+00:00,0.0,0,0.0,0.0,0.0,0,12.4,850.1,12.6,12.8,88.8,261,253,0,0.0,130,0.0,0.0,12.7,11.6,8.4,-1,-0.0216481561113666,True,NORMAL,Temperature anomaly,Unusually low temperature,Continue monitoring environmental conditions.,MEDIUM
2026-09-04 02:01:49+00:00,0.0,0,0.0,0.0,0.0,0,12.2,850.1,12.4,12.6,89.4,261,253,0,0.0,130,0.0,0.0,12.5,11.5,8.2,-1,-0.0284607922649327,True,NORMAL,Temperature anomaly,Unusually low temperature,Continue monitoring environmental conditions.,MEDIUM
2026-09-04 02:17:15+00:00,0.0,0,0.0,0.0,0.0,0,12.0,850.2,12.2,12.4,90.2,262,253,0,0.0,130,0.0,0.0,12.3,11.3,8.0,-1,-0.0374066267335797,True,NORMAL,Temperature anomaly,Unusually low temperature,Continue monitoring environmental conditions.,MEDIUM
2026-09-04 02:32:24+00:00,0.0,0,0.0,0.0,0.0,0,11.8,850.5,12.1,12.3,90.7,260,254,0,0.0,130,0.0,0.0,12.1,11.2,7.8,-1,-0.0355976253943396,True,NORMAL,Temperature anomaly,Unusually low temperature,Continue monitoring environmental conditions.,MEDIUM
2026-09-04 02:47:33+00:00,0.0,0,0.0,0.0,0.0,0,11.9,850.5,12.2,12.4,90.8,260,253,0,0.0,130,0.0,0.0,12.2,11.4,7.9,-1,-0.0295803101442877,True,NORMAL,Temperature anomaly,Unusually low temperature,Continue monitoring environmental conditions.,MEDIUM
2026-09-04 03:02:41+00:00,0.0,0,0.0,0.0,0.0,0,11.7,850.8,12.1,12.2,90.4,260,253,0,0.0,130,0.0,0.0,12.0,11.1,7.7,-1,-0.0270754923437738,True,NORMAL,Temperature anomaly,Unusually low temperature,Continue monitoring environmental conditions.,MEDIUM
2026-09-04 03:17:50+00:00,0.0,0,0.0,0.0,0.0,0,11.5,851.0,11.8,12.0,90.2,260,261,0,0.0,130,0.0,0.0,11.8,10.9,7.5,-1,-0.0399076230597725,True,NORMAL,Temperature anomaly,Unusually low temperature,Continue monitoring environmental conditions.,MEDIUM
2026-09-04 03:33:17+00:00,0.0,0,0.0,0.0,0.0,0,11.4,851.0,11.6,11.9,90.7,265,302,0,0.0,130,0.0,0.0,11.7,10.8,7.3,-1,-0.0466241016366536,True,NORMAL,Temperature anomaly,Unusually low temperature,Continue monitoring environmental conditions.,MEDIUM
2026-09-04 03:48:26+00:00,0.0,0,0.0,0.1,0.0,0,11.6,851.4,11.9,12.1,91.1,272,386,0,0.0,130,0.0,0.0,11.9,11.1,7.6,-1,-0.0469761857915751,True,NORMAL,Temperature anomaly,Unusually low temperature,Continue monitoring environmental conditions.,MEDIUM
2026-09-04 04:03:35+00:00,0.0,0,0.0,0.1,0.0,0,12.1,851.5,12.4,12.7,88.8,280,483,0,0.0,130,0.0,0.0,12.5,11.4,8.2,-1,-0.023999065012934,True,NORMAL,Temperature anomaly,Unusually low temperature,Continue monitoring environmental conditions.,MEDIUM
2026-09-04 04:18:45+00:00,0.0,0,0.0,0.2,0.0,0,12.8,851.5,13.1,13.3,86.9,295,658,0,0.0,158,0.0,0.0,13.1,11.8,8.9,-1,-0.0058999733599124,True,NORMAL,Temperature anomaly,Unusually low temperature,Continue monitoring environmental conditions.,MEDIUM
2026-09-04 04:35:17+00:00,0.0,0,0.0,0.2,0.0,0,13.6,851.6,14.0,14.2,84.1,298,707,0,0.0,281,0.0,0.0,14.0,12.4,9.8,1,0.0136577123276765,False,NORMAL,Normal environmental conditions,None,Continue monitoring environmental conditions.,LOW
2026-09-04 04:50:27+00:00,0.0,0,0.0,0.3,0.0,0,14.3,852.0,14.6,14.7,84.5,319,927,0,0.0,282,0.2,0.2,14.5,12.9,10.3,1,0.018510469954959,False,NORMAL,Normal environmental conditions,None,Continue monitoring environmental conditions.,LOW
2026-09-04 05:05:36+00:00,0.0,0,0.0,0.4,0.0,0,14.5,852.1,14.9,14.9,83.6,333,1086,0,0.0,282,0.2,0.2,14.7,13.0,10.5,1,0.0211893508932763,False,NORMAL,Normal environmental conditions,None,Continue monitoring environmental conditions.,LOW
2026-09-04 05:20:45+00:00,0.0,0,0.0,0.5,0.0,0,14.9,852.2,15.2,15.4,82.2,345,1230,0,0.0,282,0.2,0.2,15.2,13.3,11.0,1,0.0432160794112841,False,NORMAL,Normal environmental conditions,None,Continue monitoring environmental conditions.,LOW
2026-09-04 05:36:13+00:00,0.0,0,0.0,0.5,0.0,0,15.7,852.3,16.1,16.1,80.7,355,1341,0,0.1,282,0.4,0.4,15.9,13.8,11.7,1,0.063423777584181,False,NORMAL,Normal environmental conditions,None,Continue monitoring environmental conditions.,LOW
2026-09-04 05:51:22+00:00,0.0,0,0.0,0.5,0.0,0,16.1,852.5,16.2,16.4,78.7,346,1248,0,0.6,282,0.9,0.9,16.2,13.9,12.0,1,0.0646870775478622,False,NORMAL,Normal environmental conditions,None,Continue monitoring environmental conditions.,LOW
2026-09-04 06:06:32+00:00,0.0,0,0.0,0.4,0.0,0,16.0,852.7,16.3,16.3,79.4,337,1158,0,0.0,281,0.0,0.0,16.2,13.9,12.0,1,0.0714053842853138,False,NORMAL,Normal environmental conditions,None,Continue monitoring environmental conditions.,LOW
2026-09-04 06:21:42+00:00,0.0,0,0.0,0.5,0.0,0,16.5,852.9,16.6,16.9,76.8,353,1355,0,0.0,281,0.0,0.0,16.8,14.2,12.6,1,0.0794866940349919,False,NORMAL,Normal environmental conditions,None,Continue monitoring environmental conditions.,LOW
2026-09-04 06:36:51+00:00,0.0,0,0.0,0.8,0.0,0,16.7,852.8,17.1,17.3,75.4,413,2018,0,0.1,282,0.7,0.7,17.2,14.4,12.9,1,0.0789110784704914,False,NORMAL,Normal environmental conditions,None,Continue monitoring environmental conditions.,LOW
2026-09-04 06:52:22+00:00,0.0,0,0.0,1.0,0.0,0,17.5,852.7,17.8,18.0,73.9,445,2391,0,0.0,103,0.0,0.0,17.9,14.9,13.6,1,0.1116629513040936,False,NORMAL,Normal environmental conditions,None,Continue monitoring environmental conditions.,LOW
2026-09-04 07:07:31+00:00,0.0,0,0.0,1.3,0.0,0,18.2,852.6,18.2,18.8,70.6,502,3030,0,0.4,96,0.9,0.9,18.6,15.2,14.3,1,0.10633768127768,False,NORMAL,Normal environmental conditions,None,Continue monitoring environmental conditions.,LOW
2026-09-04 07:22:41+00:00,0.0,0,0.0,1.5,0.0,0,19.3,852.5,19.4,19.8,67.6,543,3316,0,0.1,103,0.6,0.6,19.7,15.8,15.3,1,0.1070719773382127,False,NORMAL,Normal environmental conditions,None,Continue monitoring environmental conditions.,LOW
2026-09-04 07:37:50+00:00,0.0,0,0.0,3.0,0.0,0,19.3,852.3,19.9,19.5,67.4,817,6699,0,0.2,307,0.7,0.7,19.4,15.5,15.0,1,0.0248663845685922,False,NORMAL,Normal environmental conditions,None,Continue monitoring environmental conditions.,LOW
2026-09-04 07:53:18+00:00,0.0,0,0.0,2.8,0.0,0,21.5,852.1,22.1,21.7,62.9,773,6110,0,0.1,204,0.4,0.4,21.6,16.9,17.0,1,0.0529115381719927,False,NORMAL,Normal environmental conditions,None,Continue monitoring environmental conditions.,LOW
2026-09-04 08:08:28+00:00,0.0,0,0.0,3.1,0.0,0,20.0,851.9,20.6,20.6,63.2,842,6827,0,1.7,54,2.6,2.6,20.5,16.0,16.0,-1,-0.0160284829900243,True,NORMAL,Wind anomaly,Elevated wind gust,Monitor exposed areas and unsecured infrastructure.,MEDIUM
2026-09-04 08:23:38+00:00,0.0,0,0.0,3.2,0.0,0,20.9,851.7,21.5,21.5,61.0,851,6949,0,0.8,188,2.0,2.0,21.4,16.5,16.8,1,0.0456346201113732,False,NORMAL,Normal environmental conditions,None,Continue monitoring environmental conditions.,LOW
2026-09-04 08:38:47+00:00,0.0,0,0.0,3.3,0.0,0,21.6,851.6,22.2,22.3,58.4,879,7233,0,0.9,153,1.3,1.3,22.2,16.9,17.5,1,0.0577313934648036,False,NORMAL,Normal environmental conditions,None,Continue monitoring environmental conditions.,LOW
2026-09-04 08:53:57+00:00,0.0,0,0.0,3.4,0.0,0,22.1,851.3,22.8,22.7,57.3,882,7260,0,0.6,179,1.5,1.5,22.6,17.1,17.8,1,0.0612798344195643,False,NORMAL,Normal environmental conditions,None,Continue monitoring environmental conditions.,LOW
2026-09-04 09:09:22+00:00,0.0,0,0.0,3.4,0.0,0,23.1,851.1,23.6,23.1,57.0,887,7308,0,0.6,261,1.3,1.3,23.0,17.4,18.2,1,0.0465878715246115,False,NORMAL,Normal environmental conditions,None,Continue monitoring environmental conditions.,LOW
2026-09-04 09:24:32+00:00,0.0,0,0.0,3.4,0.0,0,24.0,851.0,24.6,24.5,52.9,889,7320,0,0.9,63,2.0,2.0,24.4,18.0,19.3,1,0.0487294920978289,False,NORMAL,Normal environmental conditions,None,Continue monitoring environmental conditions.,LOW
2026-09-04 09:39:41+00:00,0.0,0,0.0,3.3,0.0,0,25.1,850.7,25.5,25.9,51.3,880,7263,0,0.1,132,0.4,0.4,25.9,18.9,20.4,1,0.0106842655707766,False,NORMAL,Normal environmental conditions,None,Continue monitoring environmental conditions.,LOW
2026-09-04 09:54:50+00:00,0.0,0,0.0,3.3,0.0,0,24.6,850.5,24.2,24.6,52.0,873,7191,0,0.1,281,0.4,0.4,24.6,18.0,19.4,1,0.0159757809827009,False,NORMAL,Normal environmental conditions,None,Continue monitoring environmental conditions.,LOW
2026-09-04 10:09:59+00:00,0.0,0,0.0,3.3,0.0,0,24.7,850.3,24.9,25.5,49.4,880,7213,0,1.6,75,2.6,2.6,25.4,18.3,20.1,1,0.0135024987733551,False,NORMAL,Normal environmental conditions,None,Continue monitoring environmental conditions.,LOW
2026-09-04 10:25:26+00:00,0.0,0,0.0,2.6,0.0,0,26.2,850.0,26.1,26.5,47.8,738,5587,0,0.7,111,1.5,1.5,26.4,18.9,20.9,1,0.0425130432681007,False,NORMAL,Normal environmental conditions,None,Continue monitoring environmental conditions.,LOW
2026-09-04 10:40:35+00:00,0.0,0,0.0,3.1,0.0,0,26.2,849.8,26.2,26.5,48.3,843,6850,0,1.0,61,2.0,2.0,26.5,19.0,20.9,1,0.0208320924078408,False,NORMAL,Normal environmental conditions,None,Continue monitoring environmental conditions.,LOW
2026-09-04 10:55:43+00:00,0.0,0,0.0,3.0,0.0,0,26.2,849.5,26.6,27.0,47.0,820,6628,0,0.8,33,2.4,2.4,27.3,19.2,21.5,-1,-0.0082636107264528,True,NORMAL,Heat and dryness anomaly,"Elevated heat conditions, Below-normal humidity, Above-normal wind gust, Unusually high temperature",Monitor heat exposure and maintain hydration.,HIGH
2026-09-04 11:10:52+00:00,0.0,0,0.0,2.9,0.0,0,25.6,849.3,25.8,26.5,47.4,792,6294,0,1.3,174,1.7,1.7,26.5,18.9,20.9,1,0.0231305856194116,False,NORMAL,Normal environmental conditions,None,Continue monitoring environmental conditions.,LOW
2026-09-04 11:26:33+00:00,0.0,0,0.0,2.7,0.0,0,26.1,849.0,26.4,26.9,46.8,757,5904,0,0.5,101,1.7,1.7,27.2,19.1,21.4,1,0.025402433926024,False,NORMAL,Normal environmental conditions,None,Continue monitoring environmental conditions.,LOW
2026-09-04 11:42:33+00:00,0.0,0,0.0,2.5,0.0,0,26.1,849.1,26.0,27.0,47.1,718,5491,0,0.9,93,1.3,1.3,27.2,19.2,21.4,1,0.0260167599047905,False,NORMAL,Normal environmental conditions,None,Continue monitoring environmental conditions.,LOW
2026-09-04 11:57:42+00:00,0.0,0,0.0,2.3,0.0,0,26.2,849.0,26.3,27.1,47.7,689,5138,0,1.0,83,2.6,2.6,27.4,19.4,21.6,1,0.006780908122697,False,NORMAL,Normal environmental conditions,None,Continue monitoring environmental conditions.,LOW
2026-09-04 12:12:51+00:00,0.0,0,0.0,1.6,0.0,0,25.9,848.9,25.8,26.8,47.4,561,3587,0,1.9,92,5.7,5.7,27.1,19.1,21.4,-1,-0.0400544422844405,True,NORMAL,Heat and dryness anomaly,"Elevated heat conditions, Below-normal humidity, Elevated wind gust, Unusually high temperature",Monitor heat exposure and maintain hydration. Monitor exposed areas and unsecured infrastructure.,HIGH
2026-09-04 12:28:00+00:00,0.0,0,0.0,1.9,0.0,0,25.4,848.8,25.6,26.4,48.7,617,4345,0,0.6,142,1.1,1.1,26.4,19.0,20.8,1,0.0496782452133034,False,NORMAL,Normal environmental conditions,None,Continue monitoring environmental conditions.,LOW
2026-09-04 12:43:09+00:00,0.0,0,0.0,1.7,0.0,0,25.8,848.7,25.6,26.7,48.2,572,3874,0,1.9,57,4.1,4.1,27.0,19.2,21.3,-1,-0.0367872871831644,True,NORMAL,Heat and dryness anomaly,"Elevated heat conditions, Below-normal humidity, Elevated wind gust",Monitor heat exposure and maintain hydration. Monitor exposed areas and unsecured infrastructure.,HIGH
2026-09-04 12:58:32+00:00,0.0,0,0.0,1.6,0.0,0,25.2,848.7,25.4,26.0,49.9,548,3574,0,1.2,119,2.4,2.4,26.0,18.8,20.5,1,0.0433173626832299,False,NORMAL,Normal environmental conditions,None,Continue monitoring environmental conditions.,LOW
2026-09-04 13:13:41+00:00,0.0,0,0.0,1.3,0.0,0,25.6,848.6,25.8,26.6,48.9,501,3053,0,0.8,66,1.5,1.5,26.6,19.2,21.0,1,0.042708822020915,False,NORMAL,Normal environmental conditions,None,Continue monitoring environmental conditions.,LOW
2026-09-04 13:28:50+00:00,0.0,0,0.0,1.1,0.0,0,25.1,848.5,25.3,26.0,50.0,455,2561,0,1.1,102,2.4,2.4,26.0,18.9,20.6,1,0.0495831009813932,False,NORMAL,Normal environmental conditions,None,Continue monitoring environmental conditions.,LOW
2026-09-04 13:44:00+00:00,0.0,0,0.0,0.8,0.0,0,25.0,848.4,25.2,26.0,50.0,413,2089,0,1.0,94,2.6,2.6,26.0,18.9,20.5,1,0.0503435613239287,False,NORMAL,Normal environmental conditions,None,Continue monitoring environmental conditions.,LOW
2026-09-04 13:59:09+00:00,0.0,0,0.0,0.6,0.0,0,24.7,848.5,25.0,25.6,51.0,365,1549,0,0.5,13,1.5,1.5,25.5,18.6,20.2,1,0.0525632865194137,False,NORMAL,Normal environmental conditions,None,Continue monitoring environmental conditions.,LOW
2026-09-04 14:14:36+00:00,0.0,0,0.0,0.4,0.0,0,24.1,848.5,24.4,24.9,52.9,341,1241,0,1.0,67,3.1,3.1,24.8,18.3,19.6,1,0.0499378746373112,False,NORMAL,Normal environmental conditions,None,Continue monitoring environmental conditions.,LOW
2026-09-04 14:29:45+00:00,0.0,0,0.0,0.2,0.0,0,23.3,848.7,23.6,23.8,55.8,304,677,0,1.2,157,2.8,2.8,23.7,17.8,18.7,1,0.0677899198450931,False,NORMAL,Normal environmental conditions,None,Continue monitoring environmental conditions.,LOW
2026-09-04 14:44:53+00:00,0.0,0,0.0,0.2,0.0,0,22.9,848.9,23.1,23.3,57.2,286,460,0,0.8,41,2.4,2.4,23.2,17.5,18.3,1,0.0722683711881889,False,NORMAL,Normal environmental conditions,None,Continue monitoring environmental conditions.,LOW
2026-09-04 15:00:03+00:00,0.0,0,0.0,0.1,0.0,0,22.5,849.0,22.7,22.9,58.0,274,372,0,0.9,74,2.0,2.0,22.8,17.3,18.0,1,0.093013809339824,False,NORMAL,Normal environmental conditions,None,Continue monitoring environmental conditions.,LOW
2026-09-04 15:15:13+00:00,0.0,0,0.0,0.1,0.0,0,22.1,849.1,22.3,22.5,58.8,268,302,0,1.0,121,2.4,2.4,22.4,17.1,17.7,1,0.0987795240051617,False,NORMAL,Normal environmental conditions,None,Continue monitoring environmental conditions.,LOW
2026-09-04 15:30:40+00:00,0.0,0,0.0,0.0,0.0,0,21.8,849.3,21.9,22.1,60.0,263,271,0,0.4,105,0.9,0.9,22.1,16.9,17.4,1,0.1279655177528181,False,NORMAL,Normal environmental conditions,None,Continue monitoring environmental conditions.,LOW
2026-09-04 15:45:49+00:00,0.0,0,0.0,0.0,0.0,0,21.6,849.6,21.8,21.9,60.7,261,256,0,0.7,128,1.7,1.7,21.8,16.8,17.2,1,0.1294511524378689,False,NORMAL,Normal environmental conditions,None,Continue monitoring environmental conditions.,LOW
2026-09-04 16:01:48+00:00,0.0,0,0.0,0.0,0.0,0,21.6,849.8,21.8,21.9,60.8,261,253,0,0.2,124,0.9,0.9,21.8,16.8,17.1,1,0.1321083734869345,False,NORMAL,Normal environmental conditions,None,Continue monitoring environmental conditions.,LOW
2026-09-04 16:16:57+00:00,0.0,0,0.0,0.0,0.0,0,21.5,850.0,21.7,21.9,60.8,261,255,0,0.5,129,1.5,1.5,21.8,16.8,17.1,1,0.1381398678673918,False,NORMAL,Normal environmental conditions,None,Continue monitoring environmental conditions.,LOW
2026-09-04 16:32:06+00:00,0.0,0,0.0,0.0,0.0,0,21.4,850.0,21.6,21.8,61.0,260,254,0,0.2,156,0.9,0.9,21.7,16.7,17.0,1,0.1339316920944462,False,NORMAL,Normal environmental conditions,None,Continue monitoring environmental conditions.,LOW
2026-09-04 16:47:15+00:00,0.0,0,0.0,0.0,0.0,0,21.2,850.2,21.4,21.5,61.7,260,253,0,0.3,136,1.1,1.1,21.5,16.6,16.8,1,0.1432820227911736,False,NORMAL,Normal environmental conditions,None,Continue monitoring environmental conditions.,LOW
2026-09-04 17:02:44+00:00,0.0,0,0.0,0.0,0.0,0,21.1,850.4,21.2,21.4,62.1,260,253,0,0.6,137,2.0,2.0,21.3,16.6,16.7,1,0.1454565940340981,False,NORMAL,Normal environmental conditions,None,Continue monitoring environmental conditions.,LOW
2026-09-04 17:17:53+00:00,0.0,0,0.0,0.0,0.0,0,21.0,850.5,21.1,21.3,62.3,261,253,0,0.7,192,1.7,1.7,21.2,16.5,16.7,1,0.1390683497329221,False,NORMAL,Normal environmental conditions,None,Continue monitoring environmental conditions.,LOW
2026-09-04 17:33:52+00:00,0.0,0,0.0,0.0,0.0,0,21.0,850.8,21.1,21.3,62.3,261,255,0,0.8,142,1.5,1.5,21.2,16.5,16.6,1,0.1444721164336281,False,NORMAL,Normal environmental conditions,None,Continue monitoring environmental conditions.,LOW
2026-09-04 17:49:01+00:00,0.0,0,0.0,0.0,0.0,0,20.9,850.7,21.1,21.2,62.4,261,254,0,0.2,204,1.3,1.3,21.1,16.4,16.5,1,0.135836474031308,False,NORMAL,Normal environmental conditions,None,Continue monitoring environmental conditions.,LOW
2026-09-04 18:04:11+00:00,0.0,0,0.0,0.0,0.0,0,20.8,850.8,21.0,21.2,61.8,260,253,0,0.4,130,1.1,1.1,21.1,16.3,16.5,1,0.1474079015307818,False,NORMAL,Normal environmental conditions,None,Continue monitoring environmental conditions.,LOW
2026-09-04 18:19:38+00:00,0.0,0,0.0,0.0,0.0,0,20.8,850.9,20.9,21.2,61.3,260,254,0,1.1,162,2.2,2.2,21.1,16.2,16.5,1,0.1235797502218817,False,NORMAL,Normal environmental conditions,None,Continue monitoring environmental conditions.,LOW
2026-09-04 18:34:47+00:00,0.0,0,0.0,0.0,0.0,0,20.8,851.0,21.0,21.2,61.6,260,252,0,0.2,141,0.7,0.7,21.0,16.3,16.5,1,0.1475008622665554,False,NORMAL,Normal environmental conditions,None,Continue monitoring environmental conditions.,LOW
2026-09-04 18:49:56+00:00,0.0,0,0.0,0.0,0.0,0,20.7,851.0,20.9,21.1,60.9,260,253,0,0.5,73,1.5,1.5,21.0,16.1,16.4,1,0.1443392202360502,False,NORMAL,Normal environmental conditions,None,Continue monitoring environmental conditions.,LOW
2026-09-04 19:05:06+00:00,0.0,0,0.0,0.0,0.0,0,20.6,851.2,20.8,21.0,62.0,259,253,0,0.7,130,1.1,1.1,20.9,16.1,16.3,1,0.1450333627422612,False,NORMAL,Normal environmental conditions,None,Continue monitoring environmental conditions.,LOW
2026-09-04 19:20:15+00:00,0.0,0,0.0,0.0,0.0,0,20.2,851.3,20.3,20.6,61.3,259,254,0,1.1,116,2.5,2.5,20.5,15.7,16.0,1,0.1082158170070904,False,NORMAL,Normal environmental conditions,None,Continue monitoring environmental conditions.,LOW
2026-09-04 19:35:41+00:00,0.0,0,0.0,0.0,0.0,0,20.0,851.5,20.1,20.4,61.9,260,253,0,1.9,138,3.7,3.7,20.2,15.6,15.7,1,0.0339973360490942,False,NORMAL,Normal environmental conditions,None,Continue monitoring environmental conditions.,LOW
2026-09-04 19:50:50+00:00,0.0,0,0.0,0.0,0.0,0,19.8,851.6,20.0,20.2,62.5,260,252,0,0.3,118,0.9,0.9,20.1,15.5,15.6,1,0.1559097885416949,False,NORMAL,Normal environmental conditions,None,Continue monitoring environmental conditions.,LOW
2026-09-04 20:05:59+00:00,0.0,0,0.0,0.0,0.0,0,19.7,851.7,19.9,20.1,63.1,261,253,0,0.8,128,1.7,1.7,19.9,15.5,15.5,1,0.1436701321311146,False,NORMAL,Normal environmental conditions,None,Continue monitoring environmental conditions.,LOW
2026-09-04 20:21:07+00:00,0.0,0,0.0,0.0,0.0,0,19.5,851.7,19.6,19.9,63.8,260,253,0,0.3,139,1.5,1.5,19.7,15.4,15.3,1,0.1549599256732013,False,NORMAL,Normal environmental conditions,None,Continue monitoring environmental conditions.,LOW
2026-09-04 20:36:16+00:00,0.0,0,0.0,0.0,0.0,0,19.3,851.7,19.4,19.7,65.0,261,252,0,1.0,138,2.8,2.8,19.5,15.4,15.1,1,0.1043954152895851,False,NORMAL,Normal environmental conditions,None,Continue monitoring environmental conditions.,LOW
2026-09-04 20:51:44+00:00,0.0,0,0.0,0.0,0.0,0,19.2,851.6,19.4,19.5,65.6,261,253,0,0.6,189,1.1,1.1,19.4,15.3,15.0,1,0.1505455592798706,False,NORMAL,Normal environmental conditions,None,Continue monitoring environmental conditions.,LOW
2026-09-04 21:06:53+00:00,0.0,0,0.0,0.0,0.0,0,19.0,851.7,19.1,19.3,66.5,261,254,0,0.8,173,2.2,2.2,19.2,15.2,14.8,1,0.1289740163348446,False,NORMAL,Normal environmental conditions,None,Continue monitoring environmental conditions.,LOW
2026-09-04 21:22:31+00:00,0.0,0,0.0,0.0,0.0,0,18.8,851.6,18.9,19.2,67.3,260,254,0,1.1,172,2.6,2.6,19.0,15.2,14.7,1,0.103712830253806,False,NORMAL,Normal environmental conditions,None,Continue monitoring environmental conditions.,LOW
2026-09-04 21:37:55+00:00,0.0,0,0.0,0.0,0.0,0,18.6,851.6,18.8,19.0,68.2,260,254,0,0.4,135,1.3,1.3,18.9,15.1,14.5,1,0.1608523246582172,False,NORMAL,Normal environmental conditions,None,Continue monitoring environmental conditions.,LOW
2026-09-04 21:53:05+00:00,0.0,0,0.0,0.0,0.0,0,18.4,851.3,18.6,18.8,69.1,261,253,0,0.3,147,1.3,1.3,18.7,15.0,14.3,1,0.1573424415424346,False,NORMAL,Normal environmental conditions,None,Continue monitoring environmental conditions.,LOW
2026-09-04 22:08:14+00:00,0.0,0,0.0,0.0,0.0,0,18.0,851.4,18.2,18.5,70.2,261,253,0,0.1,134,0.4,0.4,18.4,14.9,14.1,1,0.1634500681431401,False,NORMAL,Normal environmental conditions,None,Continue monitoring environmental conditions.,LOW
2026-09-04 22:24:03+00:00,0.0,0,0.0,0.0,0.0,0,18.0,851.4,18.2,18.4,70.7,260,254,0,0.7,138,1.2,1.2,18.3,14.9,14.0,1,0.1535195755599913,False,NORMAL,Normal environmental conditions,None,Continue monitoring environmental conditions.,LOW
2026-09-04 22:39:13+00:00,0.0,0,0.0,0.0,0.0,0,17.7,851.4,17.9,18.1,71.9,260,253,0,0.3,142,0.7,0.7,18.0,14.8,13.7,1,0.1636341200533707,False,NORMAL,Normal environmental conditions,None,Continue monitoring environmental conditions.,LOW
2026-09-04 22:54:22+00:00,0.0,0,0.0,0.0,0.0,0,17.3,851.2,17.4,17.8,74.1,261,255,0,0.6,103,1.5,1.5,17.7,14.7,13.4,1,0.146378434316823,False,NORMAL,Normal environmental conditions,None,Continue monitoring environmental conditions.,LOW
2026-09-04 23:09:31+00:00,0.0,0,0.0,0.0,0.0,0,16.8,851.3,17.0,17.3,76.6,260,253,0,0.4,178,0.9,0.9,17.2,14.5,13.0,1,0.1600273820058466,False,NORMAL,Normal environmental conditions,None,Continue monitoring environmental conditions.,LOW
2026-09-04 23:24:59+00:00,0.0,0,0.0,0.0,0.0,0,16.6,851.2,16.7,17.0,78.1,259,252,0,0.1,178,0.7,0.7,16.9,14.4,12.7,1,0.163050936362632,False,NORMAL,Normal environmental conditions,None,Continue monitoring environmental conditions.,LOW
2026-09-04 23:40:08+00:00,0.0,0,0.0,0.0,0.0,0,16.4,851.0,16.5,16.8,79.6,261,254,0,0.4,140,0.7,0.7,16.7,14.4,12.5,1,0.1636911722612516,False,NORMAL,Normal environmental conditions,None,Continue monitoring environmental conditions.,LOW
2026-09-04 23:55:17+00:00,0.0,0,0.0,0.0,0.0,0,16.2,851.0,16.4,16.7,80.6,261,254,0,0.7,136,1.3,1.3,16.6,14.4,12.4,1,0.1383865167252681,False,NORMAL,Normal environmental conditions,None,Continue monitoring environmental conditions.,LOW
2026-09-05 00:00:19+00:00,0.0,0,0.0,0.0,0.0,0,16.2,851.0,16.3,16.7,80.9,260,255,0,0.6,136,1.1,1.1,16.6,14.4,12.4,1,0.1448639132759442,False,NORMAL,Normal environmental conditions,None,Continue monitoring environmental conditions.,LOW
2026-09-05 00:15:29+00:00,0.0,0,0.0,0.0,0.0,0,16.0,851.0,16.3,16.5,81.7,261,253,0,0.0,136,0.2,0.2,16.4,14.4,12.2,1,0.155055466291575,False,NORMAL,Normal environmental conditions,None,Continue monitoring environmental conditions.,LOW
2026-09-05 00:30:56+00:00,0.0,0,0.0,0.0,0.0,0,15.8,850.9,16.1,16.2,82.5,259,253,0,0.0,136,0.0,0.0,16.1,14.2,11.9,1,0.1559386053381711,False,NORMAL,Normal environmental conditions,None,Continue monitoring environmental conditions.,LOW
2026-09-05 00:46:05+00:00,0.0,0,0.0,0.0,0.0,0,15.4,851.1,15.7,15.7,84.1,260,254,0,0.0,136,0.0,0.0,15.7,13.9,11.5,1,0.1459460576563135,False,NORMAL,Normal environmental conditions,None,Continue monitoring environmental conditions.,LOW
2026-09-05 01:01:14+00:00,0.0,0,0.0,0.0,0.0,0,15.1,851.2,15.3,15.5,85.3,260,253,0,0.0,136,0.0,0.0,15.4,13.8,11.2,1,0.1295994551933058,False,NORMAL,Normal environmental conditions,None,Continue monitoring environmental conditions.,LOW
2026-09-05 01:16:23+00:00,0.0,0,0.0,0.0,0.0,0,14.9,851.3,15.2,15.3,86.5,259,254,0,0.0,136,0.0,0.0,15.2,13.7,11.0,1,0.1276337612273581,False,NORMAL,Normal environmental conditions,None,Continue monitoring environmental conditions.,LOW
2026-09-05 01:31:33+00:00,0.0,0,0.0,0.0,0.0,0,15.0,851.4,15.3,15.4,86.9,261,253,0,0.0,136,0.0,0.0,15.3,13.9,11.1,1,0.1318922522218518,False,NORMAL,Normal environmental conditions,None,Continue monitoring environmental conditions.,LOW
2026-09-05 01:46:58+00:00,0.0,0,0.0,0.0,0.0,0,14.9,851.4,15.2,15.3,87.2,262,254,0,0.2,136,0.7,0.7,15.2,13.8,11.0,1,0.1130810289407312,False,NORMAL,Normal environmental conditions,None,Continue monitoring environmental conditions.,LOW
2026-09-05 02:02:07+00:00,0.0,0,0.0,0.0,0.0,0,14.8,851.5,15.1,15.2,87.7,261,254,0,0.0,136,0.0,0.0,15.1,13.8,10.9,1,0.1216266266013677,False,NORMAL,Normal environmental conditions,None,Continue monitoring environmental conditions.,LOW
2026-09-05 02:17:16+00:00,0.0,0,0.0,0.0,0.0,0,14.7,851.7,15.1,15.1,87.7,261,254,0,0.0,136,0.2,0.2,15.1,13.7,10.9,1,0.1192301736442879,False,NORMAL,Normal environmental conditions,None,Continue monitoring environmental conditions.,LOW
2026-09-05 02:32:26+00:00,0.0,0,0.0,0.0,0.0,0,14.6,851.8,14.9,15.1,87.7,259,253,0,0.0,136,0.0,0.0,15.0,13.7,10.8,1,0.1183361641620065,False,NORMAL,Normal environmental conditions,None,Continue monitoring environmental conditions.,LOW
2026-09-05 02:47:35+00:00,0.0,0,0.0,0.0,0.0,0,14.5,851.7,14.8,14.9,87.8,261,253,0,0.0,136,0.0,0.0,14.9,13.5,10.7,1,0.1174092542047998,False,NORMAL,Normal environmental conditions,None,Continue monitoring environmental conditions.,LOW
2026-09-05 03:03:00+00:00,0.0,0,0.0,0.0,0.0,0,14.3,851.8,14.6,14.7,88.9,261,254,0,0.1,136,0.2,0.2,14.6,13.4,10.4,1,0.0925045745392476,False,NORMAL,Normal environmental conditions,None,Continue monitoring environmental conditions.,LOW
2026-09-05 03:18:09+00:00,0.0,0,0.0,0.0,0.0,0,14.2,851.9,14.4,14.6,89.6,260,258,0,0.0,136,0.0,0.0,14.5,13.4,10.3,1,0.0956670676242847,False,NORMAL,Normal environmental conditions,None,Continue monitoring environmental conditions.,LOW
2026-09-05 03:33:19+00:00,0.0,0,0.0,0.0,0.0,0,14.0,851.9,14.2,14.3,90.6,264,302,0,0.0,136,0.0,0.0,14.3,13.2,10.1,1,0.0838649939570711,False,NORMAL,Normal environmental conditions,None,Continue monitoring environmental conditions.,LOW
2026-09-05 03:48:27+00:00,0.0,0,0.0,0.1,0.0,0,13.7,852.0,13.9,14.1,90.7,275,387,0,0.0,136,0.0,0.0,14.0,13.0,9.8,1,0.0505097368422613,False,NORMAL,Normal environmental conditions,None,Continue monitoring environmental conditions.,LOW
2026-09-05 04:03:36+00:00,0.0,0,0.0,0.2,0.0,0,13.8,852.1,14.1,14.1,91.0,286,490,0,0.0,136,0.0,0.0,14.1,13.1,9.9,1,0.0528497639758877,False,NORMAL,Normal environmental conditions,None,Continue monitoring environmental conditions.,LOW
2026-09-05 04:19:03+00:00,0.0,0,0.0,0.2,0.0,0,14.1,852.2,14.5,14.6,90.4,297,575,0,0.0,136,0.0,0.0,14.5,13.5,10.3,1,0.0689096008113351,False,NORMAL,Normal environmental conditions,None,Continue monitoring environmental conditions.,LOW
2026-09-05 04:34:11+00:00,0.0,0,0.0,0.3,0.0,0,15.0,852.4,15.6,15.4,88.2,311,743,0,0.0,136,0.2,0.2,15.4,14.1,11.2,1,0.1009284995047515,False,NORMAL,Normal environmental conditions,None,Continue monitoring environmental conditions.,LOW
2026-09-05 04:49:20+00:00,0.0,0,0.0,0.3,0.0,0,16.9,852.5,16.9,16.6,84.4,318,823,0,0.0,136,0.2,0.2,16.6,14.8,12.4,1,0.1406135461911255,False,NORMAL,Normal environmental conditions,None,Continue monitoring environmental conditions.,LOW
2026-09-05 05:04:28+00:00,0.0,0,0.0,0.8,0.0,0,17.5,852.6,17.6,17.3,80.9,410,2037,0,0.1,136,0.4,0.4,17.3,15.1,13.1,1,0.1263409306956534,False,NORMAL,Normal environmental conditions,None,Continue monitoring environmental conditions.,LOW
2026-09-05 05:19:36+00:00,0.0,0,0.0,1.1,0.0,0,19.5,852.7,19.6,18.8,76.8,455,2544,0,0.2,42,0.7,0.7,18.7,16.0,14.4,1,0.1115629943352969,False,NORMAL,Normal environmental conditions,None,Continue monitoring environmental conditions.,LOW
2026-09-05 05:34:45+00:00,0.0,0,0.0,1.3,0.0,0,18.9,852.5,19.4,18.5,75.9,493,2981,0,0.9,228,1.5,1.5,18.5,15.6,14.2,1,0.0790436285910438,False,NORMAL,Normal environmental conditions,None,Continue monitoring environmental conditions.,LOW
2026-09-05 05:50:13+00:00,0.0,0,0.0,1.5,0.0,0,20.7,852.6,21.1,20.0,71.2,536,3444,0,0.7,287,1.3,1.3,20.0,16.5,15.6,1,0.0789828994165068,False,NORMAL,Normal environmental conditions,None,Continue monitoring environmental conditions.,LOW
2026-09-05 06:05:20+00:00,0.0,0,0.0,1.7,0.0,0,20.6,852.6,20.8,20.1,70.1,576,3905,0,0.0,264,0.2,0.2,20.1,16.4,15.6,1,0.0596392105603014,False,NORMAL,Normal environmental conditions,None,Continue monitoring environmental conditions.,LOW
2026-09-05 06:20:29+00:00,0.0,0,0.0,1.9,0.0,0,21.4,852.4,21.2,21.0,67.1,618,4360,0,0.3,84,1.1,1.1,21.0,16.9,16.4,1,0.1011330105451679,False,NORMAL,Normal environmental conditions,None,Continue monitoring environmental conditions.,LOW
2026-09-05 06:35:37+00:00,0.0,0,0.0,2.1,0.0,0,22.4,852.4,23.2,22.3,63.4,651,4715,0,0.1,131,0.2,0.2,22.3,17.5,17.5,1,0.073472803366724,False,NORMAL,Normal environmental conditions,None,Continue monitoring environmental conditions.,LOW
2026-09-05 06:51:16+00:00,0.0,0,0.0,2.3,0.0,0,21.8,852.3,22.4,21.4,64.8,685,5091,0,0.5,225,1.3,1.3,21.3,16.9,16.7,1,0.0709769616732952,False,NORMAL,Normal environmental conditions,None,Continue monitoring environmental conditions.,LOW
2026-09-05 07:06:24+00:00,0.0,0,0.0,2.5,0.0,0,23.2,852.2,23.9,23.3,59.0,724,5520,0,0.6,192,1.1,1.1,23.3,17.9,18.4,1,0.0675941783702208,False,NORMAL,Normal environmental conditions,None,Continue monitoring environmental conditions.,LOW
2026-09-05 07:22:18+00:00,0.0,0,0.0,2.7,0.0,0,23.6,852.1,24.3,23.8,57.2,762,5935,0,0.7,185,1.3,1.3,23.8,18.0,18.8,1,0.0666373825984969,False,NORMAL,Normal environmental conditions,None,Continue monitoring environmental conditions.,LOW
2026-09-05 07:37:26+00:00,0.0,0,0.0,2.9,0.0,0,25.5,852.0,25.6,25.7,52.1,796,6303,0,0.4,82,0.7,0.7,25.7,18.9,20.3,1,0.0311617045315135,False,NORMAL,Normal environmental conditions,None,Continue monitoring environmental conditions.,LOW
2026-09-05 07:52:35+00:00,0.0,0,0.0,3.0,0.0,0,24.7,852.0,25.0,25.2,52.7,825,6619,0,0.7,195,1.5,1.5,25.2,18.6,19.9,1,0.0439782854487874,False,NORMAL,Normal environmental conditions,None,Continue monitoring environmental conditions.,LOW
2026-09-05 08:07:43+00:00,0.0,0,0.0,3.0,0.0,0,24.3,851.8,25.2,24.7,52.5,826,6686,0,0.7,208,1.3,1.3,24.7,18.2,19.5,1,0.0463530358275006,False,NORMAL,Normal environmental conditions,None,Continue monitoring environmental conditions.,LOW
2026-09-05 08:22:52+00:00,0.0,0,0.0,3.3,0.0,0,25.0,851.6,25.8,25.6,51.0,866,7045,0,1.3,176,2.0,2.0,25.5,18.6,20.2,1,0.0279347705448583,False,NORMAL,Normal environmental conditions,None,Continue monitoring environmental conditions.,LOW
2026-09-05 08:38:14+00:00,0.0,0,0.0,3.3,0.0,0,25.2,851.3,25.6,25.1,52.0,878,7193,0,1.1,234,1.7,1.7,25.1,18.4,19.8,1,0.029819896628956,False,NORMAL,Normal environmental conditions,None,Continue monitoring environmental conditions.,LOW
2026-09-05 08:53:22+00:00,0.0,0,0.0,3.5,0.0,0,25.3,851.2,25.6,26.0,50.3,903,7432,0,0.6,127,1.7,1.7,25.9,18.9,20.5,1,0.0322513063998084,False,NORMAL,Normal environmental conditions,None,Continue monitoring environmental conditions.,LOW
2026-09-05 09:08:30+00:00,0.0,0,0.0,3.5,0.0,0,26.9,850.9,27.4,27.1,46.4,912,7497,0,1.4,178,2.6,2.6,27.3,19.2,21.5,-1,-0.0304356831487816,True,NORMAL,Heat and dryness anomaly,"Elevated heat conditions, Unusually low humidity, Elevated wind gust, Unusually high temperature",Monitor heat exposure and maintain hydration. Monitor dry conditions and potential vegetation stress. Monitor exposed areas and unsecured infrastructure.,HIGH
2026-09-05 09:23:38+00:00,0.0,0,0.0,3.5,0.0,0,25.8,850.6,26.3,26.5,48.1,913,7528,0,1.1,75,2.0,2.0,26.5,19.0,20.9,1,0.0056803866036552,False,NORMAL,Normal environmental conditions,None,Continue monitoring environmental conditions.,LOW
2026-09-05 09:38:46+00:00,0.0,0,0.0,3.6,0.0,0,27.2,850.5,27.4,27.7,44.9,922,7610,0,1.5,77,3.7,3.7,27.8,19.5,21.8,-1,-0.0692975373846364,True,WARNING,Heat and dryness anomaly,"Elevated heat conditions, Unusually low humidity, Elevated wind gust, Unusually high temperature",Monitor heat exposure and maintain hydration. Monitor dry conditions and potential vegetation stress. Monitor exposed areas and unsecured infrastructure.,HIGH
2026-09-05 09:53:55+00:00,0.0,0,0.0,3.5,0.0,0,27.0,850.2,27.6,27.3,43.2,917,7556,0,1.4,227,2.0,2.0,27.3,18.8,21.5,-1,-0.0310620894908474,True,NORMAL,Heat and dryness anomaly,"Elevated heat conditions, Unusually low humidity, Unusually high temperature",Monitor heat exposure and maintain hydration. Monitor dry conditions and potential vegetation stress.,HIGH
2026-09-05 10:09:17+00:00,0.0,0,0.0,3.5,0.0,0,27.5,849.8,28.0,28.0,43.1,911,7497,0,0.3,165,0.7,0.7,27.9,19.4,21.9,-1,-0.0463115951034383,True,NORMAL,Heat and dryness anomaly,"Elevated heat conditions, Unusually low humidity, Unusually high temperature",Monitor heat exposure and maintain hydration. Monitor dry conditions and potential vegetation stress.,HIGH
2026-09-05 10:24:25+00:00,0.0,0,0.0,3.4,0.0,0,27.8,849.7,27.9,28.5,42.1,885,7311,0,2.0,79,2.8,2.8,28.3,19.6,22.3,-1,-0.0833610446548668,True,WARNING,Heat and dryness anomaly,"Elevated heat conditions, Unusually low humidity, Elevated wind gust, Unusually high temperature",Monitor heat exposure and maintain hydration. Monitor dry conditions and potential vegetation stress. Monitor exposed areas and unsecured infrastructure.,HIGH
2026-09-05 10:40:24+00:00,0.0,0,0.0,1.5,0.0,0,28.3,849.4,28.7,28.9,42.6,536,3013,0,0.3,83,1.3,1.3,28.7,20.0,22.5,-1,-0.0485203630033197,True,NORMAL,Heat and dryness anomaly,"Elevated heat conditions, Unusually low humidity, Unusually high temperature",Monitor heat exposure and maintain hydration. Monitor dry conditions and potential vegetation stress.,HIGH
2026-09-05 10:55:32+00:00,0.0,0,0.0,3.3,0.0,0,28.9,849.3,29.4,29.7,40.4,876,7216,0,0.4,141,1.1,1.1,29.4,20.3,23.0,-1,-0.0886473363147006,True,WARNING,Heat and dryness anomaly,"Elevated heat conditions, Unusually low humidity, Unusually high temperature",Monitor heat exposure and maintain hydration. Monitor dry conditions and potential vegetation stress.,HIGH
2026-09-05 11:10:40+00:00,0.0,0,0.0,1.2,0.0,0,28.4,849.0,28.7,29.3,38.5,476,2373,0,1.3,153,2.0,2.0,28.8,19.6,22.6,-1,-0.0597095476770579,True,WARNING,Heat and dryness anomaly,"Elevated heat conditions, Unusually low humidity, Unusually high temperature",Monitor heat exposure and maintain hydration. Monitor dry conditions and potential vegetation stress.,HIGH
2026-09-05 11:25:48+00:00,0.0,0,0.0,3.1,0.0,0,27.6,848.7,27.6,27.9,40.1,826,6689,0,1.3,294,2.2,2.2,27.6,18.8,21.7,-1,-0.0394476554552146,True,NORMAL,Heat and dryness anomaly,"Elevated heat conditions, Unusually low humidity, Above-normal wind gust, Unusually high temperature",Monitor heat exposure and maintain hydration. Monitor dry conditions and potential vegetation stress.,HIGH
2026-09-05 11:41:15+00:00,0.0,0,0.0,3.0,0.0,0,29.0,848.6,29.4,29.8,38.9,810,6500,0,1.0,78,2.2,2.2,29.4,20.1,23.0,-1,-0.0842085132896279,True,WARNING,Heat and dryness anomaly,"Elevated heat conditions, Unusually low humidity, Above-normal wind gust, Unusually high temperature",Monitor heat exposure and maintain hydration. Monitor dry conditions and potential vegetation stress.,HIGH
2026-09-05 11:56:24+00:00,0.0,0,0.0,2.6,0.0,0,29.1,848.5,29.2,29.8,38.5,742,5678,0,0.3,82,1.3,1.3,29.3,20.0,22.9,-1,-0.0838647433686129,True,WARNING,Heat and dryness anomaly,"Elevated heat conditions, Unusually low humidity, Unusually high temperature",Monitor heat exposure and maintain hydration. Monitor dry conditions and potential vegetation stress.,HIGH
2026-09-05 12:11:32+00:00,0.0,0,0.0,2.4,0.0,0,28.6,848.3,28.9,29.5,38.0,705,5238,0,1.6,101,4.5,4.5,28.9,19.6,22.6,-1,-0.1093857024543792,True,WARNING,Heat and dryness anomaly,"Elevated heat conditions, Unusually low humidity, Elevated wind gust, Unusually high temperature",Monitor heat exposure and maintain hydration. Monitor dry conditions and potential vegetation stress. Monitor exposed areas and unsecured infrastructure.,HIGH
2026-09-05 12:26:40+00:00,0.0,0,0.0,0.7,0.0,0,28.9,848.1,29.1,29.8,37.3,391,1510,0,0.9,99,3.1,3.1,29.2,19.8,22.9,-1,-0.0882314610598227,True,WARNING,Heat and dryness anomaly,"Elevated heat conditions, Unusually low humidity, Elevated wind gust, Unusually high temperature",Monitor heat exposure and maintain hydration. Monitor dry conditions and potential vegetation stress. Monitor exposed areas and unsecured infrastructure.,HIGH
2026-09-05 12:41:48+00:00,0.0,0,0.0,1.8,0.0,0,27.0,848.1,27.2,27.6,39.9,600,4134,0,0.4,146,0.9,0.9,27.3,18.5,21.5,1,0.0108656003826612,False,NORMAL,Normal environmental conditions,None,Continue monitoring environmental conditions.,LOW
2026-09-05 12:56:56+00:00,0.0,0,0.0,1.8,0.0,0,28.3,848.1,28.8,29.1,38.3,587,3990,0,1.2,163,2.6,2.6,28.5,19.4,22.4,-1,-0.0607027031273507,True,WARNING,Heat and dryness anomaly,"Elevated heat conditions, Unusually low humidity, Elevated wind gust, Unusually high temperature",Monitor heat exposure and maintain hydration. Monitor dry conditions and potential vegetation stress. Monitor exposed areas and unsecured infrastructure.,HIGH
2026-09-05 13:12:19+00:00,0.0,0,0.0,1.5,0.0,0,28.4,848.1,28.9,29.3,38.0,531,3349,0,0.3,149,1.1,1.1,28.7,19.5,22.5,-1,-0.052845003359245,True,WARNING,Heat and dryness anomaly,"Elevated heat conditions, Unusually low humidity, Unusually high temperature",Monitor heat exposure and maintain hydration. Monitor dry conditions and potential vegetation stress.,HIGH
2026-09-05 13:27:28+00:00,0.0,0,0.0,1.3,0.0,0,28.3,847.8,28.6,29.2,38.4,506,3100,0,0.4,84,1.1,1.1,28.7,19.5,22.5,-1,-0.0474453096065307,True,NORMAL,Heat and dryness anomaly,"Elevated heat conditions, Unusually low humidity, Unusually high temperature",Monitor heat exposure and maintain hydration. Monitor dry conditions and potential vegetation stress.,HIGH
2026-09-05 13:43:27+00:00,0.0,0,0.0,1.0,0.0,0,27.4,848.0,27.8,28.2,39.2,449,2434,0,0.6,158,1.3,1.3,27.8,18.9,21.9,-1,-0.0076086694778403,True,NORMAL,Heat and dryness anomaly,"Elevated heat conditions, Unusually low humidity, Unusually high temperature",Monitor heat exposure and maintain hydration. Monitor dry conditions and potential vegetation stress.,HIGH
2026-09-05 13:58:36+00:00,0.0,0,0.0,0.8,0.0,0,27.6,848.0,27.9,28.5,37.8,410,1991,0,1.1,76,2.2,2.2,28.0,18.8,22.0,-1,-0.0228426231894148,True,NORMAL,Heat and dryness anomaly,"Elevated heat conditions, Unusually low humidity, Above-normal wind gust, Unusually high temperature",Monitor heat exposure and maintain hydration. Monitor dry conditions and potential vegetation stress.,HIGH
2026-09-05 14:13:44+00:00,0.0,0,0.0,0.6,0.0,0,27.1,848.0,27.4,28.0,37.9,371,1541,0,1.9,89,5.2,5.2,27.5,18.4,21.7,-1,-0.0772882761520378,True,WARNING,Heat and dryness anomaly,"Elevated heat conditions, Unusually low humidity, Elevated wind gust, Unusually high temperature",Monitor heat exposure and maintain hydration. Monitor dry conditions and potential vegetation stress. Monitor exposed areas and unsecured infrastructure.,HIGH
2026-09-05 14:28:53+00:00,0.0,0,0.0,0.2,0.0,0,26.6,848.3,26.9,27.0,38.7,296,555,0,0.7,169,2.8,2.8,26.8,17.8,21.1,-1,-0.0015232000081758,True,NORMAL,Heat and dryness anomaly,"Elevated heat conditions, Unusually low humidity, Elevated wind gust, Unusually high temperature",Monitor heat exposure and maintain hydration. Monitor dry conditions and potential vegetation stress. Monitor exposed areas and unsecured infrastructure.,HIGH
2026-09-05 14:44:01+00:00,0.0,0,0.0,0.2,0.0,0,26.0,848.5,26.1,26.4,39.8,290,497,0,0.8,134,1.3,1.3,26.2,17.4,20.7,1,0.0498210368304146,False,NORMAL,Normal environmental conditions,None,Continue monitoring environmental conditions.,LOW
2026-09-05 14:59:24+00:00,0.0,0,0.0,0.1,0.0,0,25.5,848.7,25.7,25.8,41.9,282,430,0,1.2,128,2.0,2.0,25.7,17.4,20.3,1,0.0495915838584137,False,NORMAL,Normal environmental conditions,None,Continue monitoring environmental conditions.,LOW
2026-09-05 15:14:32+00:00,0.0,0,0.0,0.1,0.0,0,25.0,848.8,25.1,25.3,43.5,273,358,0,0.6,121,0.9,0.9,25.2,17.2,19.9,1,0.0713637405168898,False,NORMAL,Normal environmental conditions,None,Continue monitoring environmental conditions.,LOW
2026-09-05 15:29:32+00:00,0.0,0,0.0,0.0,0.0,0,24.5,848.9,24.6,24.8,44.3,264,288,0,1.6,116,4.6,4.6,24.6,16.9,19.5,-1,-0.0021215518772436,True,NORMAL,Wind anomaly,"Unusually low humidity, Elevated wind gust",Monitor dry conditions and potential vegetation stress. Monitor exposed areas and unsecured infrastructure.,HIGH
2026-09-05 15:44:40+00:00,0.0,0,0.0,0.0,0.0,0,24.1,849.2,24.2,24.4,44.9,261,257,0,1.1,159,2.4,2.4,24.2,16.7,19.1,1,0.0734465279319903,False,NORMAL,Normal environmental conditions,None,Continue monitoring environmental conditions.,LOW
2026-09-05 15:59:49+00:00,0.0,0,0.0,0.0,0.0,0,23.6,849.4,23.8,23.9,45.3,261,253,0,0.6,138,1.1,1.1,23.8,16.4,18.8,1,0.100743265698151,False,NORMAL,Normal environmental conditions,None,Continue monitoring environmental conditions.,LOW
2026-09-05 16:14:57+00:00,0.0,0,0.0,0.0,0.0,0,23.2,849.6,23.4,23.5,45.8,261,253,0,0.7,111,1.3,1.3,23.3,16.1,18.4,1,0.1045101372239493,False,NORMAL,Normal environmental conditions,None,Continue monitoring environmental conditions.,LOW
2026-09-05 16:30:05+00:00,0.0,0,0.0,0.0,0.0,0,22.9,849.7,23.0,23.1,46.8,261,254,0,0.3,159,0.9,0.9,22.9,15.9,18.1,1,0.1043237480936824,False,NORMAL,Normal environmental conditions,None,Continue monitoring environmental conditions.,LOW
2026-09-05 16:45:28+00:00,0.0,0,0.0,0.0,0.0,0,22.5,849.9,22.7,22.8,48.6,260,253,0,0.4,120,0.7,0.7,22.6,15.9,17.8,1,0.1100321146393363,False,NORMAL,Normal environmental conditions,None,Continue monitoring environmental conditions.,LOW
2026-09-05 17:00:37+00:00,0.0,0,0.0,0.0,0.0,0,22.2,850.0,22.3,22.5,50.1,262,253,0,0.9,127,2.6,2.6,22.3,15.9,17.6,1,0.0983963230781806,False,NORMAL,Normal environmental conditions,None,Continue monitoring environmental conditions.,LOW
2026-09-05 17:15:45+00:00,0.0,0,0.0,0.0,0.0,0,21.8,850.3,21.9,22.1,51.8,262,253,0,0.6,123,2.4,2.4,22.0,15.8,17.3,1,0.1137504164808302,False,NORMAL,Normal environmental conditions,None,Continue monitoring environmental conditions.,LOW
2026-09-05 17:30:54+00:00,0.0,0,0.0,0.0,0.0,0,21.5,850.4,21.6,21.9,53.3,260,253,0,1.7,107,4.1,4.1,21.7,15.8,17.0,1,0.0277787980512,False,NORMAL,Normal environmental conditions,None,Continue monitoring environmental conditions.,LOW
2026-09-05 17:46:02+00:00,0.0,0,0.0,0.0,0.0,0,21.2,850.6,21.4,21.5,54.3,260,252,0,1.2,89,2.4,2.4,21.4,15.6,16.8,1,0.0985103315135721,False,NORMAL,Normal environmental conditions,None,Continue monitoring environmental conditions.,LOW
2026-09-05 18:01:31+00:00,0.0,0,0.0,0.0,0.0,0,20.9,850.8,21.1,21.3,55.3,259,254,0,0.9,187,1.7,1.7,21.1,15.5,16.5,1,0.1259400812765096,False,NORMAL,Normal environmental conditions,None,Continue monitoring environmental conditions.,LOW
2026-09-05 18:16:40+00:00,0.0,0,0.0,0.0,0.0,0,20.6,851.1,20.8,20.9,56.1,261,254,0,1.0,84,2.2,2.2,20.7,15.3,16.2,1,0.1129816346995836,False,NORMAL,Normal environmental conditions,None,Continue monitoring environmental conditions.,LOW
2026-09-05 18:31:48+00:00,0.0,0,0.0,0.0,0.0,0,20.4,851.3,20.5,20.8,57.0,260,253,0,0.1,139,0.4,0.4,20.6,15.3,16.1,1,0.1402338506974754,False,NORMAL,Normal environmental conditions,None,Continue monitoring environmental conditions.,LOW
2026-09-05 18:46:58+00:00,0.0,0,0.0,0.0,0.0,0,20.0,851.5,20.1,20.3,58.5,261,254,0,0.2,138,0.7,0.7,20.1,15.1,15.7,1,0.146336628869989,False,NORMAL,Normal environmental conditions,None,Continue monitoring environmental conditions.,LOW
2026-09-05 19:02:07+00:00,0.0,0,0.0,0.0,0.0,0,19.7,851.4,19.9,20.1,60.0,259,252,0,0.6,97,1.7,1.7,19.9,15.1,15.5,1,0.1405279967014936,False,NORMAL,Normal environmental conditions,None,Continue monitoring environmental conditions.,LOW
2026-09-05 19:17:34+00:00,0.0,0,0.0,0.0,0.0,0,19.5,851.5,19.7,19.9,62.0,260,253,0,0.7,99,1.5,1.5,19.7,15.1,15.3,1,0.1425885038180137,False,NORMAL,Normal environmental conditions,None,Continue monitoring environmental conditions.,LOW
2026-09-05 19:32:43+00:00,0.0,0,0.0,0.0,0.0,0,19.2,851.6,19.4,19.6,62.9,260,254,0,0.0,129,0.0,0.0,19.4,15.0,15.0,1,0.14107848256136,False,NORMAL,Normal environmental conditions,None,Continue monitoring environmental conditions.,LOW
2026-09-05 19:47:52+00:00,0.0,0,0.0,0.0,0.0,0,18.9,851.6,19.1,19.3,64.3,260,253,0,0.0,87,0.2,0.2,19.1,14.9,14.8,1,0.149356666749934,False,NORMAL,Normal environmental conditions,None,Continue monitoring environmental conditions.,LOW
2026-09-05 20:04:19+00:00,0.0,0,0.0,0.0,0.0,0,18.4,851.6,18.5,18.8,65.3,260,253,0,0.0,86,0.2,0.2,18.6,14.5,14.3,1,0.1476315668122604,False,NORMAL,Normal environmental conditions,None,Continue monitoring environmental conditions.,LOW
2026-09-05 20:20:50+00:00,0.0,0,0.0,0.0,0.0,0,17.8,851.5,17.9,18.2,67.2,261,254,0,0.0,86,0.0,0.0,18.0,14.3,13.7,1,0.1407688340578326,False,NORMAL,Normal environmental conditions,None,Continue monitoring environmental conditions.,LOW
2026-09-05 20:35:59+00:00,0.0,0,0.0,0.0,0.0,0,17.4,851.4,17.6,17.8,69.0,261,253,0,0.0,86,0.0,0.0,17.6,14.1,13.3,1,0.1424937478249901,False,NORMAL,Normal environmental conditions,None,Continue monitoring environmental conditions.,LOW
2026-09-05 20:51:08+00:00,0.0,0,0.0,0.0,0.0,0,16.9,851.3,17.0,17.2,71.0,262,254,0,0.0,86,0.0,0.0,17.0,13.8,12.8,1,0.1445126601299989,False,NORMAL,Normal environmental conditions,None,Continue monitoring environmental conditions.,LOW
2026-09-05 21:06:16+00:00,0.0,0,0.0,0.0,0.0,0,16.6,851.1,16.7,16.9,71.7,260,252,0,0.0,86,0.0,0.0,16.8,13.6,12.5,1,0.1442469446637638,False,NORMAL,Normal environmental conditions,None,Continue monitoring environmental conditions.,LOW
2026-09-05 21:21:25+00:00,0.0,0,0.0,0.0,0.0,0,16.3,851.1,16.4,16.7,73.4,260,253,0,0.0,86,0.2,0.2,16.5,13.6,12.3,1,0.1438270063599102,False,NORMAL,Normal environmental conditions,None,Continue monitoring environmental conditions.,LOW
2026-09-05 21:36:47+00:00,0.0,0,0.0,0.0,0.0,0,16.2,850.9,16.4,16.6,74.5,259,253,0,0.4,74,1.1,1.1,16.4,13.6,12.2,1,0.1269739679291268,False,NORMAL,Normal environmental conditions,None,Continue monitoring environmental conditions.,LOW
2026-09-05 21:51:56+00:00,0.0,0,0.0,0.0,0.0,0,16.5,850.8,16.7,16.8,74.6,259,253,0,0.1,87,0.4,0.4,16.6,13.8,12.4,1,0.1450389934597913,False,NORMAL,Normal environmental conditions,None,Continue monitoring environmental conditions.,LOW
2026-09-05 22:07:06+00:00,0.0,0,0.0,0.0,0.0,0,16.2,850.7,16.2,16.5,75.5,261,253,0,0.0,87,0.0,0.0,16.3,13.7,12.1,1,0.1372666205025157,False,NORMAL,Normal environmental conditions,None,Continue monitoring environmental conditions.,LOW
2026-09-05 22:22:15+00:00,0.0,0,0.0,0.0,0.0,0,15.7,850.6,15.9,16.0,77.8,260,253,0,0.0,87,0.2,0.2,15.8,13.4,11.6,1,0.1271916534550831,False,NORMAL,Normal environmental conditions,None,Continue monitoring environmental conditions.,LOW
2026-09-05 22:37:23+00:00,0.0,0,0.0,0.0,0.0,0,15.3,850.5,15.7,15.7,79.8,261,253,0,0.0,87,0.0,0.0,15.6,13.4,11.4,1,0.1235103216756006,False,NORMAL,Normal environmental conditions,None,Continue monitoring environmental conditions.,LOW
2026-09-05 22:52:50+00:00,0.0,0,0.0,0.0,0.0,0,15.2,850.3,15.4,15.6,80.3,260,255,0,0.0,87,0.0,0.0,15.4,13.3,11.2,1,0.1042641295345989,False,NORMAL,Normal environmental conditions,None,Continue monitoring environmental conditions.,LOW
2026-09-05 23:07:59+00:00,0.0,0,0.0,0.0,0.0,0,14.9,850.2,15.2,15.3,81.7,261,253,0,0.0,87,0.0,0.0,15.1,13.2,10.9,1,0.0912555602729173,False,NORMAL,Normal environmental conditions,None,Continue monitoring environmental conditions.,LOW
2026-09-05 23:23:08+00:00,0.0,0,0.0,0.0,0.0,0,14.7,850.2,15.0,15.1,82.8,261,253,0,0.0,87,0.2,0.2,15.0,13.1,10.8,1,0.084710886017912,False,NORMAL,Normal environmental conditions,None,Continue monitoring environmental conditions.,LOW
2026-09-05 23:38:18+00:00,0.0,0,0.0,0.0,0.0,0,14.6,850.2,14.9,15.0,83.4,261,253,0,0.0,87,0.0,0.0,14.9,13.1,10.7,1,0.0831895169543813,False,NORMAL,Normal environmental conditions,None,Continue monitoring environmental conditions.,LOW
2026-09-05 23:53:26+00:00,0.0,0,0.0,0.0,0.0,0,14.6,850.4,15.1,15.1,83.8,259,253,0,0.0,87,0.0,0.0,15.0,13.3,10.8,1,0.0980449892892914,False,NORMAL,Normal environmental conditions,None,Continue monitoring environmental conditions.,LOW
2026-09-06 00:00:30+00:00,0.0,0,0.0,0.0,0.0,0,14.8,850.5,15.2,15.4,83.4,261,255,0,0.0,87,0.0,0.0,15.2,13.4,11.0,1,0.1069135398134624,False,NORMAL,Normal environmental conditions,None,Continue monitoring environmental conditions.,LOW
2026-09-06 00:15:56+00:00,0.0,0,0.0,0.0,0.0,0,15.3,850.5,15.6,15.6,83.7,260,254,0,0.3,87,0.7,0.7,15.5,13.8,11.3,1,0.1145329773600051,False,NORMAL,Normal environmental conditions,None,Continue monitoring environmental conditions.,LOW
2026-09-06 00:31:05+00:00,0.0,0,0.0,0.0,0.0,0,15.6,850.5,15.9,16.0,83.1,261,253,0,0.4,81,0.9,0.9,15.9,14.0,11.7,1,0.1233688452749064,False,NORMAL,Normal environmental conditions,None,Continue monitoring environmental conditions.,LOW
2026-09-06 00:46:13+00:00,0.0,0,0.0,0.0,0.0,0,15.8,850.5,16.1,16.2,82.8,259,253,0,0.0,81,0.0,0.0,16.1,14.2,11.9,1,0.1448528305210163,False,NORMAL,Normal environmental conditions,None,Continue monitoring environmental conditions.,LOW
2026-09-06 01:01:22+00:00,0.0,0,0.0,0.0,0.0,0,16.1,850.5,16.3,16.4,82.7,261,252,0,0.4,89,0.7,0.7,16.3,14.4,12.1,1,0.1461902236482422,False,NORMAL,Normal environmental conditions,None,Continue monitoring environmental conditions.,LOW
2026-09-06 01:16:31+00:00,0.0,0,0.0,0.0,0.0,0,16.1,850.8,16.2,16.5,82.0,261,254,0,0.1,89,0.2,0.2,16.4,14.4,12.2,1,0.1555482983873274,False,NORMAL,Normal environmental conditions,None,Continue monitoring environmental conditions.,LOW
2026-09-06 01:32:00+00:00,0.0,0,0.0,0.0,0.0,0,16.2,850.9,16.3,16.5,81.9,261,253,0,0.0,89,0.0,0.0,16.5,14.4,12.3,1,0.1599584268820076,False,NORMAL,Normal environmental conditions,None,Continue monitoring environmental conditions.,LOW
2026-09-06 01:47:10+00:00,0.0,0,0.0,0.0,0.0,0,16.3,851.1,16.4,16.7,81.9,261,253,0,0.2,89,1.0,1.0,16.6,14.5,12.4,1,0.1618918173647744,False,NORMAL,Normal environmental conditions,None,Continue monitoring environmental conditions.,LOW
2026-09-06 02:02:19+00:00,0.0,0,0.0,0.0,0.0,0,16.3,851.1,16.5,16.7,81.6,260,253,0,0.1,94,0.4,0.4,16.7,14.6,12.4,1,0.169809965317798,False,NORMAL,Normal environmental conditions,None,Continue monitoring environmental conditions.,LOW
2026-09-06 02:17:28+00:00,0.0,0,0.0,0.0,0.0,0,16.3,851.1,16.5,16.7,81.6,260,253,0,1.0,161,1.5,1.5,16.7,14.6,12.4,1,0.1261820538491494,False,NORMAL,Normal environmental conditions,None,Continue monitoring environmental conditions.,LOW
2026-09-06 02:32:37+00:00,0.0,0,0.0,0.0,0.0,0,16.3,851.3,16.4,16.7,82.0,260,254,0,0.0,174,0.0,0.0,16.6,14.6,12.4,1,0.1641261909081374,False,NORMAL,Normal environmental conditions,None,Continue monitoring environmental conditions.,LOW
2026-09-06 02:48:01+00:00,0.0,0,0.0,0.0,0.0,0,16.2,851.5,16.3,16.6,82.4,261,253,0,0.0,174,0.0,0.0,16.5,14.5,12.3,1,0.160929177383307,False,NORMAL,Normal environmental conditions,None,Continue monitoring environmental conditions.,LOW
2026-09-06 03:03:10+00:00,0.0,0,0.0,0.0,0.0,0,16.0,851.7,16.3,16.4,83.0,260,253,0,0.0,174,0.0,0.0,16.3,14.4,12.1,1,0.1604848305518008,False,NORMAL,Normal environmental conditions,None,Continue monitoring environmental conditions.,LOW
2026-09-06 03:18:19+00:00,0.0,0,0.0,0.0,0.0,0,15.8,852.0,16.1,16.2,83.4,260,265,0,0.0,174,0.2,0.2,16.1,14.2,11.9,1,0.1611721000833916,False,NORMAL,Normal environmental conditions,None,Continue monitoring environmental conditions.,LOW
2026-09-06 03:33:28+00:00,0.0,0,0.0,0.0,0.0,0,15.6,852.2,15.9,16.0,83.6,266,306,0,0.0,174,0.0,0.0,15.9,14.1,11.7,1,0.1479651668707355,False,NORMAL,Normal environmental conditions,None,Continue monitoring environmental conditions.,LOW
2026-09-06 03:48:37+00:00,0.0,0,0.0,0.1,0.0,0,15.4,852.4,15.8,15.8,84.6,276,449,0,0.0,174,0.0,0.0,15.7,14.0,11.5,1,0.1322760569774086,False,NORMAL,Normal environmental conditions,None,Continue monitoring environmental conditions.,LOW
2026-09-06 04:04:05+00:00,0.0,0,0.0,0.2,0.0,0,15.6,852.5,16.0,16.0,84.9,289,578,0,0.0,174,0.0,0.0,16.0,14.3,11.8,1,0.1405292231370023,False,NORMAL,Normal environmental conditions,None,Continue monitoring environmental conditions.,LOW
2026-09-06 04:19:14+00:00,0.0,0,0.0,0.3,0.0,0,16.2,852.7,16.3,16.5,83.3,313,839,0,0.0,174,0.2,0.2,16.5,14.6,12.2,1,0.1301592778843315,False,NORMAL,Normal environmental conditions,None,Continue monitoring environmental conditions.,LOW
2026-09-06 04:34:23+00:00,0.0,0,0.0,0.4,0.0,0,16.7,852.9,16.8,16.9,82.1,335,1102,0,0.0,174,0.2,0.2,16.8,14.8,12.6,1,0.1349653461402373,False,NORMAL,Normal environmental conditions,None,Continue monitoring environmental conditions.,LOW
2026-09-06 04:49:33+00:00,0.0,0,0.0,0.5,0.0,0,17.3,853.1,17.2,17.2,80.9,348,1221,0,0.5,174,0.9,0.9,17.2,15.0,13.0,1,0.1343730736791044,False,NORMAL,Normal environmental conditions,None,Continue monitoring environmental conditions.,LOW
2026-09-06 05:04:59+00:00,0.0,0,0.0,0.3,0.0,0,17.8,853.3,18.2,17.9,78.2,322,876,0,0.1,174,0.4,0.4,17.9,15.3,13.6,1,0.1439391262560471,False,NORMAL,Normal environmental conditions,None,Continue monitoring environmental conditions.,LOW
2026-09-06 05:20:09+00:00,0.0,0,0.0,0.4,0.0,0,17.5,853.5,17.9,17.6,79.2,334,1056,0,0.0,174,0.0,0.0,17.6,15.2,13.3,1,0.1287804703788606,False,NORMAL,Normal environmental conditions,None,Continue monitoring environmental conditions.,LOW
2026-09-06 05:35:18+00:00,0.0,0,0.0,0.4,0.0,0,17.4,853.7,17.8,17.6,79.0,334,1067,0,0.5,175,0.7,0.7,17.6,15.1,13.3,1,0.134040076954362,False,NORMAL,Normal environmental conditions,None,Continue monitoring environmental conditions.,LOW
2026-09-06 05:50:27+00:00,0.0,0,0.0,0.5,0.0,0,17.6,853.9,17.8,17.7,78.7,350,1276,0,1.1,253,1.5,1.5,17.7,15.2,13.4,1,0.0644866387312577,False,NORMAL,Normal environmental conditions,None,Continue monitoring environmental conditions.,LOW
2026-09-06 06:05:36+00:00,0.0,0,0.0,0.8,0.0,0,17.9,853.9,18.1,18.1,76.4,410,1919,0,1.2,252,2.1,2.1,18.0,15.2,13.7,1,0.048670474343282,False,NORMAL,Normal environmental conditions,None,Continue monitoring environmental conditions.,LOW
2026-09-06 06:21:03+00:00,0.0,0,0.0,2.1,0.0,0,19.9,853.9,20.4,19.9,67.9,656,4803,0,0.3,192,1.3,1.3,19.9,16.0,15.4,1,0.0639453793399753,False,NORMAL,Normal environmental conditions,None,Continue monitoring environmental conditions.,LOW
2026-09-06 06:36:09+00:00,0.0,0,0.0,0.6,0.0,0,22.0,853.9,21.8,21.4,61.3,367,1306,0,0.1,199,0.4,0.4,21.3,16.5,16.7,1,0.1020298990105774,False,NORMAL,Normal environmental conditions,None,Continue monitoring environmental conditions.,LOW
2026-09-06 06:51:18+00:00,0.0,0,0.0,2.8,0.0,0,21.0,853.7,20.9,20.8,63.0,782,6318,0,0.4,209,1.1,1.1,20.7,16.1,16.2,1,0.0510188043437158,False,NORMAL,Normal environmental conditions,None,Continue monitoring environmental conditions.,LOW
2026-09-06 07:06:27+00:00,0.0,0,0.0,1.2,0.0,0,23.1,853.7,23.1,22.4,55.6,477,2451,0,1.2,249,2.2,2.2,22.3,16.5,17.5,1,0.0582753197978737,False,NORMAL,Normal environmental conditions,None,Continue monitoring environmental conditions.,LOW
2026-09-06 07:21:35+00:00,0.0,0,0.0,3.2,0.0,0,23.6,853.5,23.7,23.7,53.0,854,6956,0,0.2,72,1.1,1.1,23.6,17.3,18.6,1,0.0553289189042259,False,NORMAL,Normal environmental conditions,None,Continue monitoring environmental conditions.,LOW
2026-09-06 07:36:44+00:00,0.0,0,0.0,3.1,0.0,0,22.8,853.4,23.2,23.2,51.6,839,6762,0,1.4,62,3.1,3.1,23.1,16.7,18.2,-1,-0.0024237100126901,True,NORMAL,Wind anomaly,"Below-normal humidity, Elevated wind gust",Monitor exposed areas and unsecured infrastructure.,HIGH
2026-09-06 07:52:07+00:00,0.0,0,0.0,3.2,0.0,0,23.6,853.5,24.1,24.1,47.0,864,7024,0,0.5,132,1.3,1.3,24.0,16.8,18.9,1,0.0490054666642302,False,NORMAL,Normal environmental conditions,None,Continue monitoring environmental conditions.,LOW
2026-09-06 08:07:16+00:00,0.0,0,0.0,3.4,0.0,0,23.4,853.3,23.9,23.8,47.4,888,7259,0,1.7,116,2.8,2.8,23.7,16.6,18.7,1,0.001767546769388,False,NORMAL,Normal environmental conditions,None,Continue monitoring environmental conditions.,LOW
2026-09-06 08:22:24+00:00,0.0,0,0.0,3.5,0.0,0,24.4,853.0,24.8,24.5,47.4,903,7381,0,0.7,21,1.3,1.3,24.4,17.2,19.3,1,0.0207450675649495,False,NORMAL,Normal environmental conditions,None,Continue monitoring environmental conditions.,LOW
2026-09-06 08:37:33+00:00,0.0,0,0.0,3.5,0.0,0,24.1,852.9,24.8,24.8,44.2,913,7522,0,0.4,86,1.1,1.1,24.6,16.9,19.5,1,0.0296149268061081,False,NORMAL,Normal environmental conditions,None,Continue monitoring environmental conditions.,LOW
2026-09-06 08:52:42+00:00,0.0,0,0.0,3.6,0.0,0,25.1,852.6,25.8,25.7,42.2,926,7653,0,1.3,172,2.2,2.2,25.6,17.3,20.2,1,0.006551976328735,False,NORMAL,Normal environmental conditions,None,Continue monitoring environmental conditions.,LOW
2026-09-06 09:08:17+00:00,0.0,0,0.0,3.6,0.0,0,24.9,852.4,25.7,25.9,41.3,928,7652,0,0.8,182,1.7,1.7,25.7,17.3,20.3,1,0.0158227615774156,False,NORMAL,Normal environmental conditions,None,Continue monitoring environmental conditions.,LOW
2026-09-06 09:23:25+00:00,0.0,0,0.0,3.4,0.0,0,25.3,852.1,26.0,26.1,42.8,884,7373,0,0.6,176,1.3,1.3,26.0,17.8,20.6,1,0.0253090706549968,False,NORMAL,Normal environmental conditions,None,Continue monitoring environmental conditions.,LOW
2026-09-06 09:38:33+00:00,0.0,0,0.0,1.4,0.0,0,25.6,851.9,25.7,26.4,42.9,516,2889,0,0.1,122,0.7,0.7,26.3,18.0,20.8,1,0.0417282479402245,False,NORMAL,Normal environmental conditions,None,Continue monitoring environmental conditions.,LOW
2026-09-06 09:53:42+00:00,0.0,0,0.0,3.6,0.0,0,27.0,851.6,27.1,27.6,37.7,932,7701,0,1.2,62,2.0,2.0,27.2,18.1,21.4,-1,-0.0239189810177834,True,NORMAL,Heat and dryness anomaly,"Elevated heat conditions, Unusually low humidity, Unusually high temperature",Monitor heat exposure and maintain hydration. Monitor dry conditions and potential vegetation stress.,HIGH
2026-09-06 10:08:51+00:00,0.0,0,0.0,3.5,0.0,0,26.3,851.3,26.8,27.0,38.6,913,7540,0,0.4,142,0.9,0.9,26.8,17.8,21.1,-1,-0.0037135873683562,True,NORMAL,Heat and dryness anomaly,"Elevated heat conditions, Unusually low humidity, Unusually high temperature",Monitor heat exposure and maintain hydration. Monitor dry conditions and potential vegetation stress.,HIGH
2026-09-06 10:24:14+00:00,0.0,0,0.0,3.4,0.0,0,26.4,851.1,26.6,27.2,37.2,897,7362,0,0.7,97,1.3,1.3,26.8,17.6,21.2,1,0.0096035543055393,False,NORMAL,Normal environmental conditions,None,Continue monitoring environmental conditions.,LOW
2026-09-06 10:39:23+00:00,0.0,0,0.0,3.4,0.0,0,26.3,850.9,26.9,27.2,37.5,885,7209,0,0.4,129,1.3,1.3,26.9,17.7,21.2,1,0.0094826788127624,False,NORMAL,Normal environmental conditions,None,Continue monitoring environmental conditions.,LOW
2026-09-06 10:54:32+00:00,0.0,0,0.0,3.3,0.0,0,26.6,850.7,27.1,26.9,37.0,867,7051,0,1.7,182,2.8,2.8,26.6,17.3,21.0,-1,-0.0320739687153156,True,NORMAL,Heat and dryness anomaly,"Above-normal heat conditions, Unusually low humidity, Elevated wind gust, Unusually high temperature",Monitor heat conditions. Monitor dry conditions and potential vegetation stress. Monitor exposed areas and unsecured infrastructure.,HIGH
2026-09-06 11:09:41+00:00,0.0,0,0.0,3.0,0.0,0,26.3,850.3,26.8,27.1,37.0,825,6577,0,1.5,164,2.8,2.8,26.8,17.6,21.1,-1,-0.0127612437703503,True,NORMAL,Heat and dryness anomaly,"Elevated heat conditions, Unusually low humidity, Elevated wind gust, Unusually high temperature",Monitor heat exposure and maintain hydration. Monitor dry conditions and potential vegetation stress. Monitor exposed areas and unsecured infrastructure.,HIGH
2026-09-06 11:24:50+00:00,0.0,0,0.0,2.8,0.0,0,27.2,850.0,27.6,28.0,33.4,784,6163,0,1.9,186,2.6,2.6,27.3,17.6,21.5,-1,-0.0477556705306264,True,NORMAL,Heat and dryness anomaly,"Elevated heat conditions, Unusually low humidity, Elevated wind gust, Unusually high temperature",Monitor heat exposure and maintain hydration. Monitor dry conditions and potential vegetation stress. Monitor exposed areas and unsecured infrastructure.,HIGH
2026-09-06 11:40:17+00:00,0.0,0,0.0,2.7,0.0,0,27.4,849.9,27.8,27.8,36.2,767,5924,0,0.8,175,2.4,2.4,27.2,17.9,21.5,-1,-0.0042420360541617,True,NORMAL,Heat and dryness anomaly,"Elevated heat conditions, Unusually low humidity, Above-normal wind gust, Unusually high temperature",Monitor heat exposure and maintain hydration. Monitor dry conditions and potential vegetation stress.,HIGH
2026-09-06 11:55:26+00:00,0.0,0,0.0,2.6,0.0,0,27.8,849.6,28.2,28.6,35.9,739,5615,0,0.6,26,1.3,1.3,27.9,18.5,21.9,-1,-0.0290104862905787,True,NORMAL,Heat and dryness anomaly,"Elevated heat conditions, Unusually low humidity, Unusually high temperature",Monitor heat exposure and maintain hydration. Monitor dry conditions and potential vegetation stress.,HIGH
2026-09-06 12:10:35+00:00,0.0,0,0.0,2.4,0.0,0,28.2,849.4,28.2,29.2,35.9,699,5167,0,1.0,108,2.6,2.6,28.4,19.0,22.3,-1,-0.0456071830021542,True,NORMAL,Heat and dryness anomaly,"Elevated heat conditions, Unusually low humidity, Elevated wind gust, Unusually high temperature",Monitor heat exposure and maintain hydration. Monitor dry conditions and potential vegetation stress. Monitor exposed areas and unsecured infrastructure.,HIGH
2026-09-06 12:25:38+00:00,0.0,0,0.0,2.2,0.0,0,28.0,849.2,28.4,28.8,36.8,659,4728,0,0.2,95,0.7,0.7,28.2,18.9,22.1,-1,-0.0400669623886073,True,NORMAL,Heat and dryness anomaly,"Elevated heat conditions, Unusually low humidity, Unusually high temperature",Monitor heat exposure and maintain hydration. Monitor dry conditions and potential vegetation stress.,HIGH
2026-09-06 12:40:47+00:00,0.0,0,0.0,2.0,0.0,0,27.5,849.2,27.7,28.3,35.0,624,4318,0,0.8,84,2.6,2.6,27.6,18.1,21.7,-1,-0.0111187663630527,True,NORMAL,Heat and dryness anomaly,"Elevated heat conditions, Unusually low humidity, Elevated wind gust, Unusually high temperature",Monitor heat exposure and maintain hydration. Monitor dry conditions and potential vegetation stress. Monitor exposed areas and unsecured infrastructure.,HIGH
2026-09-06 12:55:57+00:00,0.0,0,0.0,1.8,0.0,0,27.7,849.2,27.7,28.8,33.9,583,3891,0,0.1,97,0.4,0.4,27.9,18.3,22.0,-1,-0.025558031811165,True,NORMAL,Heat and dryness anomaly,"Elevated heat conditions, Unusually low humidity, Unusually high temperature",Monitor heat exposure and maintain hydration. Monitor dry conditions and potential vegetation stress.,HIGH
2026-09-06 13:11:21+00:00,0.0,0,0.0,1.5,0.0,0,27.5,849.2,27.9,28.5,35.8,531,3331,0,0.4,157,1.1,1.1,27.8,18.4,21.9,1,5.3639652655257386e-05,False,NORMAL,Normal environmental conditions,None,Continue monitoring environmental conditions.,LOW
2026-09-06 13:26:29+00:00,0.0,0,0.0,1.3,0.0,0,27.6,849.4,28.0,28.8,35.8,496,2938,0,1.2,113,3.3,3.3,28.1,18.7,22.1,-1,-0.0366666482503948,True,NORMAL,Heat and dryness anomaly,"Elevated heat conditions, Unusually low humidity, Elevated wind gust, Unusually high temperature",Monitor heat exposure and maintain hydration. Monitor dry conditions and potential vegetation stress. Monitor exposed areas and unsecured infrastructure.,HIGH
2026-09-06 13:41:38+00:00,0.0,0,0.0,1.1,0.0,0,27.1,849.4,27.2,28.1,37.0,455,2486,0,1.3,94,2.8,2.8,27.6,18.4,21.7,1,0.0006102018711421,False,NORMAL,Normal environmental conditions,None,Continue monitoring environmental conditions.,LOW
2026-09-06 13:56:48+00:00,0.0,0,0.0,0.9,0.0,0,27.1,849.5,27.5,28.2,37.2,415,2021,0,0.6,79,1.1,1.1,27.7,18.5,21.8,1,0.0028498787321181,False,NORMAL,Normal environmental conditions,None,Continue monitoring environmental conditions.,LOW
2026-09-06 14:11:57+00:00,0.0,0,0.0,0.6,0.0,0,26.6,849.5,27.1,27.7,38.1,376,1601,0,1.0,94,2.4,2.4,27.3,18.2,21.5,1,0.0175740944622181,False,NORMAL,Normal environmental conditions,None,Continue monitoring environmental conditions.,LOW
2026-09-06 14:27:23+00:00,0.0,0,0.0,0.2,0.0,0,25.6,849.6,25.8,26.1,40.3,294,534,0,1.9,76,2.8,2.8,26.0,17.3,20.5,1,0.0011127982595162,False,NORMAL,Normal environmental conditions,None,Continue monitoring environmental conditions.,LOW
2026-09-06 14:42:32+00:00,0.0,0,0.0,0.2,0.0,0,25.4,849.7,25.5,25.7,41.6,287,466,0,0.3,80,1.3,1.3,25.6,17.2,20.2,1,0.0684235764865254,False,NORMAL,Normal environmental conditions,None,Continue monitoring environmental conditions.,LOW
2026-09-06 14:57:41+00:00,0.0,0,0.0,0.1,0.0,0,24.9,849.9,25.0,25.2,42.4,279,415,0,0.3,76,1.1,1.1,25.1,17.0,19.8,1,0.077129155625716,False,NORMAL,Normal environmental conditions,None,Continue monitoring environmental conditions.,LOW
2026-09-06 15:12:50+00:00,0.0,0,0.0,0.1,0.0,0,24.5,850.0,24.6,24.8,43.5,273,356,0,0.7,130,1.7,1.7,24.6,16.8,19.5,1,0.0905234193896579,False,NORMAL,Normal environmental conditions,None,Continue monitoring environmental conditions.,LOW
2026-09-06 15:28:32+00:00,0.0,0,0.0,0.0,0.0,0,24.0,850.3,24.2,24.3,45.1,264,290,0,0.6,198,1.7,1.7,24.1,16.6,19.1,1,0.0935671327522343,False,NORMAL,Normal environmental conditions,None,Continue monitoring environmental conditions.,LOW
2026-09-06 15:43:40+00:00,0.0,0,0.0,0.0,0.0,0,23.5,850.5,23.7,23.9,46.0,261,256,0,0.5,102,1.3,1.3,23.7,16.4,18.7,1,0.1098709544743867,False,NORMAL,Normal environmental conditions,None,Continue monitoring environmental conditions.,LOW
2026-09-06 15:58:49+00:00,0.0,0,0.0,0.0,0.0,0,23.2,850.7,23.4,23.6,47.1,260,254,0,0.7,132,1.5,1.5,23.4,16.3,18.5,1,0.1128933608813906,False,NORMAL,Normal environmental conditions,None,Continue monitoring environmental conditions.,LOW
2026-09-06 16:13:58+00:00,0.0,0,0.0,0.0,0.0,0,22.8,850.7,22.9,23.2,48.1,259,254,0,0.8,144,1.1,1.1,23.0,16.1,18.1,1,0.1122994999784325,False,NORMAL,Normal environmental conditions,None,Continue monitoring environmental conditions.,LOW
2026-09-06 16:29:06+00:00,0.0,0,0.0,0.0,0.0,0,22.6,850.8,22.7,22.9,48.5,258,253,0,0.7,135,2.2,2.2,22.7,15.9,17.9,1,0.1133563280839005,False,NORMAL,Normal environmental conditions,None,Continue monitoring environmental conditions.,LOW
2026-09-06 16:44:29+00:00,0.0,0,0.0,0.0,0.0,0,22.1,851.0,22.2,22.5,49.9,259,253,0,0.1,199,0.7,0.7,22.3,15.8,17.5,1,0.1139401761303785,False,NORMAL,Normal environmental conditions,None,Continue monitoring environmental conditions.,LOW
2026-09-06 16:59:38+00:00,0.0,0,0.0,0.0,0.0,0,21.8,851.3,21.9,22.1,51.0,259,252,0,1.1,166,2.0,2.0,21.9,15.7,17.2,1,0.1103623749728383,False,NORMAL,Normal environmental conditions,None,Continue monitoring environmental conditions.,LOW
2026-09-06 17:14:47+00:00,0.0,0,0.0,0.0,0.0,0,21.5,851.4,21.6,21.8,51.9,261,253,0,0.1,124,0.4,0.4,21.6,15.5,17.0,1,0.1290414098016082,False,NORMAL,Normal environmental conditions,None,Continue monitoring environmental conditions.,LOW
2026-09-06 17:29:57+00:00,0.0,0,0.0,0.0,0.0,0,21.2,851.7,21.3,21.5,52.6,260,254,0,0.0,145,0.4,0.4,21.3,15.4,16.7,1,0.1259793067686727,False,NORMAL,Normal environmental conditions,None,Continue monitoring environmental conditions.,LOW
2026-09-06 17:45:06+00:00,0.0,0,0.0,0.0,0.0,0,21.0,851.8,21.2,21.4,52.8,260,252,0,0.3,128,1.3,1.3,21.1,15.3,16.6,1,0.1370607174035208,False,NORMAL,Normal environmental conditions,None,Continue monitoring environmental conditions.,LOW
2026-09-06 18:00:33+00:00,0.0,0,0.0,0.0,0.0,0,20.6,852.1,20.8,21.0,53.6,260,253,0,0.2,140,0.7,0.7,20.8,15.1,16.2,1,0.1373235598981166,False,NORMAL,Normal environmental conditions,None,Continue monitoring environmental conditions.,LOW
2026-09-06 18:15:43+00:00,0.0,0,0.0,0.0,0.0,0,20.5,852.2,20.6,20.8,54.2,260,253,0,0.0,144,0.2,0.2,20.6,15.0,16.1,1,0.1243493863271165,False,NORMAL,Normal environmental conditions,None,Continue monitoring environmental conditions.,LOW
2026-09-06 18:31:42+00:00,0.0,0,0.0,0.0,0.0,0,20.0,852.5,20.2,20.4,55.8,260,252,0,0.9,183,2.0,2.0,20.1,14.8,15.7,1,0.117004248835455,False,NORMAL,Normal environmental conditions,None,Continue monitoring environmental conditions.,LOW
2026-09-06 18:46:52+00:00,0.0,0,0.0,0.0,0.0,0,19.6,852.7,19.7,19.9,57.1,258,254,0,0.0,187,0.0,0.0,19.7,14.6,15.3,1,0.118007849779969,False,NORMAL,Normal environmental conditions,None,Continue monitoring environmental conditions.,LOW
2026-09-06 19:02:30+00:00,0.0,0,0.0,0.0,0.0,0,19.0,852.8,19.1,19.3,59.5,260,253,0,0.2,188,0.4,0.4,19.1,14.3,14.7,1,0.134483109480691,False,NORMAL,Normal environmental conditions,None,Continue monitoring environmental conditions.,LOW
2026-09-06 19:17:53+00:00,0.0,0,0.0,0.0,0.0,0,18.5,852.9,18.6,18.8,61.4,259,253,0,0.0,187,0.0,0.0,18.5,14.1,14.2,1,0.1280039662237078,False,NORMAL,Normal environmental conditions,None,Continue monitoring environmental conditions.,LOW
2026-09-06 19:33:03+00:00,0.0,0,0.0,0.0,0.0,0,18.1,853.1,18.2,18.4,62.3,260,254,0,0.0,105,0.2,0.2,18.2,13.9,13.9,1,0.133084424821205,False,NORMAL,Normal environmental conditions,None,Continue monitoring environmental conditions.,LOW
2026-09-06 19:48:13+00:00,0.0,0,0.0,0.0,0.0,0,18.1,853.2,18.4,18.5,62.0,261,253,0,0.0,115,0.2,0.2,18.3,13.9,14.0,1,0.1320573467314869,False,NORMAL,Normal environmental conditions,None,Continue monitoring environmental conditions.,LOW
2026-09-06 20:03:22+00:00,0.0,0,0.0,0.0,0.0,0,18.1,853.3,18.4,18.5,62.1,260,253,0,0.6,54,1.5,1.5,18.3,13.9,14.0,1,0.1063067208101545,False,NORMAL,Normal environmental conditions,None,Continue monitoring environmental conditions.,LOW
2026-09-06 20:18:33+00:00,0.0,0,0.0,0.0,0.0,0,18.5,853.3,18.6,18.8,61.7,262,253,0,0.1,120,0.4,0.4,18.6,14.1,14.3,1,0.1302072133095778,False,NORMAL,Normal environmental conditions,None,Continue monitoring environmental conditions.,LOW
2026-09-06 20:33:56+00:00,0.0,0,0.0,0.0,0.0,0,18.4,853.1,18.5,18.8,61.9,260,253,0,0.0,172,0.2,0.2,18.5,14.1,14.2,1,0.1331619483688236,False,NORMAL,Normal environmental conditions,None,Continue monitoring environmental conditions.,LOW
2026-09-06 20:49:02+00:00,0.0,0,0.0,0.0,0.0,0,17.6,853.0,17.8,18.0,64.2,259,254,0,0.0,172,0.0,0.0,17.8,13.8,13.5,1,0.1267318826199223,False,NORMAL,Normal environmental conditions,None,Continue monitoring environmental conditions.,LOW
2026-09-06 21:04:11+00:00,0.0,0,0.0,0.0,0.0,0,17.2,852.9,17.4,17.6,66.1,262,253,0,0.1,172,0.7,0.7,17.4,13.6,13.1,1,0.137155115902109,False,NORMAL,Normal environmental conditions,None,Continue monitoring environmental conditions.,LOW
2026-09-06 21:19:19+00:00,0.0,0,0.0,0.0,0.0,0,17.2,852.9,17.4,17.6,66.1,258,254,0,0.0,102,0.0,0.0,17.3,13.6,13.1,1,0.1374694308588387,False,NORMAL,Normal environmental conditions,None,Continue monitoring environmental conditions.,LOW
2026-09-06 21:34:28+00:00,0.0,0,0.0,0.0,0.0,0,16.8,852.7,17.0,17.2,67.7,259,253,0,0.0,102,0.0,0.0,16.9,13.4,12.7,1,0.1397142817760651,False,NORMAL,Normal environmental conditions,None,Continue monitoring environmental conditions.,LOW
2026-09-06 21:49:37+00:00,0.0,0,0.0,0.0,0.0,0,16.5,852.7,16.7,17.0,68.4,260,253,0,0.0,102,0.0,0.0,16.7,13.3,12.5,1,0.140523412979832,False,NORMAL,Normal environmental conditions,None,Continue monitoring environmental conditions.,LOW
2026-09-06 22:04:59+00:00,0.0,0,0.0,0.0,0.0,0,16.1,852.7,16.3,16.5,70.2,261,253,0,0.2,322,0.4,0.4,16.3,13.1,12.1,1,0.0835240938401858,False,NORMAL,Normal environmental conditions,None,Continue monitoring environmental conditions.,LOW
2026-09-06 22:20:08+00:00,0.0,0,0.0,0.0,0.0,0,15.8,852.7,16.1,16.2,71.0,260,254,0,0.0,321,0.0,0.0,16.0,12.9,11.8,1,0.0858837248353568,False,NORMAL,Normal environmental conditions,None,Continue monitoring environmental conditions.,LOW
2026-09-06 22:35:18+00:00,0.0,0,0.0,0.0,0.0,0,15.6,852.5,15.9,16.0,72.4,261,253,0,0.0,321,0.0,0.0,15.8,12.8,11.6,1,0.0845704473198667,False,NORMAL,Normal environmental conditions,None,Continue monitoring environmental conditions.,LOW
2026-09-06 22:50:27+00:00,0.0,0,0.0,0.0,0.0,0,15.2,852.3,15.4,15.6,73.3,261,254,0,0.0,321,0.0,0.0,15.4,12.5,11.2,1,0.0708471957377627,False,NORMAL,Normal environmental conditions,None,Continue monitoring environmental conditions.,LOW
2026-09-06 23:05:36+00:00,0.0,0,0.0,0.0,0.0,0,14.9,852.3,15.2,15.3,74.4,259,252,0,0.0,321,0.0,0.0,15.1,12.4,10.9,1,0.0680782675615864,False,NORMAL,Normal environmental conditions,None,Continue monitoring environmental conditions.,LOW
2026-09-06 23:21:17+00:00,0.0,0,0.0,0.0,0.0,0,14.4,852.1,14.8,14.9,76.3,260,253,0,0.1,322,0.4,0.4,14.7,12.2,10.5,1,0.0432116805270337,False,NORMAL,Normal environmental conditions,None,Continue monitoring environmental conditions.,LOW
2026-09-06 23:36:25+00:00,0.0,0,0.0,0.0,0.0,0,14.1,852.1,14.4,14.5,77.6,259,254,0,0.0,322,0.2,0.2,14.3,12.0,10.1,1,0.0404411261687913,False,NORMAL,Normal environmental conditions,None,Continue monitoring environmental conditions.,LOW
2026-09-06 23:51:34+00:00,0.0,0,0.0,0.0,0.0,0,13.8,852.2,14.1,14.3,78.2,260,253,0,0.0,321,0.0,0.0,14.1,11.9,9.8,1,0.039149971278633,False,NORMAL,Normal environmental conditions,None,Continue monitoring environmental conditions.,LOW
2026-09-07 00:00:59+00:00,0.0,0,0.0,0.0,0.0,0,13.6,852.2,13.9,14.1,78.8,260,253,0,0.0,321,0.0,0.0,13.8,11.7,9.6,1,0.0295075021261962,False,NORMAL,Normal environmental conditions,None,Continue monitoring environmental conditions.,LOW
2026-09-07 00:16:08+00:00,0.0,0,0.0,0.0,0.0,0,13.4,852.0,13.7,13.9,81.0,260,254,0,0.0,321,0.0,0.0,13.6,11.7,9.4,1,0.0241799219139141,False,NORMAL,Normal environmental conditions,None,Continue monitoring environmental conditions.,LOW
2026-09-07 00:31:17+00:00,0.0,0,0.0,0.0,0.0,0,13.3,852.1,13.6,13.8,81.3,259,253,0,0.0,321,0.0,0.0,13.6,11.7,9.3,1,0.0210510103100258,False,NORMAL,Normal environmental conditions,None,Continue monitoring environmental conditions.,LOW
2026-09-07 00:46:26+00:00,0.0,0,0.0,0.0,0.0,0,13.2,852.0,13.6,13.7,82.5,259,254,0,0.0,321,0.0,0.0,13.5,11.7,9.2,1,0.0143044440650897,False,NORMAL,Normal environmental conditions,None,Continue monitoring environmental conditions.,LOW
2026-09-07 01:01:35+00:00,0.0,0,0.0,0.0,0.0,0,13.0,852.1,13.4,13.5,82.5,260,254,0,0.0,321,0.0,0.0,13.3,11.6,9.1,1,0.0033210234508919,False,NORMAL,Normal environmental conditions,None,Continue monitoring environmental conditions.,LOW
2026-09-07 01:17:02+00:00,0.0,0,0.0,0.0,0.0,0,12.9,852.2,13.2,13.4,83.3,260,254,0,0.0,322,0.2,0.2,13.1,11.5,8.9,-1,-0.0042298743581219,True,NORMAL,Temperature anomaly,Unusually low temperature,Continue monitoring environmental conditions.,MEDIUM
2026-09-07 01:32:12+00:00,0.0,0,0.0,0.0,0.0,0,13.1,852.4,13.5,13.6,82.8,260,253,0,0.0,321,0.0,0.0,13.4,11.7,9.2,1,0.0167891429163115,False,NORMAL,Normal environmental conditions,None,Continue monitoring environmental conditions.,LOW
2026-09-07 01:47:21+00:00,0.0,0,0.0,0.0,0.0,0,13.0,852.4,13.3,13.4,84.1,260,253,0,0.0,321,0.0,0.0,13.2,11.7,9.0,1,0.0055752209227821,False,NORMAL,Normal environmental conditions,None,Continue monitoring environmental conditions.,LOW
2026-09-07 02:02:30+00:00,0.0,0,0.0,0.0,0.0,0,13.1,852.8,13.4,13.6,84.4,260,253,0,0.0,321,0.0,0.0,13.4,11.9,9.2,1,0.0070175684619748,False,NORMAL,Normal environmental conditions,None,Continue monitoring environmental conditions.,LOW
2026-09-07 02:17:39+00:00,0.0,0,0.0,0.0,0.0,0,13.5,852.8,13.9,14.1,82.8,259,252,0,0.0,321,0.0,0.0,13.9,12.2,9.7,1,0.0284691729660202,False,NORMAL,Normal environmental conditions,None,Continue monitoring environmental conditions.,LOW
2026-09-07 02:33:06+00:00,0.0,0,0.0,0.0,0.0,0,13.7,852.9,13.9,14.1,81.8,261,254,0,0.2,343,1.1,1.1,14.0,12.1,9.7,-1,-0.0060564446865332,True,NORMAL,Temperature anomaly,Unusually low temperature,Continue monitoring environmental conditions.,MEDIUM
2026-09-07 02:48:15+00:00,0.0,0,0.0,0.0,0.0,0,13.5,852.9,13.7,13.8,83.3,260,253,0,0.6,334,1.1,1.1,13.6,12.0,9.4,-1,-0.0096552380733574,True,NORMAL,Temperature anomaly,Unusually low temperature,Continue monitoring environmental conditions.,MEDIUM
2026-09-07 03:03:24+00:00,0.0,0,0.0,0.0,0.0,0,13.5,853.1,13.6,13.8,85.3,262,254,0,0.1,359,0.4,0.4,13.7,12.2,9.4,-1,-0.0037749775467992,True,NORMAL,Temperature anomaly,Unusually low temperature,Continue monitoring environmental conditions.,MEDIUM
2026-09-07 03:18:33+00:00,0.0,0,0.0,0.0,0.0,0,13.6,853.1,13.9,14.1,86.5,261,257,0,0.1,82,0.4,0.4,13.9,12.5,9.7,1,0.0461422157145882,False,NORMAL,Normal environmental conditions,None,Continue monitoring environmental conditions.,LOW
2026-09-07 03:33:42+00:00,0.0,0,0.0,0.0,0.0,0,13.8,853.3,14.1,14.2,87.9,263,285,0,0.1,336,0.7,0.7,14.1,12.8,9.9,1,0.0090376757337251,False,NORMAL,Normal environmental conditions,None,Continue monitoring environmental conditions.,LOW
2026-09-07 03:49:09+00:00,0.0,0,0.0,0.1,0.0,0,14.0,853.5,14.2,14.4,88.5,270,335,0,0.3,25,0.7,0.7,14.3,13.0,10.1,1,0.0271142199917573,False,NORMAL,Normal environmental conditions,None,Continue monitoring environmental conditions.,LOW
2026-09-07 04:04:16+00:00,0.0,0,0.0,0.1,0.0,0,14.2,853.6,14.5,14.6,88.5,280,459,0,0.0,348,0.2,0.2,14.5,13.3,10.3,1,0.0111785398001723,False,NORMAL,Normal environmental conditions,None,Continue monitoring environmental conditions.,LOW
2026-09-07 04:19:25+00:00,0.0,0,0.0,0.3,0.0,0,14.7,853.9,15.1,15.1,87.5,312,848,0,0.0,194,0.2,0.2,15.0,13.6,10.8,1,0.0554361775371294,False,NORMAL,Normal environmental conditions,None,Continue monitoring environmental conditions.,LOW
2026-09-07 04:34:34+00:00,0.0,0,0.0,0.2,0.0,0,15.4,853.9,15.8,15.8,84.9,297,625,0,0.0,80,0.2,0.2,15.7,14.0,11.5,1,0.1088513807386733,False,NORMAL,Normal environmental conditions,None,Continue monitoring environmental conditions.,LOW
2026-09-07 04:49:42+00:00,0.0,0,0.0,0.2,0.0,0,15.8,854.0,16.1,16.1,83.1,298,640,0,0.4,68,0.9,0.9,16.1,14.2,11.9,1,0.1154553684130319,False,NORMAL,Normal environmental conditions,None,Continue monitoring environmental conditions.,LOW
2026-09-07 05:04:51+00:00,0.0,0,0.0,0.5,0.0,0,16.1,854.2,16.3,16.4,81.8,346,1231,0,0.1,10,0.7,0.7,16.3,14.3,12.1,1,0.0781459173841319,False,NORMAL,Normal environmental conditions,None,Continue monitoring environmental conditions.,LOW
2026-09-07 05:20:12+00:00,0.0,0,0.0,0.4,0.0,0,16.7,854.3,16.6,17.0,79.3,335,1086,0,0.8,74,1.3,1.3,16.9,14.6,12.7,1,0.1114731323032622,False,NORMAL,Normal environmental conditions,None,Continue monitoring environmental conditions.,LOW
2026-09-07 05:35:20+00:00,0.0,0,0.0,0.6,0.0,0,16.7,854.4,16.8,17.1,77.5,377,1555,0,0.8,66,1.3,1.3,17.0,14.5,12.8,1,0.08891854287429,False,NORMAL,Normal environmental conditions,None,Continue monitoring environmental conditions.,LOW
2026-09-07 05:50:29+00:00,0.0,0,0.0,0.6,0.0,0,17.0,854.6,17.3,17.5,75.3,371,1504,0,0.5,107,0.9,0.9,17.4,14.6,13.2,1,0.1061754839984636,False,NORMAL,Normal environmental conditions,None,Continue monitoring environmental conditions.,LOW
2026-09-07 06:05:37+00:00,0.0,0,0.0,0.6,0.0,0,17.5,854.6,17.7,18.0,75.0,376,1561,0,0.1,80,0.4,0.4,17.9,15.0,13.6,1,0.1145879284051574,False,NORMAL,Normal environmental conditions,None,Continue monitoring environmental conditions.,LOW
2026-09-07 06:20:46+00:00,0.0,0,0.0,0.7,0.0,0,18.4,854.8,18.2,18.5,73.2,393,1751,0,0.2,36,1.1,1.1,18.4,15.3,14.1,1,0.0998585741747991,False,NORMAL,Normal environmental conditions,None,Continue monitoring environmental conditions.,LOW
2026-09-07 06:36:14+00:00,0.0,0,0.0,0.7,0.0,0,18.0,854.8,18.2,18.6,71.8,386,1657,0,0.6,126,1.3,1.3,18.5,15.2,14.1,1,0.1127622848054509,False,NORMAL,Normal environmental conditions,None,Continue monitoring environmental conditions.,LOW
2026-09-07 06:51:23+00:00,0.0,0,0.0,0.8,0.0,0,18.3,855.0,18.3,18.9,70.9,407,1895,0,0.7,126,1.5,1.5,18.8,15.3,14.4,1,0.1043575751915037,False,NORMAL,Normal environmental conditions,None,Continue monitoring environmental conditions.,LOW
2026-09-07 07:06:31+00:00,0.0,0,0.0,0.8,0.0,0,18.8,855.1,18.8,19.4,69.4,403,1865,0,0.0,89,0.2,0.2,19.3,15.6,14.9,1,0.1106045887525487,False,NORMAL,Normal environmental conditions,None,Continue monitoring environmental conditions.,LOW
2026-09-07 07:22:22+00:00,0.0,0,0.0,1.1,0.0,0,18.9,854.9,19.2,19.5,68.2,470,2604,0,0.3,121,0.9,0.9,19.4,15.6,15.0,1,0.1138217521661069,False,NORMAL,Normal environmental conditions,None,Continue monitoring environmental conditions.,LOW
2026-09-07 07:37:30+00:00,0.0,0,0.0,3.6,0.0,0,21.1,854.9,21.4,21.5,61.8,937,8158,0,0.8,126,1.5,1.5,21.5,16.6,16.8,1,0.0204231734896491,False,NORMAL,Normal environmental conditions,None,Continue monitoring environmental conditions.,LOW
2026-09-07 07:52:39+00:00,0.0,0,0.0,1.8,0.0,0,20.0,854.6,20.6,20.7,63.4,590,3934,0,1.3,168,2.6,2.6,20.6,16.1,16.1,1,0.0380268078253612,False,NORMAL,Normal environmental conditions,None,Continue monitoring environmental conditions.,LOW
2026-09-07 08:07:48+00:00,0.0,0,0.0,2.7,0.0,0,20.7,854.4,21.2,20.9,63.6,752,5731,0,1.2,168,2.2,2.2,20.8,16.3,16.2,1,0.0236621364178928,False,NORMAL,Normal environmental conditions,None,Continue monitoring environmental conditions.,LOW
2026-09-07 08:23:26+00:00,0.0,0,0.0,3.7,0.0,0,21.6,854.2,21.8,22.1,59.1,944,8048,0,1.2,71,2.4,2.4,22.0,16.7,17.3,1,0.0010464972501995,False,NORMAL,Normal environmental conditions,None,Continue monitoring environmental conditions.,LOW
2026-09-07 08:38:34+00:00,0.0,0,0.0,1.8,0.0,0,22.7,854.0,22.7,23.5,54.8,598,3879,0,1.4,76,2.2,2.2,23.4,17.4,18.5,1,0.0510603486666724,False,NORMAL,Normal environmental conditions,None,Continue monitoring environmental conditions.,LOW
2026-09-07 08:53:43+00:00,0.0,0,0.0,3.7,0.0,0,23.7,853.7,23.9,24.4,53.7,947,8099,0,0.1,125,0.4,0.4,24.3,18.0,19.2,1,0.0202171907434767,False,NORMAL,Normal environmental conditions,None,Continue monitoring environmental conditions.,LOW
2026-09-07 09:08:51+00:00,0.0,0,0.0,3.9,0.0,0,23.1,853.5,23.9,24.0,54.4,987,8425,0,0.2,170,1.5,1.5,23.9,17.8,18.9,1,0.0266061178589172,False,NORMAL,Normal environmental conditions,None,Continue monitoring environmental conditions.,LOW
2026-09-07 09:24:00+00:00,0.0,0,0.0,4.0,0.0,0,23.8,853.1,24.4,24.6,51.8,995,8489,0,0.1,132,0.4,0.4,24.6,18.0,19.4,1,0.0137716374831022,False,NORMAL,Normal environmental conditions,None,Continue monitoring environmental conditions.,LOW
2026-09-07 09:39:22+00:00,0.0,0,0.0,3.8,0.0,0,25.4,852.8,25.2,25.5,49.5,972,8230,0,1.0,30,2.0,2.0,25.5,18.4,20.1,1,0.0039316414794222,False,NORMAL,Normal environmental conditions,None,Continue monitoring environmental conditions.,LOW
2026-09-07 09:54:31+00:00,0.0,0,0.0,3.2,0.0,0,24.3,852.5,24.8,24.8,50.7,860,6964,0,0.1,174,0.7,0.7,24.7,17.9,19.5,1,0.0398169683004701,False,NORMAL,Normal environmental conditions,None,Continue monitoring environmental conditions.,LOW
2026-09-07 10:09:40+00:00,0.0,0,0.0,3.5,0.0,0,24.4,852.1,24.9,24.6,51.2,915,7561,0,0.4,173,1.1,1.1,24.6,17.9,19.4,1,0.04647881252507,False,NORMAL,Normal environmental conditions,None,Continue monitoring environmental conditions.,LOW
2026-09-07 10:24:48+00:00,0.0,0,0.0,3.5,0.0,0,25.5,851.8,25.9,25.5,48.1,907,7468,0,0.9,201,2.4,2.4,25.4,18.1,20.1,1,0.0140656195395089,False,NORMAL,Normal environmental conditions,None,Continue monitoring environmental conditions.,LOW
2026-09-07 10:39:56+00:00,0.0,0,0.0,3.3,0.0,0,26.4,851.5,26.8,26.8,45.8,872,7106,0,0.7,91,2.2,2.2,27.0,18.8,21.3,1,0.0132736751615042,False,NORMAL,Normal environmental conditions,None,Continue monitoring environmental conditions.,LOW
2026-09-07 10:55:25+00:00,0.0,0,0.0,3.2,0.0,0,26.2,851.2,26.7,26.6,45.7,849,6850,0,0.3,183,0.9,0.9,26.6,18.7,21.0,1,0.0099595056685781,False,NORMAL,Normal environmental conditions,None,Continue monitoring environmental conditions.,LOW
2026-09-07 11:10:34+00:00,0.0,0,0.0,3.0,0.0,0,26.3,851.0,26.7,26.8,42.8,824,6565,0,0.6,183,1.3,1.3,26.9,18.4,21.2,1,0.023717988210909,False,NORMAL,Normal environmental conditions,None,Continue monitoring environmental conditions.,LOW
2026-09-07 11:25:42+00:00,0.0,0,0.0,2.8,0.0,0,26.7,850.7,27.3,27.5,41.5,787,6155,0,0.5,183,1.5,1.5,27.3,18.6,21.5,1,0.0060615494046936,False,NORMAL,Normal environmental conditions,None,Continue monitoring environmental conditions.,LOW
2026-09-07 11:40:51+00:00,0.0,0,0.0,2.7,0.0,0,27.1,850.4,27.6,27.6,40.0,757,5830,0,0.8,139,2.0,2.0,27.3,18.5,21.5,1,0.0135233118480816,False,NORMAL,Normal environmental conditions,None,Continue monitoring environmental conditions.,LOW
2026-09-07 11:56:00+00:00,0.0,0,0.0,2.5,0.0,0,27.2,850.2,27.8,27.8,39.3,727,5467,0,0.5,198,1.3,1.3,27.5,18.6,21.6,1,0.0030544599260521,False,NORMAL,Normal environmental conditions,None,Continue monitoring environmental conditions.,LOW
2026-09-07 12:11:27+00:00,0.0,0,0.0,2.3,0.0,0,27.5,850.1,28.1,28.2,37.6,683,4988,0,1.4,202,2.2,2.2,27.7,18.5,21.8,-1,-0.0192589048869525,True,NORMAL,Heat and dryness anomaly,"Elevated heat conditions, Unusually low humidity, Above-normal wind gust, Unusually high temperature",Monitor heat exposure and maintain hydration. Monitor dry conditions and potential vegetation stress.,HIGH
2026-09-07 12:26:36+00:00,0.0,0,0.0,2.1,0.0,0,27.5,849.9,28.3,28.1,38.7,642,4570,0,0.5,202,0.9,0.9,27.7,18.7,21.8,-1,-0.0047207570962441,True,NORMAL,Heat and dryness anomaly,"Elevated heat conditions, Unusually low humidity, Unusually high temperature",Monitor heat exposure and maintain hydration. Monitor dry conditions and potential vegetation stress.,HIGH
2026-09-07 12:41:44+00:00,0.0,0,0.0,1.9,0.0,0,28.5,849.8,28.9,29.4,37.1,613,4277,0,0.8,146,2.8,2.8,28.7,19.4,22.5,-1,-0.0615763970706408,True,WARNING,Heat and dryness anomaly,"Elevated heat conditions, Unusually low humidity, Elevated wind gust, Unusually high temperature",Monitor heat exposure and maintain hydration. Monitor dry conditions and potential vegetation stress. Monitor exposed areas and unsecured infrastructure.,HIGH
2026-09-07 12:57:35+00:00,0.0,0,0.0,1.5,0.0,0,27.8,849.7,28.2,28.6,38.6,544,3497,0,0.4,176,0.7,0.7,28.1,19.1,22.1,-1,-0.0149930278547034,True,NORMAL,Heat and dryness anomaly,"Elevated heat conditions, Unusually low humidity, Unusually high temperature",Monitor heat exposure and maintain hydration. Monitor dry conditions and potential vegetation stress.,HIGH
2026-09-07 13:12:43+00:00,0.0,0,0.0,1.4,0.0,0,27.3,849.5,27.6,28.2,39.2,521,3286,0,0.4,159,0.9,0.9,27.8,18.8,21.9,1,0.0017141531017678,False,NORMAL,Normal environmental conditions,None,Continue monitoring environmental conditions.,LOW
2026-09-07 13:27:53+00:00,0.0,0,0.0,1.2,0.0,0,27.6,849.4,28.1,28.8,37.6,481,2803,0,0.6,129,1.3,1.3,28.2,19.0,22.2,-1,-0.0065742867436993,True,NORMAL,Heat and dryness anomaly,"Elevated heat conditions, Unusually low humidity, Unusually high temperature",Monitor heat exposure and maintain hydration. Monitor dry conditions and potential vegetation stress.,HIGH
2026-09-07 13:43:02+00:00,0.0,0,0.0,0.9,0.0,0,27.2,849.6,27.6,28.3,39.6,435,2295,0,1.1,128,2.6,2.6,27.9,19.0,21.9,-1,-0.0079420309036148,True,NORMAL,Heat and dryness anomaly,"Elevated heat conditions, Unusually low humidity, Elevated wind gust, Unusually high temperature",Monitor heat exposure and maintain hydration. Monitor dry conditions and potential vegetation stress. Monitor exposed areas and unsecured infrastructure.,HIGH
2026-09-07 13:58:11+00:00,0.0,0,0.0,0.7,0.0,0,26.9,849.7,27.3,27.9,40.5,394,1819,0,0.7,161,2.9,2.9,27.6,18.8,21.7,-1,-0.0055184834057936,True,NORMAL,Heat and dryness anomaly,"Elevated heat conditions, Unusually low humidity, Elevated wind gust, Unusually high temperature",Monitor heat exposure and maintain hydration. Monitor dry conditions and potential vegetation stress. Monitor exposed areas and unsecured infrastructure.,HIGH
2026-09-07 14:13:33+00:00,0.0,0,0.0,0.6,0.0,0,26.5,849.8,26.8,27.3,41.3,360,1425,0,0.6,115,2.2,2.2,27.1,18.5,21.4,1,0.0316957486507235,False,NORMAL,Normal environmental conditions,None,Continue monitoring environmental conditions.,LOW
2026-09-07 14:28:42+00:00,0.0,0,0.0,0.2,0.0,0,26.0,849.8,26.2,26.5,43.0,304,618,0,0.1,133,0.9,0.9,26.4,18.1,20.8,1,0.0389312095412435,False,NORMAL,Normal environmental conditions,None,Continue monitoring environmental conditions.,LOW
2026-09-07 14:44:40+00:00,0.0,0,0.0,0.2,0.0,0,25.4,850.0,25.6,25.8,44.5,292,527,0,0.6,140,1.1,1.1,25.7,17.8,20.3,1,0.072175226561979,False,NORMAL,Normal environmental conditions,None,Continue monitoring environmental conditions.,LOW
2026-09-07 14:59:48+00:00,0.0,0,0.0,0.1,0.0,0,25.1,850.2,25.2,25.4,45.6,283,447,0,0.2,132,0.4,0.4,25.3,17.6,20.0,1,0.0702107893537633,False,NORMAL,Normal environmental conditions,None,Continue monitoring environmental conditions.,LOW
2026-09-07 15:14:57+00:00,0.0,0,0.0,0.1,0.0,0,24.5,850.3,24.7,24.9,46.6,272,348,0,0.9,80,1.7,1.7,24.7,17.3,19.6,1,0.0909737353705489,False,NORMAL,Normal environmental conditions,None,Continue monitoring environmental conditions.,LOW
2026-09-07 15:30:06+00:00,0.0,0,0.0,0.0,0.0,0,24.1,850.6,24.2,24.4,47.7,263,279,0,0.2,86,1.1,1.1,24.3,17.1,19.2,1,0.1018211513296991,False,NORMAL,Normal environmental conditions,None,Continue monitoring environmental conditions.,LOW
2026-09-07 15:45:29+00:00,0.0,0,0.0,0.0,0.0,0,23.8,850.7,23.9,24.1,47.8,261,255,0,0.2,130,0.7,0.7,23.9,16.9,18.9,1,0.1026422090038801,False,NORMAL,Normal environmental conditions,None,Continue monitoring environmental conditions.,LOW
2026-09-07 16:00:37+00:00,0.0,0,0.0,0.0,0.0,0,23.7,850.9,23.8,23.9,48.2,259,254,0,0.2,172,0.4,0.4,23.8,16.8,18.8,1,0.0910769072110041,False,NORMAL,Normal environmental conditions,None,Continue monitoring environmental conditions.,LOW
2026-09-07 16:16:38+00:00,0.0,0,0.0,0.0,0.0,0,23.5,851.1,23.6,23.8,48.5,260,254,0,0.2,168,0.7,0.7,23.6,16.7,18.7,1,0.1038085132460141,False,NORMAL,Normal environmental conditions,None,Continue monitoring environmental conditions.,LOW
2026-09-07 16:31:46+00:00,0.0,0,0.0,0.0,0.0,0,23.2,851.2,23.3,23.5,49.3,260,254,0,0.6,90,2.0,2.0,23.4,16.6,18.4,1,0.1174741713178263,False,NORMAL,Normal environmental conditions,None,Continue monitoring environmental conditions.,LOW
2026-09-07 16:47:39+00:00,0.0,0,0.0,0.0,0.0,0,22.9,851.4,23.1,23.2,49.8,261,254,0,0.4,142,1.1,1.1,23.1,16.4,18.2,1,0.1228459703905451,False,NORMAL,Normal environmental conditions,None,Continue monitoring environmental conditions.,LOW
2026-09-07 17:02:48+00:00,0.0,0,0.0,0.0,0.0,0,22.8,851.5,22.9,23.0,50.2,259,253,0,0.3,139,0.7,0.7,22.9,16.3,18.0,1,0.1149972026771593,False,NORMAL,Normal environmental conditions,None,Continue monitoring environmental conditions.,LOW
2026-09-07 17:17:58+00:00,0.0,0,0.0,0.0,0.0,0,22.6,851.6,22.7,22.9,50.4,260,254,0,0.3,140,1.5,1.5,22.7,16.2,17.9,1,0.124251901402383,False,NORMAL,Normal environmental conditions,None,Continue monitoring environmental conditions.,LOW
2026-09-07 17:33:06+00:00,0.0,0,0.0,0.0,0.0,0,22.6,851.7,22.8,22.9,49.8,260,254,0,0.4,114,1.1,1.1,22.7,16.1,17.9,1,0.1222804997014119,False,NORMAL,Normal environmental conditions,None,Continue monitoring environmental conditions.,LOW
2026-09-07 17:48:34+00:00,0.0,0,0.0,0.0,0.0,0,22.7,851.9,22.8,22.9,49.1,261,253,0,0.5,164,1.1,1.1,22.7,16.1,17.9,1,0.1191797894972052,False,NORMAL,Normal environmental conditions,None,Continue monitoring environmental conditions.,LOW
2026-09-07 18:03:36+00:00,0.0,0,0.0,0.0,0.0,0,22.7,852.0,22.9,23.0,48.3,260,255,0,0.2,100,0.7,0.7,22.8,16.0,18.0,1,0.1093594497077926,False,NORMAL,Normal environmental conditions,None,Continue monitoring environmental conditions.,LOW
2026-09-07 18:19:00+00:00,0.0,0,0.0,0.0,0.0,0,22.4,852.1,22.6,22.7,48.7,261,253,0,0.6,167,1.7,1.7,22.5,15.9,17.8,1,0.1206857778317721,False,NORMAL,Normal environmental conditions,None,Continue monitoring environmental conditions.,LOW
2026-09-07 18:34:10+00:00,0.0,0,0.0,0.0,0.0,0,21.8,852.3,22.0,22.2,50.5,260,253,0,0.5,124,1.7,1.7,22.0,15.7,17.3,1,0.1308978929316834,False,NORMAL,Normal environmental conditions,None,Continue monitoring environmental conditions.,LOW
2026-09-07 18:49:19+00:00,0.0,0,0.0,0.0,0.0,0,21.3,852.6,21.5,21.7,52.6,260,254,0,0.8,110,2.2,2.2,21.5,15.5,16.8,1,0.1242020423970866,False,NORMAL,Normal environmental conditions,None,Continue monitoring environmental conditions.,LOW
2026-09-07 19:05:08+00:00,0.0,0,0.0,0.0,0.0,0,21.0,852.8,21.2,21.3,54.0,260,254,0,0.5,184,2.4,2.4,21.1,15.4,16.6,1,0.1098762892007149,False,NORMAL,Normal environmental conditions,None,Continue monitoring environmental conditions.,LOW
2026-09-07 19:21:07+00:00,0.0,0,0.0,0.0,0.0,0,20.6,852.9,20.8,21.0,55.0,260,253,0,0.0,163,0.2,0.2,20.8,15.3,16.3,1,0.1254047963310998,False,NORMAL,Normal environmental conditions,None,Continue monitoring environmental conditions.,LOW
2026-09-07 19:36:16+00:00,0.0,0,0.0,0.0,0.0,0,20.3,853.1,20.4,20.6,56.1,260,253,0,0.4,163,1.1,1.1,20.4,15.1,16.0,1,0.1366127221238199,False,NORMAL,Normal environmental conditions,None,Continue monitoring environmental conditions.,LOW
2026-09-07 19:51:25+00:00,0.0,0,0.0,0.0,0.0,0,20.0,853.1,20.2,20.4,56.6,260,253,0,0.9,142,1.7,1.7,20.2,14.9,15.7,1,0.1222576059585076,False,NORMAL,Normal environmental conditions,None,Continue monitoring environmental conditions.,LOW
2026-09-07 20:06:34+00:00,0.0,0,0.0,0.0,0.0,0,19.7,853.2,19.9,20.1,57.5,260,253,0,1.0,210,2.0,2.0,19.8,14.7,15.4,1,0.0888904801926591,False,NORMAL,Normal environmental conditions,None,Continue monitoring environmental conditions.,LOW
2026-09-07 20:21:44+00:00,0.0,0,0.0,0.0,0.0,0,19.5,853.3,19.7,19.9,58.3,262,255,0,0.0,126,0.2,0.2,19.6,14.7,15.2,1,0.1242050350712585,False,NORMAL,Normal environmental conditions,None,Continue monitoring environmental conditions.,LOW
2026-09-07 20:37:07+00:00,0.0,0,0.0,0.0,0.0,0,19.3,853.2,19.4,19.6,59.1,260,254,0,0.2,139,0.7,0.7,19.4,14.6,15.0,1,0.1391188414814773,False,NORMAL,Normal environmental conditions,None,Continue monitoring environmental conditions.,LOW
2026-09-07 20:52:22+00:00,0.0,0,0.0,0.0,0.0,0,19.0,853.1,19.2,19.4,59.8,260,253,0,0.0,179,0.0,0.0,19.2,14.5,14.8,1,0.13039826776532,False,NORMAL,Normal environmental conditions,None,Continue monitoring environmental conditions.,LOW
2026-09-07 21:07:31+00:00,0.0,0,0.0,0.0,0.0,0,18.5,853.1,18.7,19.0,61.2,260,254,0,0.0,179,0.0,0.0,18.7,14.2,14.4,1,0.1316041722749759,False,NORMAL,Normal environmental conditions,None,Continue monitoring environmental conditions.,LOW
2026-09-07 21:22:41+00:00,0.0,0,0.0,0.0,0.0,0,18.1,853.0,18.2,18.5,63.4,261,254,0,0.7,120,2.2,2.2,18.2,14.0,13.9,1,0.1055064299787015,False,NORMAL,Normal environmental conditions,None,Continue monitoring environmental conditions.,LOW
2026-09-07 21:38:10+00:00,0.0,0,0.0,0.0,0.0,0,18.2,852.8,18.4,18.6,63.1,260,253,0,0.1,96,0.4,0.4,18.4,14.2,14.1,1,0.1437874060988167,False,NORMAL,Normal environmental conditions,None,Continue monitoring environmental conditions.,LOW
2026-09-07 21:53:19+00:00,0.0,0,0.0,0.0,0.0,0,18.0,852.5,18.1,18.4,64.2,260,254,0,0.0,77,0.2,0.2,18.2,14.1,13.9,1,0.1334560969533709,False,NORMAL,Normal environmental conditions,None,Continue monitoring environmental conditions.,LOW
2026-09-07 22:08:28+00:00,0.0,0,0.0,0.0,0.0,0,17.5,852.6,17.7,17.9,65.9,260,254,0,0.0,134,0.2,0.2,17.6,13.8,13.4,1,0.1399568232768097,False,NORMAL,Normal environmental conditions,None,Continue monitoring environmental conditions.,LOW
2026-09-07 22:23:37+00:00,0.0,0,0.0,0.0,0.0,0,17.0,852.4,17.1,17.4,67.8,260,253,0,0.1,86,0.4,0.4,17.2,13.6,13.0,1,0.1451765734794145,False,NORMAL,Normal environmental conditions,None,Continue monitoring environmental conditions.,LOW
2026-09-07 22:38:45+00:00,0.0,0,0.0,0.0,0.0,0,16.7,852.4,16.8,17.1,73.9,260,254,0,0.5,126,0.9,0.9,17.0,14.0,12.7,1,0.1543615044931783,False,NORMAL,Normal environmental conditions,None,Continue monitoring environmental conditions.,LOW
2026-09-07 22:54:12+00:00,0.0,0,0.0,0.0,0.0,0,16.3,852.3,16.6,16.8,78.1,261,254,0,0.3,140,0.9,0.9,16.7,14.2,12.5,1,0.1652647393282923,False,NORMAL,Normal environmental conditions,None,Continue monitoring environmental conditions.,LOW
2026-09-07 23:09:20+00:00,0.0,0,0.0,0.0,0.0,0,16.1,852.2,16.2,16.5,79.3,260,253,0,0.2,130,0.7,0.7,16.4,14.1,12.2,1,0.1583252678554306,False,NORMAL,Normal environmental conditions,None,Continue monitoring environmental conditions.,LOW
2026-09-07 23:24:28+00:00,0.0,0,0.0,0.0,0.0,0,15.9,852.1,16.2,16.3,79.7,261,252,0,0.0,130,0.4,0.4,16.2,13.9,12.0,1,0.1557950130040785,False,NORMAL,Normal environmental conditions,None,Continue monitoring environmental conditions.,LOW
2026-09-07 23:39:36+00:00,0.0,0,0.0,0.0,0.0,0,15.7,852.2,16.1,16.1,80.4,261,253,0,0.5,78,0.9,0.9,16.0,13.9,11.8,1,0.1411495700289399,False,NORMAL,Normal environmental conditions,None,Continue monitoring environmental conditions.,LOW
2026-09-07 23:54:45+00:00,0.0,0,0.0,0.0,0.0,0,15.4,852.2,15.8,15.8,80.7,262,253,0,0.0,92,0.0,0.0,15.7,13.6,11.5,1,0.1477211449622419,False,NORMAL,Normal environmental conditions,None,Continue monitoring environmental conditions.,LOW
2026-09-08 00:00:49+00:00,0.0,0,0.0,0.0,0.0,0,15.3,852.1,15.7,15.7,81.8,261,253,0,0.1,119,0.9,0.9,15.6,13.6,11.4,1,0.1395556684684702,False,NORMAL,Normal environmental conditions,None,Continue monitoring environmental conditions.,LOW
2026-09-08 00:16:10+00:00,0.0,0,0.0,0.0,0.0,0,15.1,852.1,15.4,15.5,81.5,259,252,0,0.0,173,0.0,0.0,15.3,13.4,11.2,1,0.1282597789529864,False,NORMAL,Normal environmental conditions,None,Continue monitoring environmental conditions.,LOW
2026-09-08 00:31:19+00:00,0.0,0,0.0,0.0,0.0,0,14.7,852.0,15.0,15.1,83.4,261,253,0,0.0,173,0.0,0.0,15.0,13.2,10.8,1,0.121196368636872,False,NORMAL,Normal environmental conditions,None,Continue monitoring environmental conditions.,LOW
2026-09-08 00:46:28+00:00,0.0,0,0.0,0.0,0.0,0,14.5,852.0,14.8,14.9,84.0,260,253,0,0.0,173,0.0,0.0,14.7,13.0,10.5,1,0.100881488627693,False,NORMAL,Normal environmental conditions,None,Continue monitoring environmental conditions.,LOW
2026-09-08 01:01:37+00:00,0.0,0,0.0,0.0,0.0,0,14.1,851.9,14.3,14.5,85.4,261,254,0,0.0,173,0.0,0.0,14.4,12.9,10.2,1,0.0894691039558649,False,NORMAL,Normal environmental conditions,None,Continue monitoring environmental conditions.,LOW
2026-09-08 01:16:46+00:00,0.0,0,0.0,0.0,0.0,0,13.8,851.9,14.1,14.2,87.3,260,253,0,0.0,173,0.0,0.0,14.1,12.8,9.9,1,0.0805146557185622,False,NORMAL,Normal environmental conditions,None,Continue monitoring environmental conditions.,LOW
2026-09-08 01:32:14+00:00,0.0,0,0.0,0.0,0.0,0,13.7,852.1,13.9,14.1,89.2,261,253,0,0.0,173,0.0,0.0,14.0,12.9,9.8,1,0.0707785796948223,False,NORMAL,Normal environmental conditions,None,Continue monitoring environmental conditions.,LOW
2026-09-08 01:47:23+00:00,0.0,0,0.0,0.0,0.0,0,13.6,852.2,13.9,14.0,90.1,260,253,0,0.0,173,0.4,0.4,13.9,12.9,9.7,1,0.0592711465197318,False,NORMAL,Normal environmental conditions,None,Continue monitoring environmental conditions.,LOW
2026-09-08 02:02:32+00:00,0.0,0,0.0,0.0,0.0,0,13.3,852.5,13.6,13.7,90.0,261,254,0,0.0,173,0.0,0.0,13.6,12.6,9.4,1,0.0562284668473401,False,NORMAL,Normal environmental conditions,None,Continue monitoring environmental conditions.,LOW
2026-09-08 02:17:41+00:00,0.0,0,0.0,0.0,0.0,0,13.1,852.6,13.4,13.5,90.6,260,254,0,0.0,173,0.0,0.0,13.4,12.5,9.2,1,0.0351824201701628,False,NORMAL,Normal environmental conditions,None,Continue monitoring environmental conditions.,LOW
2026-09-08 02:32:50+00:00,0.0,0,0.0,0.0,0.0,0,13.0,852.5,13.2,13.4,91.3,259,253,0,0.0,173,0.0,0.0,13.3,12.5,9.1,1,0.0273448738551271,False,NORMAL,Normal environmental conditions,None,Continue monitoring environmental conditions.,LOW
2026-09-08 02:48:17+00:00,0.0,0,0.0,0.0,0.0,0,13.0,852.6,13.3,13.4,92.3,259,252,0,0.0,173,0.0,0.0,13.3,12.5,9.1,1,0.0213911302213034,False,NORMAL,Normal environmental conditions,None,Continue monitoring environmental conditions.,LOW
2026-09-08 03:03:25+00:00,0.0,0,0.0,0.0,0.0,0,12.9,852.4,13.2,13.3,92.6,261,253,0,0.0,173,0.0,0.0,13.2,12.5,9.0,1,0.0283216022184246,False,NORMAL,Normal environmental conditions,None,Continue monitoring environmental conditions.,LOW
2026-09-08 03:18:34+00:00,0.0,0,0.0,0.0,0.0,0,13.3,852.7,13.6,13.8,93.3,261,257,0,0.0,173,0.0,0.0,13.7,13.0,9.5,1,0.0480645414485558,False,NORMAL,Normal environmental conditions,None,Continue monitoring environmental conditions.,LOW
2026-09-08 03:33:43+00:00,0.0,0,0.0,0.0,0.0,0,13.6,853.1,13.9,14.1,92.0,264,277,0,0.3,173,0.7,0.7,14.0,13.1,9.8,1,0.033277610687503,False,NORMAL,Normal environmental conditions,None,Continue monitoring environmental conditions.,LOW
2026-09-08 03:48:52+00:00,0.0,0,0.0,0.1,0.0,0,13.8,853.3,14.1,14.3,91.0,269,358,0,0.3,173,0.7,0.7,14.2,13.3,10.0,1,0.0361269766604358,False,NORMAL,Normal environmental conditions,None,Continue monitoring environmental conditions.,LOW
2026-09-08 04:04:19+00:00,0.0,0,0.0,0.1,0.0,0,14.1,853.5,14.4,14.5,89.3,277,434,0,0.5,128,0.9,0.9,14.4,13.3,10.2,1,0.041541695779411,False,NORMAL,Normal environmental conditions,None,Continue monitoring environmental conditions.,LOW
2026-09-08 04:19:29+00:00,0.0,0,0.0,0.2,0.0,0,14.3,853.7,14.6,14.7,88.4,289,557,0,0.6,86,1.3,1.3,14.6,13.4,10.4,1,0.034695709089721,False,NORMAL,Normal environmental conditions,None,Continue monitoring environmental conditions.,LOW
2026-09-08 04:34:38+00:00,0.0,0,0.0,0.3,0.0,0,14.7,853.8,15.1,15.1,87.0,314,866,0,0.5,96,0.9,0.9,15.0,13.6,10.8,1,0.0539871522852869,False,NORMAL,Normal environmental conditions,None,Continue monitoring environmental conditions.,LOW
2026-09-08 04:49:47+00:00,0.0,0,0.0,0.4,0.0,0,15.1,854.1,15.4,15.6,85.3,325,1005,0,0.3,66,0.7,0.7,15.5,13.9,11.3,1,0.0629788789317456,False,NORMAL,Normal environmental conditions,None,Continue monitoring environmental conditions.,LOW
2026-09-08 05:04:56+00:00,0.0,0,0.0,0.4,0.0,0,15.8,854.1,16.1,16.2,83.0,338,1133,0,0.3,71,0.9,0.9,16.1,14.2,11.9,1,0.0993510646727465,False,NORMAL,Normal environmental conditions,None,Continue monitoring environmental conditions.,LOW
2026-09-08 05:20:22+00:00,0.0,0,0.0,0.6,0.0,0,16.6,854.2,16.6,17.0,79.0,378,1565,0,0.4,89,0.9,0.9,16.9,14.5,12.6,1,0.1157203161612774,False,NORMAL,Normal environmental conditions,None,Continue monitoring environmental conditions.,LOW
2026-09-08 05:35:31+00:00,0.0,0,0.0,0.5,0.0,0,16.2,854.5,16.3,16.8,78.6,353,1292,0,0.3,88,0.9,0.9,16.7,14.3,12.5,1,0.1000298248611318,False,NORMAL,Normal environmental conditions,None,Continue monitoring environmental conditions.,LOW
2026-09-08 05:50:40+00:00,0.0,0,0.0,0.5,0.0,0,16.3,854.6,16.4,16.8,79.1,346,1205,0,0.7,74,1.3,1.3,16.7,14.4,12.5,1,0.0914752588221599,False,NORMAL,Normal environmental conditions,None,Continue monitoring environmental conditions.,LOW
2026-09-08 06:05:49+00:00,0.0,0,0.0,0.4,0.0,0,16.3,854.9,16.4,16.8,78.8,333,1071,0,0.3,149,0.9,0.9,16.7,14.3,12.5,1,0.1030727057375744,False,NORMAL,Normal environmental conditions,None,Continue monitoring environmental conditions.,LOW
2026-09-08 06:20:58+00:00,0.0,0,0.0,0.4,0.0,0,16.4,855.0,16.6,16.9,77.5,340,1133,0,0.4,129,1.1,1.1,16.8,14.3,12.6,1,0.1016829401319899,False,NORMAL,Normal environmental conditions,None,Continue monitoring environmental conditions.,LOW
2026-09-08 06:36:25+00:00,0.0,0,0.0,0.5,0.0,0,16.1,855.0,16.4,16.6,78.2,349,1236,0,1.0,147,1.5,1.5,16.5,14.1,12.3,1,0.0462685752936851,False,NORMAL,Normal environmental conditions,None,Continue monitoring environmental conditions.,LOW
2026-09-08 06:51:34+00:00,0.0,0,0.0,0.5,0.0,0,16.5,855.1,16.7,17.0,78.3,358,1363,0,0.4,134,0.9,0.9,16.9,14.4,12.6,1,0.0992445582527892,False,NORMAL,Normal environmental conditions,None,Continue monitoring environmental conditions.,LOW
2026-09-08 07:06:44+00:00,0.0,0,0.0,0.7,0.0,0,16.5,855.2,16.8,17.0,77.6,388,1691,0,0.7,78,1.3,1.3,16.9,14.4,12.7,1,0.0810378222631789,False,NORMAL,Normal environmental conditions,None,Continue monitoring environmental conditions.,LOW
2026-09-08 07:21:53+00:00,0.0,0,0.0,0.6,0.0,0,16.8,855.2,16.9,17.3,76.3,378,1577,0,0.5,150,0.9,0.9,17.2,14.5,13.0,1,0.0923794016748162,False,NORMAL,Normal environmental conditions,None,Continue monitoring environmental conditions.,LOW
2026-09-08 07:37:02+00:00,0.0,0,0.0,0.8,0.0,0,17.2,855.0,17.4,17.8,74.3,403,1837,0,1.0,150,1.5,1.5,17.7,14.7,13.4,1,0.0673535379113788,False,NORMAL,Normal environmental conditions,None,Continue monitoring environmental conditions.,LOW
2026-09-08 07:52:28+00:00,0.0,0,0.0,0.8,0.0,0,17.2,855.0,17.1,17.8,74.1,413,1968,0,1.2,91,2.0,2.0,17.7,14.8,13.5,1,0.0536549546737127,False,NORMAL,Normal environmental conditions,None,Continue monitoring environmental conditions.,LOW
2026-09-08 08:07:38+00:00,0.0,0,0.0,1.2,0.0,0,18.3,854.8,18.4,18.7,71.5,479,2694,0,0.3,111,1.1,1.1,18.6,15.3,14.3,1,0.1040218712462184,False,NORMAL,Normal environmental conditions,None,Continue monitoring environmental conditions.,LOW
2026-09-08 08:22:47+00:00,0.0,0,0.0,1.1,0.0,0,18.6,854.6,19.0,19.3,69.0,459,2473,0,0.3,128,0.7,0.7,19.2,15.5,14.8,1,0.1167546883618805,False,NORMAL,Normal environmental conditions,None,Continue monitoring environmental conditions.,LOW
2026-09-08 08:37:57+00:00,0.0,0,0.0,0.8,0.0,0,18.9,854.4,18.9,19.6,67.8,411,1946,0,1.0,63,1.7,1.7,19.5,15.7,15.1,1,0.092223994189137,False,NORMAL,Normal environmental conditions,None,Continue monitoring environmental conditions.,LOW
2026-09-08 08:53:07+00:00,0.0,0,0.0,1.0,0.0,0,18.9,854.2,19.1,19.5,67.9,444,2282,0,0.5,121,1.1,1.1,19.4,15.6,15.0,1,0.1282570260054807,False,NORMAL,Normal environmental conditions,None,Continue monitoring environmental conditions.,LOW
2026-09-08 09:08:33+00:00,0.0,0,0.0,0.7,0.0,0,18.7,854.1,19.1,19.2,68.9,387,1662,0,0.9,172,2.4,2.4,19.1,15.4,14.8,1,0.089196003055176,False,NORMAL,Normal environmental conditions,None,Continue monitoring environmental conditions.,LOW
2026-09-08 09:23:43+00:00,0.0,0,0.0,0.7,0.0,0,18.3,854.0,18.5,18.9,70.0,380,1580,0,0.7,89,1.3,1.3,18.8,15.2,14.4,1,0.1283804483035807,False,NORMAL,Normal environmental conditions,None,Continue monitoring environmental conditions.,LOW
2026-09-08 09:38:52+00:00,0.0,0,0.0,1.1,0.0,0,18.9,853.9,19.2,19.4,68.8,460,2491,0,0.1,130,0.4,0.4,19.3,15.6,14.9,1,0.1181105720178425,False,NORMAL,Normal environmental conditions,None,Continue monitoring environmental conditions.,LOW
2026-09-08 09:54:01+00:00,0.0,0,0.0,1.1,0.0,0,20.0,853.6,19.9,20.2,65.8,458,2444,0,0.8,63,1.5,1.5,20.1,15.9,15.6,1,0.1133495562764507,False,NORMAL,Normal environmental conditions,None,Continue monitoring environmental conditions.,LOW
2026-09-08 10:09:10+00:00,0.0,0,0.0,0.6,0.0,0,19.9,853.3,20.2,20.3,65.0,370,1481,0,0.4,153,1.1,1.1,20.2,15.9,15.7,1,0.1334272495976146,False,NORMAL,Normal environmental conditions,None,Continue monitoring environmental conditions.,LOW
2026-09-08 10:24:36+00:00,0.0,0,0.0,0.4,0.0,0,19.0,853.1,19.3,19.5,68.3,336,1074,0,0.1,175,0.7,0.7,19.4,15.6,15.0,1,0.1440301901152395,False,NORMAL,Normal environmental conditions,None,Continue monitoring environmental conditions.,LOW
2026-09-08 10:39:46+00:00,0.0,0,0.0,0.6,0.0,0,18.9,852.9,19.2,19.5,68.3,360,1344,0,0.2,176,0.5,0.5,19.4,15.6,15.0,1,0.138505601672451,False,NORMAL,Normal environmental conditions,None,Continue monitoring environmental conditions.,LOW
2026-09-08 10:54:55+00:00,0.0,0,0.0,0.7,0.0,0,18.8,852.6,19.2,19.3,68.1,388,1673,0,0.3,178,0.7,0.7,19.2,15.4,14.8,1,0.1389261783475573,False,NORMAL,Normal environmental conditions,None,Continue monitoring environmental conditions.,LOW
2026-09-08 11:10:44+00:00,0.0,0,0.0,0.8,0.0,0,19.3,852.4,19.6,19.9,67.0,399,1811,0,1.0,164,2.4,2.4,19.7,15.8,15.3,1,0.0957269793115101,False,NORMAL,Normal environmental conditions,None,Continue monitoring environmental conditions.,LOW
2026-09-08 11:25:54+00:00,0.0,0,0.0,0.8,0.0,0,19.5,852.1,19.6,20.0,67.0,397,1771,0,0.5,83,1.3,1.3,20.0,15.9,15.5,1,0.1443538243788197,False,NORMAL,Normal environmental conditions,None,Continue monitoring environmental conditions.,LOW
2026-09-08 11:41:02+00:00,0.0,0,0.0,0.9,0.0,0,19.5,851.8,19.6,20.0,66.6,418,2020,0,0.4,121,0.9,0.9,19.9,15.9,15.5,1,0.1387637315977809,False,NORMAL,Normal environmental conditions,None,Continue monitoring environmental conditions.,LOW
2026-09-08 11:56:12+00:00,0.0,0,0.0,0.8,0.0,0,19.7,851.7,20.0,20.3,66.2,411,1911,0,0.1,135,0.4,0.4,20.2,16.1,15.7,1,0.1325665999987019,False,NORMAL,Normal environmental conditions,None,Continue monitoring environmental conditions.,LOW
2026-09-08 12:11:41+00:00,0.0,0,0.0,0.3,0.0,0,19.0,851.7,19.2,19.5,68.9,309,785,0,0.1,109,0.4,0.4,19.5,15.7,15.1,1,0.1485247024934599,False,NORMAL,Normal environmental conditions,None,Continue monitoring environmental conditions.,LOW
2026-09-08 12:26:49+00:00,0.0,0,0.0,0.3,0.0,0,18.9,851.5,19.1,19.4,68.8,311,806,0,0.0,205,0.2,0.2,19.2,15.5,14.9,1,0.1281607625884195,False,NORMAL,Normal environmental conditions,None,Continue monitoring environmental conditions.,LOW
2026-09-08 12:41:59+00:00,0.0,0,0.0,0.5,0.0,0,18.9,851.2,19.1,19.4,68.6,351,1269,0,0.2,182,0.7,0.7,19.3,15.5,14.9,1,0.1368725228067449,False,NORMAL,Normal environmental conditions,None,Continue monitoring environmental conditions.,LOW
2026-09-08 12:57:08+00:00,0.0,0,0.0,0.6,0.0,0,19.3,851.1,19.4,19.8,67.0,361,1394,0,1.0,182,1.5,1.5,19.6,15.7,15.2,1,0.1128842511528188,False,NORMAL,Normal environmental conditions,None,Continue monitoring environmental conditions.,LOW
2026-09-08 13:12:18+00:00,0.0,0,0.0,0.5,0.0,0,19.4,851.0,19.6,19.9,66.9,348,1252,0,0.1,182,0.4,0.4,19.7,15.8,15.3,1,0.1284053181023177,False,NORMAL,Normal environmental conditions,None,Continue monitoring environmental conditions.,LOW
2026-09-08 13:27:45+00:00,0.0,0,0.0,0.5,0.0,0,19.6,850.9,19.9,20.0,65.9,356,1314,0,0.1,182,0.4,0.4,19.9,15.8,15.5,1,0.1273717257696303,False,NORMAL,Normal environmental conditions,None,Continue monitoring environmental conditions.,LOW
2026-09-08 13:42:55+00:00,0.0,0,0.0,0.3,0.0,0,19.6,850.8,19.9,20.2,65.4,317,891,0,0.2,182,0.7,0.7,20.0,15.8,15.6,1,0.1345951621612782,False,NORMAL,Normal environmental conditions,None,Continue monitoring environmental conditions.,LOW
2026-09-08 13:58:04+00:00,0.0,0,0.0,0.3,0.0,0,19.9,850.8,20.1,20.4,65.1,311,833,0,0.0,182,0.2,0.2,20.3,16.0,15.8,1,0.1240010113916647,False,NORMAL,Normal environmental conditions,None,Continue monitoring environmental conditions.,LOW
2026-09-08 14:13:14+00:00,0.0,0,0.0,0.2,0.0,0,19.8,850.8,19.9,20.3,64.5,302,730,0,0.3,182,0.7,0.7,20.2,15.9,15.7,1,0.137046169826105,False,NORMAL,Normal environmental conditions,None,Continue monitoring environmental conditions.,LOW
2026-09-08 14:28:39+00:00,0.0,0,0.0,0.2,0.0,0,19.7,850.9,20.0,20.2,64.3,295,636,0,0.1,182,0.3,0.3,20.1,15.7,15.6,1,0.1328522521895899,False,NORMAL,Normal environmental conditions,None,Continue monitoring environmental conditions.,LOW
2026-09-08 14:43:49+00:00,0.0,0,0.0,0.1,0.0,0,19.7,851.0,19.9,20.1,64.8,282,496,0,0.1,182,0.8,0.8,20.0,15.7,15.5,1,0.136842313186832,False,NORMAL,Normal environmental conditions,None,Continue monitoring environmental conditions.,LOW
2026-09-08 14:58:58+00:00,0.0,0,0.0,0.1,0.0,0,19.5,851.1,19.8,19.9,66.0,273,383,0,0.0,182,0.2,0.2,19.8,15.7,15.4,1,0.1348535492849644,False,NORMAL,Normal environmental conditions,None,Continue monitoring environmental conditions.,LOW
2026-09-08 15:14:07+00:00,0.0,0,0.0,0.0,0.0,0,19.2,851.3,19.4,19.7,67.1,264,284,0,0.9,80,1.7,1.7,19.6,15.6,15.2,1,0.1306616173771739,False,NORMAL,Normal environmental conditions,None,Continue monitoring environmental conditions.,LOW
2026-09-08 15:29:15+00:00,0.0,0,0.0,0.0,0.0,0,19.0,851.3,19.1,19.4,68.4,260,262,0,0.7,78,1.7,1.7,19.3,15.6,14.9,1,0.1451451908801673,False,NORMAL,Normal environmental conditions,None,Continue monitoring environmental conditions.,LOW
2026-09-08 15:44:41+00:00,0.0,0,0.0,0.0,0.0,0,18.9,851.3,19.1,19.3,69.2,261,253,0,0.1,72,0.4,0.4,19.2,15.5,14.8,1,0.1521535418018914,False,NORMAL,Normal environmental conditions,None,Continue monitoring environmental conditions.,LOW
2026-09-08 15:59:51+00:00,0.0,0,0.0,0.0,0.0,0,18.8,851.7,18.9,19.2,69.5,260,253,0,0.6,87,1.3,1.3,19.1,15.4,14.7,1,0.1607200956517225,False,NORMAL,Normal environmental conditions,None,Continue monitoring environmental conditions.,LOW
2026-09-08 16:15:00+00:00,0.0,0,0.0,0.0,0.0,0,18.7,851.7,18.9,19.1,69.3,260,254,0,0.4,89,1.1,1.1,19.0,15.3,14.6,1,0.1659304976498698,False,NORMAL,Normal environmental conditions,None,Continue monitoring environmental conditions.,LOW
2026-09-08 16:30:08+00:00,0.0,0,0.0,0.0,0.0,0,18.6,851.7,18.8,19.0,69.7,261,254,0,0.0,94,0.0,0.0,18.9,15.3,14.5,1,0.1580784480134374,False,NORMAL,Normal environmental conditions,None,Continue monitoring environmental conditions.,LOW
2026-09-08 16:45:51+00:00,0.0,0,0.0,0.0,0.0,0,18.5,851.6,18.7,18.9,70.4,261,252,0,0.0,115,0.2,0.2,18.8,15.3,14.4,1,0.160034017142492,False,NORMAL,Normal environmental conditions,None,Continue monitoring environmental conditions.,LOW
2026-09-08 17:01:06+00:00,0.0,0,0.0,0.0,0.0,0,18.4,851.6,18.6,18.8,70.9,260,253,0,0.0,114,0.0,0.0,18.7,15.2,14.3,1,0.1552532289409073,False,NORMAL,Normal environmental conditions,None,Continue monitoring environmental conditions.,LOW
2026-09-08 17:16:30+00:00,0.0,0,0.0,0.0,0.0,0,18.1,851.9,18.3,18.5,72.3,260,254,0,0.0,114,0.0,0.0,18.3,15.1,14.0,1,0.1590598271509962,False,NORMAL,Normal environmental conditions,None,Continue monitoring environmental conditions.,LOW
2026-09-08 17:31:40+00:00,0.0,0,0.0,0.0,0.0,0,17.9,852.0,18.1,18.3,73.4,261,253,0,0.0,114,0.0,0.0,18.2,15.1,13.9,1,0.1567752006697657,False,NORMAL,Normal environmental conditions,None,Continue monitoring environmental conditions.,LOW
2026-09-08 17:46:49+00:00,0.0,0,0.0,0.0,0.0,0,17.8,852.2,18.0,18.2,73.9,260,255,0,0.0,114,0.0,0.0,18.1,15.0,13.8,1,0.1597473095781008,False,NORMAL,Normal environmental conditions,None,Continue monitoring environmental conditions.,LOW
2026-09-08 18:01:58+00:00,0.0,0,0.0,0.0,0.0,0,17.8,852.4,18.0,18.2,73.7,261,252,0,0.0,114,0.0,0.0,18.1,15.0,13.8,1,0.1589098602704483,False,NORMAL,Normal environmental conditions,None,Continue monitoring environmental conditions.,LOW
2026-09-08 18:17:06+00:00,0.0,0,0.0,0.0,0.0,0,17.9,852.6,18.1,18.2,73.6,259,253,0,0.1,114,0.7,0.7,18.1,15.1,13.9,1,0.1678425341409939,False,NORMAL,Normal environmental conditions,None,Continue monitoring environmental conditions.,LOW
2026-09-08 18:32:33+00:00,0.0,0,0.0,0.0,0.0,0,17.8,852.7,18.0,18.1,74.1,260,253,0,0.0,44,0.0,0.0,18.1,15.0,13.8,1,0.1396485539336581,False,NORMAL,Normal environmental conditions,None,Continue monitoring environmental conditions.,LOW
2026-09-08 18:47:42+00:00,0.0,0,0.0,0.0,0.0,0,17.8,852.8,17.9,18.1,74.7,260,254,0,0.0,44,0.0,0.0,18.0,15.1,13.7,1,0.1395275104752436,False,NORMAL,Normal environmental conditions,None,Continue monitoring environmental conditions.,LOW
2026-09-08 19:02:51+00:00,0.0,0,0.0,0.0,0.0,0,17.7,852.9,17.9,18.0,75.3,260,253,0,0.0,44,0.0,0.0,18.0,15.1,13.7,1,0.1386647147207628,False,NORMAL,Normal environmental conditions,None,Continue monitoring environmental conditions.,LOW
2026-09-08 19:18:00+00:00,0.0,0,0.0,0.0,0.0,0,17.5,852.9,17.6,17.9,76.0,260,253,0,0.0,44,0.0,0.0,17.8,15.0,13.5,1,0.1424206649360559,False,NORMAL,Normal environmental conditions,None,Continue monitoring environmental conditions.,LOW
2026-09-08 19:33:42+00:00,0.0,0,0.0,0.0,0.0,0,17.2,853.0,17.2,17.6,77.3,261,253,0,0.0,44,0.0,0.0,17.5,14.9,13.2,1,0.14668000054854,False,NORMAL,Normal environmental conditions,None,Continue monitoring environmental conditions.,LOW
2026-09-08 19:48:51+00:00,0.0,0,0.0,0.0,0.0,0,16.9,853.0,17.0,17.2,78.4,260,253,0,0.0,44,0.0,0.0,17.1,14.7,12.9,1,0.1449958475539051,False,NORMAL,Normal environmental conditions,None,Continue monitoring environmental conditions.,LOW
2026-09-08 20:04:00+00:00,0.0,0,0.0,0.0,0.0,0,16.4,853.0,16.5,16.7,80.4,260,254,0,0.0,44,0.0,0.0,16.7,14.4,12.4,1,0.1435531566804649,False,NORMAL,Normal environmental conditions,None,Continue monitoring environmental conditions.,LOW
2026-09-08 20:19:10+00:00,0.0,0,0.0,0.0,0.0,0,16.0,853.0,16.2,16.3,82.1,262,254,0,0.0,44,0.0,0.0,16.2,14.2,12.0,1,0.1360273315604853,False,NORMAL,Normal environmental conditions,None,Continue monitoring environmental conditions.,LOW
2026-09-08 20:34:19+00:00,0.0,0,0.0,0.0,0.0,0,15.6,852.8,15.9,15.9,83.7,259,253,0,0.0,44,0.0,0.0,15.8,14.0,11.6,1,0.1324803282070998,False,NORMAL,Normal environmental conditions,None,Continue monitoring environmental conditions.,LOW
2026-09-08 20:49:40+00:00,0.0,0,0.0,0.0,0.0,0,15.2,852.6,15.6,15.6,85.4,261,252,0,0.0,44,0.0,0.0,15.5,13.9,11.3,1,0.1218805231539455,False,NORMAL,Normal environmental conditions,None,Continue monitoring environmental conditions.,LOW
2026-09-08 21:04:49+00:00,0.0,0,0.0,0.0,0.0,0,15.1,852.7,15.4,15.5,86.0,259,253,0,0.0,44,0.0,0.0,15.4,13.9,11.2,1,0.1112414699884124,False,NORMAL,Normal environmental conditions,None,Continue monitoring environmental conditions.,LOW
2026-09-08 21:19:59+00:00,0.0,0,0.0,0.0,0.0,0,15.1,852.4,15.5,15.6,85.8,261,253,0,0.0,44,0.0,0.0,15.6,14.0,11.4,1,0.126888521918447,False,NORMAL,Normal environmental conditions,None,Continue monitoring environmental conditions.,LOW
2026-09-08 21:35:08+00:00,0.0,0,0.0,0.0,0.0,0,15.1,852.4,15.4,15.6,85.7,260,253,0,0.0,44,0.0,0.0,15.5,13.9,11.3,1,0.1167627896958262,False,NORMAL,Normal environmental conditions,None,Continue monitoring environmental conditions.,LOW
2026-09-08 21:50:17+00:00,0.0,0,0.0,0.0,0.0,0,15.3,852.1,15.6,15.7,85.7,260,253,0,0.0,156,0.2,0.2,15.6,14.0,11.4,1,0.1496748022858108,False,NORMAL,Normal environmental conditions,None,Continue monitoring environmental conditions.,LOW
2026-09-08 22:05:44+00:00,0.0,0,0.0,0.0,0.0,0,15.6,851.9,15.9,16.0,83.8,261,252,0,0.1,156,0.4,0.4,15.9,14.1,11.7,1,0.1533305438738859,False,NORMAL,Normal environmental conditions,None,Continue monitoring environmental conditions.,LOW
2026-09-08 22:20:54+00:00,0.0,0,0.0,0.0,0.0,0,15.6,851.6,15.9,15.9,83.7,260,253,0,0.0,156,0.0,0.0,15.8,14.0,11.6,1,0.1525137177006311,False,NORMAL,Normal environmental conditions,None,Continue monitoring environmental conditions.,LOW
2026-09-08 22:36:03+00:00,0.0,0,0.0,0.0,0.0,0,15.6,851.4,15.9,15.9,82.9,260,254,0,0.0,156,0.4,0.4,15.8,13.9,11.6,1,0.1465512288200884,False,NORMAL,Normal environmental conditions,None,Continue monitoring environmental conditions.,LOW
2026-09-08 22:51:13+00:00,0.0,0,0.0,0.0,0.0,0,15.4,851.1,15.8,15.8,82.7,261,253,0,0.0,156,0.0,0.0,15.7,13.8,11.5,1,0.1444286832122056,False,NORMAL,Normal environmental conditions,None,Continue monitoring environmental conditions.,LOW
2026-09-08 23:06:38+00:00,0.0,0,0.0,0.0,0.0,0,15.4,851.0,15.7,15.8,82.2,260,253,0,0.0,156,0.0,0.0,15.6,13.7,11.4,1,0.1388811904448326,False,NORMAL,Normal environmental conditions,None,Continue monitoring environmental conditions.,LOW
2026-09-08 23:21:47+00:00,0.0,0,0.0,0.0,0.0,0,15.5,850.9,15.8,15.9,82.0,259,254,0,0.4,156,0.9,0.9,15.7,13.8,11.5,1,0.1241489816710637,False,NORMAL,Normal environmental conditions,None,Continue monitoring environmental conditions.,LOW
2026-09-08 23:36:57+00:00,0.0,0,0.0,0.0,0.0,0,15.5,850.8,15.9,15.9,82.4,260,255,0,0.5,169,0.9,0.9,15.8,13.9,11.6,1,0.1209903898356554,False,NORMAL,Normal environmental conditions,None,Continue monitoring environmental conditions.,LOW
2026-09-08 23:52:06+00:00,0.0,0,0.0,0.0,0.0,0,15.6,850.8,16.0,16.0,82.6,259,253,0,1.0,168,2.4,2.4,15.9,14.0,11.7,1,0.0632843951057699,False,NORMAL,Normal environmental conditions,None,Continue monitoring environmental conditions.,LOW
2026-09-09 00:00:10+00:00,0.0,0,0.0,0.0,0.0,0,15.7,850.7,16.1,16.1,82.7,260,253,0,0.0,168,0.0,0.0,16.0,14.1,11.8,1,0.1479445297871918,False,NORMAL,Normal environmental conditions,None,Continue monitoring environmental conditions.,LOW
2026-09-09 00:15:20+00:00,0.0,0,0.0,0.0,0.0,0,15.8,850.7,16.1,16.2,83.4,259,253,0,0.6,182,1.5,1.5,16.1,14.3,11.9,1,0.1186993637015347,False,NORMAL,Normal environmental conditions,None,Continue monitoring environmental conditions.,LOW
2026-09-09 00:30:44+00:00,0.0,0,0.0,0.0,0.0,0,15.6,850.8,15.9,16.1,84.5,260,253,0,1.5,188,2.6,2.6,16.0,14.3,11.8,1,0.0371572197799717,False,NORMAL,Normal environmental conditions,None,Continue monitoring environmental conditions.,LOW
2026-09-09 00:45:53+00:00,0.0,0,0.0,0.0,0.0,0,15.6,850.9,15.9,16.0,85.5,260,253,0,0.0,141,0.2,0.2,16.0,14.3,11.8,1,0.1548581407452482,False,NORMAL,Normal environmental conditions,None,Continue monitoring environmental conditions.,LOW
2026-09-09 01:01:03+00:00,0.0,0,0.0,0.0,0.0,0,15.4,851.1,15.8,15.9,86.2,259,252,0,0.3,170,0.9,0.9,15.8,14.3,11.6,1,0.1408874576943317,False,NORMAL,Normal environmental conditions,None,Continue monitoring environmental conditions.,LOW
2026-09-09 01:16:12+00:00,0.0,0,0.0,0.0,0.0,0,15.3,851.1,15.6,15.7,87.0,260,254,0,0.0,170,0.2,0.2,15.6,14.2,11.4,1,0.1429982465035187,False,NORMAL,Normal environmental conditions,None,Continue monitoring environmental conditions.,LOW
2026-09-09 01:31:56+00:00,0.0,0,0.0,0.0,0.0,0,15.2,851.1,15.6,15.7,87.5,260,253,0,0.3,170,0.7,0.7,15.6,14.2,11.4,1,0.1356723053765944,False,NORMAL,Normal environmental conditions,None,Continue monitoring environmental conditions.,LOW
2026-09-09 01:47:04+00:00,0.0,0,0.0,0.0,0.0,0,15.2,851.2,15.6,15.7,87.6,259,253,0,0.2,170,0.7,0.7,15.6,14.2,11.4,1,0.1358532176700345,False,NORMAL,Normal environmental conditions,None,Continue monitoring environmental conditions.,LOW
2026-09-09 02:02:14+00:00,0.0,0,0.0,0.0,0.0,0,15.2,851.5,15.6,15.6,87.4,259,254,0,0.0,170,0.0,0.0,15.6,14.2,11.4,1,0.1468252692133163,False,NORMAL,Normal environmental conditions,None,Continue monitoring environmental conditions.,LOW
2026-09-09 02:17:23+00:00,0.0,0,0.0,0.0,0.0,0,15.2,851.6,15.6,15.6,87.7,261,253,0,0.1,170,0.4,0.4,15.6,14.2,11.4,1,0.1436681200013469,False,NORMAL,Normal environmental conditions,None,Continue monitoring environmental conditions.,LOW
2026-09-09 02:32:50+00:00,0.0,0,0.0,0.0,0.0,0,15.2,851.7,15.6,15.6,88.0,260,253,0,0.2,170,0.4,0.4,15.6,14.2,11.4,1,0.1413247339021396,False,NORMAL,Normal environmental conditions,None,Continue monitoring environmental conditions.,LOW
2026-09-09 02:47:59+00:00,0.0,0,0.0,0.0,0.0,0,15.2,851.8,15.6,15.7,88.0,261,253,0,0.1,170,0.4,0.4,15.6,14.3,11.4,1,0.1463430687959945,False,NORMAL,Normal environmental conditions,None,Continue monitoring environmental conditions.,LOW
2026-09-09 03:03:08+00:00,0.0,0,0.0,0.0,0.0,0,15.3,851.8,15.6,15.7,87.7,260,254,0,0.0,170,0.0,0.0,15.6,14.3,11.5,1,0.1507027576156653,False,NORMAL,Normal environmental conditions,None,Continue monitoring environmental conditions.,LOW
2026-09-09 03:18:16+00:00,0.0,0,0.0,0.0,0.0,0,15.3,852.0,15.6,15.7,87.5,258,255,0,0.0,170,0.0,0.0,15.7,14.3,11.5,1,0.1509906466976567,False,NORMAL,Normal environmental conditions,None,Continue monitoring environmental conditions.,LOW
2026-09-09 03:33:25+00:00,0.0,0,0.0,0.0,0.0,0,15.4,852.1,15.7,15.8,87.2,261,262,0,0.0,170,0.0,0.0,15.7,14.3,11.5,1,0.1521692165689487,False,NORMAL,Normal environmental conditions,None,Continue monitoring environmental conditions.,LOW
2026-09-09 03:48:52+00:00,0.0,0,0.0,0.0,0.0,0,15.4,852.3,15.8,15.8,87.2,265,288,0,0.1,170,0.4,0.4,15.8,14.3,11.6,1,0.1471925049819363,False,NORMAL,Normal environmental conditions,None,Continue monitoring environmental conditions.,LOW
2026-09-09 04:04:01+00:00,0.0,0,0.0,0.1,0.0,0,15.5,852.4,15.8,15.9,86.8,268,342,0,0.0,170,0.0,0.0,15.9,14.4,11.7,1,0.1422868219936131,False,NORMAL,Normal environmental conditions,None,Continue monitoring environmental conditions.,LOW
2026-09-09 04:19:10+00:00,0.0,0,0.0,0.1,0.0,0,15.6,852.5,15.9,16.0,86.4,275,416,0,0.0,170,0.0,0.0,15.9,14.4,11.7,1,0.1416565171388993,False,NORMAL,Normal environmental conditions,None,Continue monitoring environmental conditions.,LOW
2026-09-09 04:34:19+00:00,0.0,0,0.0,0.1,0.0,0,15.7,852.6,16.1,16.1,85.9,281,474,0,0.0,170,0.0,0.0,16.0,14.4,11.8,1,0.1440348836206852,False,NORMAL,Normal environmental conditions,None,Continue monitoring environmental conditions.,LOW
2026-09-09 04:49:27+00:00,0.0,0,0.0,0.2,0.0,0,15.8,852.8,16.1,16.2,85.3,289,563,0,0.3,170,0.9,0.9,16.2,14.5,12.0,1,0.1414323752309335,False,NORMAL,Normal environmental conditions,None,Continue monitoring environmental conditions.,LOW
2026-09-09 05:04:55+00:00,0.0,0,0.0,0.2,0.0,0,16.0,852.9,16.3,16.4,84.8,290,581,0,0.2,170,1.1,1.1,16.4,14.6,12.2,1,0.1395987793664447,False,NORMAL,Normal environmental conditions,None,Continue monitoring environmental conditions.,LOW
2026-09-09 05:20:03+00:00,0.0,0,0.0,0.3,0.0,0,16.2,853.0,16.4,16.6,84.2,305,755,0,0.0,169,0.0,0.0,16.5,14.7,12.3,1,0.1323568879380096,False,NORMAL,Normal environmental conditions,None,Continue monitoring environmental conditions.,LOW
2026-09-09 05:35:13+00:00,0.0,0,0.0,0.4,0.0,0,16.4,853.1,16.6,16.8,83.2,330,1032,0,0.0,169,0.0,0.0,16.8,14.8,12.5,1,0.1309728795664374,False,NORMAL,Normal environmental conditions,None,Continue monitoring environmental conditions.,LOW
2026-09-09 05:50:22+00:00,0.0,0,0.0,0.5,0.0,0,16.7,853.2,16.9,17.1,81.6,345,1197,0,0.3,169,0.9,0.9,17.1,14.9,12.8,1,0.1390346041446474,False,NORMAL,Normal environmental conditions,None,Continue monitoring environmental conditions.,LOW
2026-09-09 06:05:31+00:00,0.0,0,0.0,0.5,0.0,0,17.0,853.4,17.2,17.4,80.3,351,1259,0,0.0,169,0.0,0.0,17.3,15.0,13.1,1,0.1288578413958555,False,NORMAL,Normal environmental conditions,None,Continue monitoring environmental conditions.,LOW
2026-09-09 06:20:59+00:00,0.0,0,0.0,0.5,0.0,0,17.3,853.6,17.6,17.6,78.8,354,1294,0,0.3,169,0.7,0.7,17.6,15.1,13.3,1,0.136946123032035,False,NORMAL,Normal environmental conditions,None,Continue monitoring environmental conditions.,LOW
2026-09-09 06:36:09+00:00,0.0,0,0.0,0.6,0.0,0,17.6,853.7,17.9,18.1,76.8,377,1571,0,0.0,169,0.2,0.2,18.1,15.3,13.8,1,0.1268861887910542,False,NORMAL,Normal environmental conditions,None,Continue monitoring environmental conditions.,LOW
2026-09-09 06:51:19+00:00,0.0,0,0.0,0.7,0.0,0,17.6,853.8,17.9,18.0,76.1,392,1704,0,0.4,169,0.9,0.9,18.0,15.2,13.7,1,0.1253629632618474,False,NORMAL,Normal environmental conditions,None,Continue monitoring environmental conditions.,LOW
2026-09-09 07:06:28+00:00,0.0,0,0.0,0.7,0.0,0,17.8,853.8,18.1,18.3,75.4,390,1690,0,0.4,143,1.3,1.3,18.2,15.3,13.9,1,0.1310649856916436,False,NORMAL,Normal environmental conditions,None,Continue monitoring environmental conditions.,LOW
2026-09-09 07:21:54+00:00,0.0,0,0.0,0.7,0.0,0,18.1,853.8,18.4,18.6,74.1,385,1639,0,0.5,171,1.1,1.1,18.5,15.5,14.2,1,0.1360042717023463,False,NORMAL,Normal environmental conditions,None,Continue monitoring environmental conditions.,LOW
2026-09-09 07:37:04+00:00,0.0,0,0.0,0.4,0.0,0,18.1,853.8,18.4,18.6,73.1,327,997,0,0.7,177,1.7,1.7,18.5,15.4,14.2,1,0.1261919022055629,False,NORMAL,Normal environmental conditions,None,Continue monitoring environmental conditions.,LOW
2026-09-09 07:52:13+00:00,0.0,0,0.0,0.4,0.0,0,17.8,853.8,18.1,18.3,75.0,326,983,0,0.2,142,0.9,0.9,18.3,15.3,14.0,1,0.1425140118115075,False,NORMAL,Normal environmental conditions,None,Continue monitoring environmental conditions.,LOW
2026-09-09 08:07:22+00:00,0.0,0,0.0,0.5,0.0,0,18.0,853.9,18.2,18.5,75.7,344,1181,0,0.4,97,0.9,0.9,18.4,15.6,14.1,1,0.14510415575982,False,NORMAL,Normal environmental conditions,None,Continue monitoring environmental conditions.,LOW
2026-09-09 08:22:31+00:00,0.0,0,0.0,1.0,0.0,0,18.3,853.8,18.4,18.8,73.9,442,2284,0,0.3,100,0.8,0.8,18.7,15.6,14.4,1,0.1328829822653229,False,NORMAL,Normal environmental conditions,None,Continue monitoring environmental conditions.,LOW
2026-09-09 08:37:57+00:00,0.0,0,0.0,0.9,0.0,0,19.2,853.7,19.4,19.8,69.4,424,2068,0,0.1,118,0.9,0.9,19.7,16.0,15.3,1,0.1272370315154188,False,NORMAL,Normal environmental conditions,None,Continue monitoring environmental conditions.,LOW
2026-09-09 08:53:05+00:00,0.0,0,0.0,0.7,0.0,0,19.3,853.4,19.4,19.9,68.5,388,1658,0,0.4,127,1.1,1.1,19.8,16.0,15.4,1,0.1445786708747183,False,NORMAL,Normal environmental conditions,None,Continue monitoring environmental conditions.,LOW
2026-09-09 09:08:14+00:00,0.0,0,0.0,0.7,0.0,0,19.7,853.2,19.8,20.2,67.0,393,1729,0,0.4,80,0.9,0.9,20.1,16.1,15.6,1,0.1430509160312738,False,NORMAL,Normal environmental conditions,None,Continue monitoring environmental conditions.,LOW
2026-09-09 09:23:22+00:00,0.0,0,0.0,1.0,0.0,0,20.3,853.0,20.2,20.6,65.6,442,2296,0,0.1,60,0.4,0.4,20.5,16.2,16.0,1,0.111622076195696,False,NORMAL,Normal environmental conditions,None,Continue monitoring environmental conditions.,LOW
2026-09-09 09:38:30+00:00,0.0,0,0.0,1.2,0.0,0,20.5,852.7,20.6,21.0,63.9,486,2759,0,0.0,81,0.2,0.2,20.9,16.4,16.3,1,0.1044059885260734,False,NORMAL,Normal environmental conditions,None,Continue monitoring environmental conditions.,LOW
2026-09-09 09:53:38+00:00,0.0,0,0.0,1.1,0.0,0,21.1,852.5,21.1,21.8,60.4,472,2621,0,0.4,60,1.1,1.1,21.7,16.7,17.0,1,0.1235363848178262,False,NORMAL,Normal environmental conditions,None,Continue monitoring environmental conditions.,LOW
2026-09-09 10:09:00+00:00,0.0,0,0.0,1.1,0.0,0,21.0,852.2,21.2,21.6,60.6,470,2597,0,0.3,123,0.9,0.9,21.5,16.5,16.9,1,0.1282537513391576,False,NORMAL,Normal environmental conditions,None,Continue monitoring environmental conditions.,LOW
2026-09-09 10:24:09+00:00,0.0,0,0.0,1.3,0.0,0,21.1,851.9,21.2,21.7,59.6,504,2978,0,0.4,102,1.1,1.1,21.6,16.5,17.0,1,0.1257178270720537,False,NORMAL,Normal environmental conditions,None,Continue monitoring environmental conditions.,LOW
2026-09-09 10:39:19+00:00,0.0,0,0.0,1.5,0.0,0,21.4,851.8,21.7,22.0,58.3,534,3376,0,0.7,110,1.5,1.5,21.9,16.6,17.2,1,0.1189825253157755,False,NORMAL,Normal environmental conditions,None,Continue monitoring environmental conditions.,LOW
2026-09-09 10:54:28+00:00,0.0,0,0.0,1.2,0.0,0,21.6,851.5,22.1,22.3,56.6,486,2771,0,1.1,164,2.0,2.0,22.2,16.6,17.5,1,0.1063497528967297,False,NORMAL,Normal environmental conditions,None,Continue monitoring environmental conditions.,LOW
2026-09-09 11:09:37+00:00,0.0,0,0.0,1.0,0.0,0,21.6,851.3,22.0,22.2,57.1,445,2421,0,0.3,155,1.1,1.1,22.1,16.6,17.4,1,0.1336086215905491,False,NORMAL,Normal environmental conditions,None,Continue monitoring environmental conditions.,LOW
2026-09-09 11:25:03+00:00,0.0,0,0.0,1.5,0.0,0,22.2,851.0,22.6,23.0,54.2,531,3237,0,1.6,174,3.3,3.3,22.8,16.8,18.0,1,0.0348383072602112,False,NORMAL,Normal environmental conditions,None,Continue monitoring environmental conditions.,LOW
2026-09-09 11:40:11+00:00,0.0,0,0.0,1.1,0.0,0,22.4,850.7,22.7,22.9,53.7,468,2541,0,0.7,125,1.3,1.3,22.8,16.8,18.0,1,0.1172536092483241,False,NORMAL,Normal environmental conditions,None,Continue monitoring environmental conditions.,LOW
2026-09-09 11:55:11+00:00,0.0,0,0.0,2.0,0.0,0,22.7,850.6,23.0,23.2,52.9,638,4565,0,0.8,122,1.5,1.5,23.1,16.9,18.2,1,0.0871837913534321,False,NORMAL,Normal environmental conditions,None,Continue monitoring environmental conditions.,LOW
2026-09-09 12:10:19+00:00,0.0,0,0.0,0.8,0.0,0,22.1,850.4,22.6,22.8,53.7,403,1855,0,0.9,174,1.5,1.5,22.6,16.6,17.8,1,0.1201102090063662,False,NORMAL,Normal environmental conditions,None,Continue monitoring environmental conditions.,LOW
2026-09-09 12:25:29+00:00,0.0,0,0.0,1.1,0.0,0,21.3,850.4,21.6,21.8,56.4,456,2420,0,1.4,186,3.1,3.1,21.7,16.2,17.0,1,0.0508550702711867,False,NORMAL,Normal environmental conditions,None,Continue monitoring environmental conditions.,LOW
2026-09-09 12:40:37+00:00,0.0,0,0.0,1.0,0.0,0,21.9,850.4,22.2,22.4,55.3,453,2397,0,0.1,196,0.9,0.9,22.3,16.5,17.5,1,0.1095827093140581,False,NORMAL,Normal environmental conditions,None,Continue monitoring environmental conditions.,LOW
2026-09-09 12:55:45+00:00,0.0,0,0.0,0.9,0.0,0,22.2,850.2,22.5,22.5,53.4,420,2042,0,0.8,172,2.4,2.4,22.4,16.4,17.6,1,0.0988738477333225,False,NORMAL,Normal environmental conditions,None,Continue monitoring environmental conditions.,LOW
2026-09-09 13:11:06+00:00,0.0,0,0.0,0.6,0.0,0,22.2,850.1,22.6,22.7,54.0,372,1529,0,1.4,173,3.1,3.1,22.6,16.6,17.8,1,0.0632846972494381,False,NORMAL,Normal environmental conditions,None,Continue monitoring environmental conditions.,LOW
2026-09-09 13:26:15+00:00,0.0,0,0.0,0.6,0.0,0,21.8,850.0,22.1,22.2,55.6,374,1535,0,0.6,119,2.3,2.3,22.1,16.4,17.4,1,0.1116762054962099,False,NORMAL,Normal environmental conditions,None,Continue monitoring environmental conditions.,LOW
2026-09-09 13:41:23+00:00,0.0,0,0.0,0.7,0.0,0,22.0,849.9,22.3,22.5,54.6,391,1701,0,1.1,148,2.2,2.2,22.3,16.5,17.6,1,0.1039430434055166,False,NORMAL,Normal environmental conditions,None,Continue monitoring environmental conditions.,LOW
2026-09-09 13:56:31+00:00,0.0,0,0.0,0.6,0.0,0,22.2,850.0,22.4,22.7,54.3,361,1377,0,0.1,110,0.2,0.2,22.6,16.6,17.8,1,0.1048606115410593,False,NORMAL,Normal environmental conditions,None,Continue monitoring environmental conditions.,LOW
2026-09-09 14:11:40+00:00,0.0,0,0.0,0.4,0.0,0,21.8,849.9,22.1,22.3,54.5,333,1054,0,0.7,86,1.5,1.5,22.2,16.3,17.5,1,0.1255030465506746,False,NORMAL,Normal environmental conditions,None,Continue monitoring environmental conditions.,LOW
2026-09-09 14:27:16+00:00,0.0,0,0.0,0.3,0.0,0,21.7,850.1,21.9,22.1,54.6,320,916,0,0.2,150,0.9,0.9,22.0,16.2,17.3,1,0.1261777216248025,False,NORMAL,Normal environmental conditions,None,Continue monitoring environmental conditions.,LOW
2026-09-09 14:42:25+00:00,0.0,0,0.0,0.2,0.0,0,21.7,850.1,21.9,22.1,54.5,296,640,0,1.1,160,1.8,1.8,21.9,16.1,17.2,1,0.1115248019522976,False,NORMAL,Normal environmental conditions,None,Continue monitoring environmental conditions.,LOW
2026-09-09 14:57:34+00:00,0.0,0,0.0,0.1,0.0,0,21.4,850.2,21.6,21.8,54.7,279,462,0,0.6,98,1.3,1.3,21.6,15.9,17.0,1,0.1320957409109269,False,NORMAL,Normal environmental conditions,None,Continue monitoring environmental conditions.,LOW
2026-09-09 15:12:43+00:00,0.0,0,0.0,0.1,0.0,0,21.3,850.4,21.4,21.6,55.3,266,291,0,1.0,156,2.2,2.2,21.4,15.8,16.8,1,0.1202830102192383,False,NORMAL,Normal environmental conditions,None,Continue monitoring environmental conditions.,LOW
2026-09-09 15:27:51+00:00,0.0,0,0.0,0.0,0.0,0,21.2,850.6,21.3,21.5,55.5,262,264,0,0.8,152,1.5,1.5,21.3,15.8,16.7,1,0.1362996270874577,False,NORMAL,Normal environmental conditions,None,Continue monitoring environmental conditions.,LOW
2026-09-09 15:43:11+00:00,0.0,0,0.0,0.0,0.0,0,21.1,850.7,21.2,21.4,55.8,260,255,0,0.6,222,1.5,1.5,21.2,15.7,16.6,1,0.1230236566244861,False,NORMAL,Normal environmental conditions,None,Continue monitoring environmental conditions.,LOW
2026-09-09 15:58:36+00:00,0.0,0,0.0,0.0,0.0,0,20.9,850.7,21.1,21.2,55.3,259,253,0,0.7,127,1.9,1.9,21.1,15.5,16.5,1,0.1329495947353069,False,NORMAL,Normal environmental conditions,None,Continue monitoring environmental conditions.,LOW
2026-09-09 16:13:45+00:00,0.0,0,0.0,0.0,0.0,0,20.8,851.0,20.9,21.1,54.8,261,253,0,0.0,130,0.2,0.2,20.9,15.3,16.4,1,0.1287717084269091,False,NORMAL,Normal environmental conditions,None,Continue monitoring environmental conditions.,LOW
2026-09-09 16:28:54+00:00,0.0,0,0.0,0.0,0.0,0,20.8,851.1,20.9,21.1,55.2,260,253,0,0.5,123,1.0,1.0,20.9,15.4,16.4,1,0.1452578214451978,False,NORMAL,Normal environmental conditions,None,Continue monitoring environmental conditions.,LOW
2026-09-09 16:44:03+00:00,0.0,0,0.0,0.0,0.0,0,20.6,851.4,20.8,21.0,55.8,260,253,0,0.0,134,0.0,0.0,20.8,15.3,16.2,1,0.1279065093466614,False,NORMAL,Normal environmental conditions,None,Continue monitoring environmental conditions.,LOW
2026-09-09 16:59:11+00:00,0.0,0,0.0,0.0,0.0,0,20.4,851.6,20.6,20.8,56.9,260,253,0,0.0,134,0.0,0.0,20.6,15.3,16.1,1,0.1317600978809888,False,NORMAL,Normal environmental conditions,None,Continue monitoring environmental conditions.,LOW
2026-09-09 17:14:40+00:00,0.0,0,0.0,0.0,0.0,0,20.2,851.8,20.3,20.5,58.7,261,253,0,0.0,134,0.0,0.0,20.3,15.3,15.8,1,0.1370887289865133,False,NORMAL,Normal environmental conditions,None,Continue monitoring environmental conditions.,LOW
2026-09-09 17:29:47+00:00,0.0,0,0.0,0.0,0.0,0,19.9,851.8,20.1,20.3,59.3,260,252,0,0.0,134,0.0,0.0,20.1,15.2,15.6,1,0.1340572521176614,False,NORMAL,Normal environmental conditions,None,Continue monitoring environmental conditions.,LOW
2026-09-09 17:44:55+00:00,0.0,0,0.0,0.0,0.0,0,19.8,851.8,19.9,20.1,59.5,261,254,0,0.0,134,0.0,0.0,20.0,15.1,15.5,1,0.1366365063885364,False,NORMAL,Normal environmental conditions,None,Continue monitoring environmental conditions.,LOW
2026-09-09 18:00:04+00:00,0.0,0,0.0,0.0,0.0,0,19.7,851.9,19.8,20.0,60.5,259,254,0,0.0,134,0.0,0.0,19.8,15.1,15.4,1,0.1362271693659741,False,NORMAL,Normal environmental conditions,None,Continue monitoring environmental conditions.,LOW
2026-09-09 18:15:13+00:00,0.0,0,0.0,0.0,0.0,0,19.6,852.1,19.8,19.9,60.3,259,253,0,0.0,134,0.0,0.0,19.8,15.0,15.3,1,0.1332707037980442,False,NORMAL,Normal environmental conditions,None,Continue monitoring environmental conditions.,LOW
2026-09-09 18:30:42+00:00,0.0,0,0.0,0.0,0.0,0,19.6,852.1,19.8,19.9,60.2,259,253,0,0.0,134,0.0,0.0,19.7,15.0,15.3,1,0.1346210098738017,False,NORMAL,Normal environmental conditions,None,Continue monitoring environmental conditions.,LOW
2026-09-09 18:45:51+00:00,0.0,0,0.0,0.0,0.0,0,20.0,852.5,20.1,20.2,57.7,259,253,0,1.3,157,3.1,3.1,20.0,14.9,15.6,1,0.068692506672894,False,NORMAL,Normal environmental conditions,None,Continue monitoring environmental conditions.,LOW
2026-09-09 19:01:00+00:00,0.0,0,0.0,0.0,0.0,0,20.0,852.6,20.2,20.4,58.8,261,252,0,0.9,183,2.8,2.8,20.2,15.2,15.7,1,0.101369969084075,False,NORMAL,Normal environmental conditions,None,Continue monitoring environmental conditions.,LOW
2026-09-09 19:16:09+00:00,0.0,0,0.0,0.0,0.0,0,19.7,852.8,19.9,20.1,61.9,260,253,0,0.3,144,0.7,0.7,20.0,15.4,15.5,1,0.1552056778122072,False,NORMAL,Normal environmental conditions,None,Continue monitoring environmental conditions.,LOW
2026-09-09 19:31:18+00:00,0.0,0,0.0,0.0,0.0,0,19.4,852.9,19.6,19.8,64.9,260,254,0,1.0,139,1.7,1.7,19.7,15.5,15.3,1,0.1298988329582881,False,NORMAL,Normal environmental conditions,None,Continue monitoring environmental conditions.,LOW
2026-09-09 19:46:45+00:00,0.0,0,0.0,0.0,0.0,0,19.2,853.2,19.4,19.6,66.3,261,254,0,1.1,179,3.9,3.9,19.4,15.4,15.1,1,0.0518597017913698,False,NORMAL,Normal environmental conditions,None,Continue monitoring environmental conditions.,LOW
2026-09-09 20:01:54+00:00,0.0,0,0.0,0.0,0.0,0,18.8,853.2,19.1,19.3,67.8,260,254,0,0.8,170,2.2,2.2,19.1,15.3,14.8,1,0.1272627520978581,False,NORMAL,Normal environmental conditions,None,Continue monitoring environmental conditions.,LOW
2026-09-09 20:17:03+00:00,0.0,0,0.0,0.0,0.0,0,18.6,853.1,18.8,19.0,69.6,260,255,0,0.6,131,1.5,1.5,18.9,15.3,14.6,1,0.1596917408689718,False,NORMAL,Normal environmental conditions,None,Continue monitoring environmental conditions.,LOW
2026-09-09 20:32:12+00:00,0.0,0,0.0,0.0,0.0,0,18.3,852.9,18.6,18.7,72.4,259,253,0,0.5,154,2.0,2.0,18.6,15.4,14.3,1,0.1504830851818888,False,NORMAL,Normal environmental conditions,None,Continue monitoring environmental conditions.,LOW
2026-09-09 20:47:20+00:00,0.0,0,0.0,0.0,0.0,0,18.1,852.8,18.3,18.5,75.8,260,253,0,0.4,173,1.3,1.3,18.4,15.6,14.1,1,0.1635449701762469,False,NORMAL,Normal environmental conditions,None,Continue monitoring environmental conditions.,LOW
2026-09-09 21:02:48+00:00,0.0,0,0.0,0.0,0.0,0,17.8,852.6,18.0,18.2,77.9,261,253,0,1.6,188,3.9,3.9,18.2,15.6,13.9,1,0.0364779736512024,False,NORMAL,Normal environmental conditions,None,Continue monitoring environmental conditions.,LOW
2026-09-09 21:17:57+00:00,0.0,0,0.0,0.0,0.0,0,17.7,852.4,17.9,18.1,78.4,259,253,0,0.7,105,2.0,2.0,18.1,15.5,13.8,1,0.1498670330418794,False,NORMAL,Normal environmental conditions,None,Continue monitoring environmental conditions.,LOW
2026-09-09 21:33:05+00:00,0.0,0,0.0,0.0,0.0,0,17.6,852.3,17.8,18.0,78.9,260,254,0,0.1,85,0.7,0.7,18.0,15.5,13.7,1,0.1699309557950858,False,NORMAL,Normal environmental conditions,None,Continue monitoring environmental conditions.,LOW
2026-09-09 21:48:14+00:00,0.0,0,0.0,0.0,0.0,0,17.5,852.0,17.7,18.0,79.3,261,253,0,0.3,123,0.9,0.9,17.9,15.5,13.6,1,0.1726819722041263,False,NORMAL,Normal environmental conditions,None,Continue monitoring environmental conditions.,LOW
2026-09-09 22:03:23+00:00,0.0,0,0.0,0.0,0.0,0,17.4,851.9,17.6,17.8,79.9,260,254,0,0.4,84,1.1,1.1,17.8,15.4,13.5,1,0.1718317525008207,False,NORMAL,Normal environmental conditions,None,Continue monitoring environmental conditions.,LOW
2026-09-09 22:18:50+00:00,0.0,0,0.0,0.0,0.0,0,17.1,852.1,17.3,17.6,81.3,261,254,0,0.5,138,1.5,1.5,17.5,15.4,13.3,1,0.1636467132064842,False,NORMAL,Normal environmental conditions,None,Continue monitoring environmental conditions.,LOW
2026-09-09 22:33:59+00:00,0.0,0,0.0,0.0,0.0,0,17.0,852.0,17.1,17.4,82.0,259,255,0,0.1,88,0.4,0.4,17.4,15.3,13.1,1,0.1776081178656314,False,NORMAL,Normal environmental conditions,None,Continue monitoring environmental conditions.,LOW
2026-09-09 22:49:08+00:00,0.0,0,0.0,0.0,0.0,0,16.9,851.9,17.1,17.3,81.7,261,253,0,0.6,143,1.3,1.3,17.3,15.2,13.0,1,0.1648869638037841,False,NORMAL,Normal environmental conditions,None,Continue monitoring environmental conditions.,LOW
2026-09-09 23:04:16+00:00,0.0,0,0.0,0.0,0.0,0,16.8,852.0,16.9,17.3,81.7,261,253,0,0.6,150,1.3,1.3,17.2,15.1,13.0,1,0.1644317841860453,False,NORMAL,Normal environmental conditions,None,Continue monitoring environmental conditions.,LOW
2026-09-09 23:19:25+00:00,0.0,0,0.0,0.0,0.0,0,16.6,852.0,16.7,17.0,82.2,260,254,0,0.3,149,1.1,1.1,17.0,14.9,12.7,1,0.1747977112487518,False,NORMAL,Normal environmental conditions,None,Continue monitoring environmental conditions.,LOW
2026-09-09 23:34:53+00:00,0.0,0,0.0,0.0,0.0,0,16.5,852.1,16.6,16.9,83.0,260,253,0,0.6,143,1.5,1.5,16.9,14.9,12.6,1,0.1610157843344492,False,NORMAL,Normal environmental conditions,None,Continue monitoring environmental conditions.,LOW
2026-09-09 23:50:02+00:00,0.0,0,0.0,0.0,0.0,0,16.5,851.8,16.6,16.9,83.3,260,253,0,0.0,172,0.0,0.0,16.8,14.9,12.6,1,0.1722437778259107,False,NORMAL,Normal environmental conditions,None,Continue monitoring environmental conditions.,LOW
2026-09-10 00:00:08+00:00,0.0,0,0.0,0.0,0.0,0,16.5,851.9,16.6,16.9,83.2,259,253,0,0.1,172,0.4,0.4,16.8,14.9,12.6,1,0.1730494839000333,False,NORMAL,Normal environmental conditions,None,Continue monitoring environmental conditions.,LOW
2026-09-10 00:15:17+00:00,0.0,0,0.0,0.0,0.0,0,16.4,851.9,16.6,16.8,83.3,261,252,0,0.3,132,1.5,1.5,16.8,14.9,12.5,1,0.1682672821693137,False,NORMAL,Normal environmental conditions,None,Continue monitoring environmental conditions.,LOW
2026-09-10 00:30:26+00:00,0.0,0,0.0,0.0,0.0,0,16.4,851.9,16.5,16.8,83.6,261,254,0,0.3,176,0.9,0.9,16.8,14.9,12.5,1,0.173343127083987,False,NORMAL,Normal environmental conditions,None,Continue monitoring environmental conditions.,LOW
2026-09-10 00:45:53+00:00,0.0,0,0.0,0.0,0.0,0,16.3,851.9,16.4,16.7,84.3,261,253,0,0.5,154,1.7,1.7,16.7,14.9,12.4,1,0.1571800827694935,False,NORMAL,Normal environmental conditions,None,Continue monitoring environmental conditions.,LOW
2026-09-10 01:01:11+00:00,0.0,0,0.0,0.0,0.0,0,16.2,851.9,16.4,16.6,84.8,260,254,0,0.4,153,1.1,1.1,16.6,14.8,12.3,1,0.1619074481544372,False,NORMAL,Normal environmental conditions,None,Continue monitoring environmental conditions.,LOW
2026-09-10 01:16:19+00:00,0.0,0,0.0,0.0,0.0,0,16.2,851.9,16.4,16.6,84.8,261,254,0,0.3,153,0.9,0.9,16.5,14.8,12.3,1,0.166324776561386,False,NORMAL,Normal environmental conditions,None,Continue monitoring environmental conditions.,LOW
2026-09-10 01:31:28+00:00,0.0,0,0.0,0.0,0.0,0,16.2,852.0,16.3,16.6,85.5,260,253,0,0.3,73,0.9,0.9,16.6,14.9,12.4,1,0.1617645266740806,False,NORMAL,Normal environmental conditions,None,Continue monitoring environmental conditions.,LOW
2026-09-10 01:46:56+00:00,0.0,0,0.0,0.0,0.0,0,16.0,852.1,16.3,16.5,87.2,260,253,0,0.8,71,1.3,1.3,16.5,15.0,12.3,1,0.128039660362314,False,NORMAL,Normal environmental conditions,None,Continue monitoring environmental conditions.,LOW
2026-09-10 02:02:04+00:00,0.0,0,0.0,0.0,0.0,0,15.9,852.1,16.2,16.4,88.1,260,252,0,0.6,71,1.1,1.1,16.4,15.0,12.2,1,0.1420391418858689,False,NORMAL,Normal environmental conditions,None,Continue monitoring environmental conditions.,LOW
2026-09-10 02:17:13+00:00,0.0,0,0.0,0.0,0.0,0,15.9,852.0,16.2,16.3,88.4,259,253,0,0.1,72,0.4,0.4,16.3,15.0,12.1,1,0.1560338405146069,False,NORMAL,Normal environmental conditions,None,Continue monitoring environmental conditions.,LOW
2026-09-10 02:32:22+00:00,0.0,0,0.0,0.0,0.0,0,15.9,852.1,16.1,16.3,88.6,260,253,0,0.3,72,0.7,0.7,16.3,15.0,12.1,1,0.1564848706314698,False,NORMAL,Normal environmental conditions,None,Continue monitoring environmental conditions.,LOW
2026-09-10 02:47:31+00:00,0.0,0,0.0,0.0,0.0,0,15.8,852.3,16.1,16.2,89.0,260,254,0,0.5,67,0.7,0.7,16.2,14.9,12.0,1,0.1407362408789743,False,NORMAL,Normal environmental conditions,None,Continue monitoring environmental conditions.,LOW
2026-09-10 03:02:58+00:00,0.0,0,0.0,0.0,0.0,0,15.9,852.4,16.1,16.2,89.1,261,252,0,0.3,77,0.9,0.9,16.3,15.0,12.0,1,0.1596196802896155,False,NORMAL,Normal environmental conditions,None,Continue monitoring environmental conditions.,LOW
2026-09-10 03:18:16+00:00,0.0,0,0.0,0.0,0.0,0,15.8,852.6,16.1,16.2,89.4,261,255,0,1.0,77,2.0,2.0,16.2,15.0,12.0,1,0.1000937530526067,False,NORMAL,Normal environmental conditions,None,Continue monitoring environmental conditions.,LOW
2026-09-10 03:33:25+00:00,0.0,0,0.0,0.0,0.0,0,15.8,852.8,16.1,16.2,89.7,262,262,0,0.5,92,1.1,1.1,16.2,15.0,12.0,1,0.1484680853038756,False,NORMAL,Normal environmental conditions,None,Continue monitoring environmental conditions.,LOW
2026-09-10 03:49:15+00:00,0.0,0,0.0,0.1,0.0,0,15.7,852.9,16.0,16.1,90.0,270,379,0,0.8,72,1.5,1.5,16.1,15.0,11.9,1,0.104871118427973,False,NORMAL,Normal environmental conditions,None,Continue monitoring environmental conditions.,LOW
2026-09-10 04:04:23+00:00,0.0,0,0.0,0.1,0.0,0,15.7,853.2,16.0,16.1,90.2,274,403,0,0.9,84,1.3,1.3,16.1,14.9,11.9,1,0.1061045015673199,False,NORMAL,Normal environmental conditions,None,Continue monitoring environmental conditions.,LOW
2026-09-10 04:19:32+00:00,0.0,0,0.0,0.2,0.0,0,15.8,853.4,16.1,16.2,90.0,290,560,0,0.5,72,0.9,0.9,16.2,15.0,12.0,1,0.1187691900333147,False,NORMAL,Normal environmental conditions,None,Continue monitoring environmental conditions.,LOW
2026-09-10 04:35:01+00:00,0.0,0,0.0,0.1,0.0,0,16.0,853.6,16.3,16.4,89.2,279,466,0,0.1,94,0.4,0.4,16.4,15.1,12.2,1,0.1381610328158504,False,NORMAL,Normal environmental conditions,None,Continue monitoring environmental conditions.,LOW
2026-09-10 04:50:10+00:00,0.0,0,0.0,0.2,0.0,0,16.3,853.8,16.4,16.7,88.5,304,726,0,0.1,100,0.7,0.7,16.7,15.3,12.5,1,0.1395771247770441,False,NORMAL,Normal environmental conditions,None,Continue monitoring environmental conditions.,LOW
2026-09-10 05:05:20+00:00,0.0,0,0.0,0.3,0.0,0,16.5,853.9,16.6,16.9,87.1,323,961,0,0.0,63,0.4,0.4,16.9,15.3,12.7,1,0.1181910096977563,False,NORMAL,Normal environmental conditions,None,Continue monitoring environmental conditions.,LOW
2026-09-10 05:20:29+00:00,0.0,0,0.0,1.1,0.0,0,17.2,854.1,17.2,17.4,84.7,463,2645,0,0.7,103,1.1,1.1,17.4,15.6,13.2,1,0.0989129018995625,False,NORMAL,Normal environmental conditions,None,Continue monitoring environmental conditions.,LOW
2026-09-10 05:35:38+00:00,0.0,0,0.0,1.1,0.0,0,19.3,854.2,19.0,19.3,77.2,461,2462,0,1.3,90,2.0,2.0,19.3,16.6,15.0,1,0.0799706383705302,False,NORMAL,Normal environmental conditions,None,Continue monitoring environmental conditions.,LOW
2026-09-10 05:51:03+00:00,0.0,0,0.0,1.6,0.0,0,20.6,854.2,20.6,20.5,71.7,560,3676,0,0.3,117,0.9,0.9,20.5,17.0,16.0,1,0.1018212603198583,False,NORMAL,Normal environmental conditions,None,Continue monitoring environmental conditions.,LOW
2026-09-10 06:06:11+00:00,0.0,0,0.0,2.1,0.0,0,20.6,854.3,21.1,20.4,70.0,646,4652,0,0.3,247,0.7,0.7,20.4,16.7,15.9,1,0.0519029646119941,False,NORMAL,Normal environmental conditions,None,Continue monitoring environmental conditions.,LOW
2026-09-10 06:21:20+00:00,0.0,0,0.0,1.6,0.0,0,20.1,854.4,20.7,20.5,68.4,556,3459,0,0.5,240,1.7,1.7,20.5,16.6,16.0,1,0.0741910200665209,False,NORMAL,Normal environmental conditions,None,Continue monitoring environmental conditions.,LOW
2026-09-10 06:36:29+00:00,0.0,0,0.0,1.1,0.0,0,20.2,854.5,20.8,20.5,68.2,457,2300,0,0.2,240,0.8,0.8,20.4,16.5,15.9,1,0.093618565228473,False,NORMAL,Normal environmental conditions,None,Continue monitoring environmental conditions.,LOW
2026-09-10 06:51:37+00:00,0.0,0,0.0,3.4,0.0,0,21.2,854.5,21.8,21.6,63.7,894,7543,0,0.8,240,1.5,1.5,21.6,17.0,16.9,1,0.0171311818110089,False,NORMAL,Normal environmental conditions,None,Continue monitoring environmental conditions.,LOW
2026-09-10 07:06:45+00:00,0.0,0,0.0,1.9,0.0,0,22.3,854.5,22.5,22.8,61.2,606,4006,0,0.4,240,1.5,1.5,22.7,17.7,17.9,1,0.0637821717589092,False,NORMAL,Normal environmental conditions,None,Continue monitoring environmental conditions.,LOW
2026-09-10 07:22:07+00:00,0.0,0,0.0,3.2,0.0,0,21.1,854.4,21.7,21.7,63.2,846,7094,0,0.2,240,0.4,0.4,21.7,17.0,17.0,1,0.026938250704744,False,NORMAL,Normal environmental conditions,None,Continue monitoring environmental conditions.,LOW
2026-09-10 07:37:16+00:00,0.0,0,0.0,1.6,0.0,0,22.0,854.3,22.3,22.4,61.5,550,3459,0,0.1,239,0.4,0.4,22.4,17.4,17.6,1,0.068995159629152,False,NORMAL,Normal environmental conditions,None,Continue monitoring environmental conditions.,LOW
2026-09-10 07:52:24+00:00,0.0,0,0.0,1.5,0.0,0,22.0,854.2,22.2,22.6,59.1,542,3343,0,0.5,239,2.0,2.0,22.6,17.3,17.8,1,0.077234966021947,False,NORMAL,Normal environmental conditions,None,Continue monitoring environmental conditions.,LOW
2026-09-10 08:07:33+00:00,0.0,0,0.0,1.9,0.0,0,23.0,854.0,23.1,23.7,55.5,618,4086,0,0.4,239,1.3,1.3,23.6,17.7,18.7,1,0.06606901782309,False,NORMAL,Normal environmental conditions,None,Continue monitoring environmental conditions.,LOW
2026-09-10 08:22:42+00:00,0.0,0,0.0,1.6,0.0,0,22.6,853.9,22.8,23.2,56.3,552,3414,0,0.9,67,2.0,2.0,23.2,17.4,18.3,1,0.074557846126957,False,NORMAL,Normal environmental conditions,None,Continue monitoring environmental conditions.,LOW
2026-09-10 08:37:50+00:00,0.0,0,0.0,1.5,0.0,0,23.6,853.7,23.7,24.1,53.4,528,3183,0,1.1,92,1.7,1.7,24.0,17.7,19.0,1,0.0777215455242359,False,NORMAL,Normal environmental conditions,None,Continue monitoring environmental conditions.,LOW
2026-09-10 08:53:12+00:00,0.0,0,0.0,1.9,0.0,0,22.8,853.6,23.2,23.5,52.5,607,4028,0,0.4,135,1.7,1.7,23.3,17.0,18.4,1,0.0900283111807287,False,NORMAL,Normal environmental conditions,None,Continue monitoring environmental conditions.,LOW
2026-09-10 09:08:21+00:00,0.0,0,0.0,1.5,0.0,0,23.4,853.4,23.8,24.1,52.4,543,3349,0,0.1,131,0.5,0.5,24.0,17.6,19.0,1,0.07848426769778,False,NORMAL,Normal environmental conditions,None,Continue monitoring environmental conditions.,LOW
2026-09-10 09:23:30+00:00,0.0,0,0.0,1.8,0.0,0,23.2,853.3,23.8,24.0,52.3,583,3739,0,0.7,138,1.3,1.3,23.9,17.5,18.9,1,0.0886594485823361,False,NORMAL,Normal environmental conditions,None,Continue monitoring environmental conditions.,LOW
2026-09-10 09:38:39+00:00,0.0,0,0.0,1.2,0.0,0,23.3,853.1,23.8,24.0,52.6,477,2650,0,0.6,130,1.7,1.7,23.9,17.5,18.9,1,0.1052130841772259,False,NORMAL,Normal environmental conditions,None,Continue monitoring environmental conditions.,LOW
2026-09-10 09:54:21+00:00,0.0,0,0.0,1.9,0.0,0,23.1,852.9,23.5,23.7,53.0,607,4066,0,0.7,140,1.5,1.5,23.6,17.4,18.7,1,0.0927888666938229,False,NORMAL,Normal environmental conditions,None,Continue monitoring environmental conditions.,LOW
2026-09-10 10:09:30+00:00,0.0,0,0.0,1.9,0.0,0,24.8,852.6,25.2,25.5,49.2,602,3932,0,0.3,148,0.9,0.9,25.4,18.3,20.1,1,0.0672817645981177,False,NORMAL,Normal environmental conditions,None,Continue monitoring environmental conditions.,LOW
2026-09-10 10:24:40+00:00,0.0,0,0.0,3.8,0.0,0,24.8,852.2,24.8,25.1,50.0,976,8204,0,0.4,115,1.1,1.1,25.0,18.1,19.8,1,0.034325999263525,False,NORMAL,Normal environmental conditions,None,Continue monitoring environmental conditions.,LOW
2026-09-10 10:39:48+00:00,0.0,0,0.0,3.7,0.0,0,24.9,852.0,25.4,25.4,48.3,942,7824,0,0.7,200,1.3,1.3,25.3,18.0,20.0,1,0.0299101921568867,False,NORMAL,Normal environmental conditions,None,Continue monitoring environmental conditions.,LOW
2026-09-10 10:55:16+00:00,0.0,0,0.0,3.7,0.0,0,24.8,851.6,25.2,25.6,49.5,943,7932,0,0.1,173,0.7,0.7,25.5,18.4,20.2,1,0.0147581082438864,False,NORMAL,Normal environmental conditions,None,Continue monitoring environmental conditions.,LOW
2026-09-10 11:10:24+00:00,0.0,0,0.0,1.2,0.0,0,24.5,851.4,24.8,25.3,50.0,484,2619,0,0.5,150,1.1,1.1,25.2,18.2,19.9,1,0.0992448933880529,False,NORMAL,Normal environmental conditions,None,Continue monitoring environmental conditions.,LOW
2026-09-10 11:25:33+00:00,0.0,0,0.0,3.7,0.0,0,24.3,851.2,24.6,24.9,49.1,950,8287,0,1.0,203,2.0,2.0,24.8,17.8,19.6,1,0.0302931083958206,False,NORMAL,Normal environmental conditions,None,Continue monitoring environmental conditions.,LOW
2026-09-10 11:40:42+00:00,0.0,0,0.0,1.1,0.0,0,24.5,850.9,24.9,25.1,49.4,467,2534,0,0.2,149,0.4,0.4,25.0,18.0,19.8,1,0.0880195855647145,False,NORMAL,Normal environmental conditions,None,Continue monitoring environmental conditions.,LOW
2026-09-10 11:55:51+00:00,0.0,0,0.0,0.9,0.0,0,24.0,850.7,24.2,24.7,50.7,423,1994,0,1.5,162,3.7,3.7,24.6,17.9,19.5,1,0.0316476687405543,False,NORMAL,Normal environmental conditions,None,Continue monitoring environmental conditions.,LOW
2026-09-10 12:11:20+00:00,0.0,0,0.0,2.0,0.0,0,24.5,850.5,24.8,25.2,49.8,635,4432,0,0.4,79,1.5,1.5,25.1,18.1,19.8,1,0.0825887904079866,False,NORMAL,Normal environmental conditions,None,Continue monitoring environmental conditions.,LOW
2026-09-10 12:26:28+00:00,0.0,0,0.0,2.1,0.0,0,25.3,850.2,25.3,26.1,47.2,648,4604,0,0.8,122,1.3,1.3,26.0,18.5,20.6,1,0.0671410973719166,False,NORMAL,Normal environmental conditions,None,Continue monitoring environmental conditions.,LOW
2026-09-10 12:41:37+00:00,0.0,0,0.0,1.0,0.0,0,25.1,849.9,25.6,25.5,46.5,437,2152,0,1.2,207,2.2,2.2,25.4,17.8,20.0,1,0.0660496726101869,False,NORMAL,Normal environmental conditions,None,Continue monitoring environmental conditions.,LOW
2026-09-10 12:56:46+00:00,0.0,0,0.0,0.9,0.0,0,24.8,849.8,25.2,25.5,45.7,424,2041,0,0.8,198,1.7,1.7,25.4,17.8,20.1,1,0.0904068654362484,False,NORMAL,Normal environmental conditions,None,Continue monitoring environmental conditions.,LOW
2026-09-10 13:11:55+00:00,0.0,0,0.0,0.6,0.0,0,24.7,849.7,25.1,25.5,46.5,380,1422,0,0.1,187,0.2,0.2,25.4,17.9,20.1,1,0.0663520962705075,False,NORMAL,Normal environmental conditions,None,Continue monitoring environmental conditions.,LOW
2026-09-10 13:27:21+00:00,0.0,0,0.0,0.6,0.0,0,24.8,849.5,25.1,25.5,46.8,379,1560,0,0.2,133,0.7,0.7,25.4,17.9,20.1,1,0.0864924068618735,False,NORMAL,Normal environmental conditions,None,Continue monitoring environmental conditions.,LOW
2026-09-10 13:42:30+00:00,0.0,0,0.0,0.6,0.0,0,24.6,849.5,24.9,25.1,47.0,359,1339,0,0.8,176,1.7,1.7,25.0,17.6,19.7,1,0.0999517733949623,False,NORMAL,Normal environmental conditions,None,Continue monitoring environmental conditions.,LOW
2026-09-10 13:57:38+00:00,0.0,0,0.0,1.0,0.0,0,24.6,849.4,24.9,25.2,47.6,440,2396,0,0.8,185,1.7,1.7,25.1,17.8,19.9,1,0.0981900792002415,False,NORMAL,Normal environmental conditions,None,Continue monitoring environmental conditions.,LOW
2026-09-10 14:13:28+00:00,0.0,0,0.0,0.4,0.0,0,24.1,849.5,24.3,24.6,48.6,324,862,0,0.5,170,1.3,1.3,24.5,17.4,19.4,1,0.1080618361155738,False,NORMAL,Normal environmental conditions,None,Continue monitoring environmental conditions.,LOW
2026-09-10 14:28:37+00:00,0.0,0,0.0,0.3,0.0,0,24.0,849.6,24.2,24.4,48.0,313,770,0,0.4,146,1.1,1.1,24.3,17.2,19.2,1,0.1025431361218067,False,NORMAL,Normal environmental conditions,None,Continue monitoring environmental conditions.,LOW
2026-09-10 14:43:46+00:00,0.0,0,0.0,0.2,0.0,0,23.8,849.6,24.1,24.2,48.8,292,573,0,0.3,206,0.7,0.7,24.1,17.1,19.0,1,0.0871430329265445,False,NORMAL,Normal environmental conditions,None,Continue monitoring environmental conditions.,LOW
2026-09-10 14:59:11+00:00,0.0,0,0.0,0.1,0.0,0,23.7,849.8,23.9,24.1,49.4,276,424,0,0.3,129,1.3,1.3,24.0,17.1,18.9,1,0.1103400474358105,False,NORMAL,Normal environmental conditions,None,Continue monitoring environmental conditions.,LOW
2026-09-10 15:14:19+00:00,0.0,0,0.0,0.1,0.0,0,23.4,849.8,23.6,23.7,50.8,267,320,0,0.9,195,1.4,1.4,23.6,17.0,18.6,1,0.1035517470584435,False,NORMAL,Normal environmental conditions,None,Continue monitoring environmental conditions.,LOW
2026-09-10 15:29:28+00:00,0.0,0,0.0,0.0,0.0,0,23.2,850.1,23.4,23.6,51.1,263,263,0,1.6,145,2.6,2.6,23.4,16.9,18.5,1,0.0671085431912953,False,NORMAL,Normal environmental conditions,None,Continue monitoring environmental conditions.,LOW
2026-09-10 15:44:36+00:00,0.0,0,0.0,0.0,0.0,0,22.7,850.3,22.9,23.0,53.9,261,254,0,2.4,167,4.4,4.4,22.9,16.9,18.1,1,0.0031934915762886,False,NORMAL,Normal environmental conditions,None,Continue monitoring environmental conditions.,LOW
2026-09-10 15:59:45+00:00,0.0,0,0.0,0.0,0.0,0,22.4,850.4,22.6,22.7,54.6,261,254,0,1.1,163,2.2,2.2,22.6,16.7,17.8,1,0.1095005948163295,False,NORMAL,Normal environmental conditions,None,Continue monitoring environmental conditions.,LOW
2026-09-10 16:15:14+00:00,0.0,0,0.0,0.0,0.0,0,22.1,850.6,22.4,22.5,55.2,261,253,0,0.4,182,1.5,1.5,22.4,16.6,17.6,1,0.1364088677342029,False,NORMAL,Normal environmental conditions,None,Continue monitoring environmental conditions.,LOW
2026-09-10 16:30:22+00:00,0.0,0,0.0,0.0,0.0,0,22.0,850.7,22.2,22.4,55.6,259,253,0,0.9,132,3.3,3.3,22.2,16.5,17.5,1,0.0905916676997185,False,NORMAL,Normal environmental conditions,None,Continue monitoring environmental conditions.,LOW
2026-09-10 16:45:31+00:00,0.0,0,0.0,0.0,0.0,0,21.7,850.8,21.9,22.1,56.5,261,254,0,1.5,182,3.1,3.1,21.9,16.4,17.2,1,0.0722808181628394,False,NORMAL,Normal environmental conditions,None,Continue monitoring environmental conditions.,LOW
2026-09-10 17:00:39+00:00,0.0,0,0.0,0.0,0.0,0,21.5,851.0,21.8,21.9,56.9,261,254,0,1.0,136,2.2,2.2,21.8,16.3,17.1,1,0.1293073243855355,False,NORMAL,Normal environmental conditions,None,Continue monitoring environmental conditions.,LOW
2026-09-10 17:15:47+00:00,0.0,0,0.0,0.0,0.0,0,21.4,851.1,21.6,21.8,57.2,260,253,0,0.9,182,2.0,2.0,21.6,16.2,17.0,1,0.1318071195157782,False,NORMAL,Normal environmental conditions,None,Continue monitoring environmental conditions.,LOW
2026-09-10 17:30:55+00:00,0.0,0,0.0,0.0,0.0,0,21.2,851.3,21.4,21.6,57.3,261,253,0,1.1,176,2.0,2.0,21.4,16.1,16.8,1,0.12142240977079,False,NORMAL,Normal environmental conditions,None,Continue monitoring environmental conditions.,LOW
2026-09-10 17:46:24+00:00,0.0,0,0.0,0.0,0.0,0,21.1,851.6,21.3,21.5,57.6,260,254,0,1.3,159,2.6,2.6,21.3,16.0,16.7,1,0.1002674669641108,False,NORMAL,Normal environmental conditions,None,Continue monitoring environmental conditions.,LOW
2026-09-10 18:01:32+00:00,0.0,0,0.0,0.0,0.0,0,20.9,851.8,21.1,21.3,58.7,260,253,0,1.3,164,2.2,2.2,21.1,16.0,16.5,1,0.1141674909144872,False,NORMAL,Normal environmental conditions,None,Continue monitoring environmental conditions.,LOW
2026-09-10 18:16:41+00:00,0.0,0,0.0,0.0,0.0,0,20.4,852.1,20.6,20.9,63.7,260,253,0,1.2,188,2.8,2.8,20.8,16.3,16.2,1,0.0988828472812345,False,NORMAL,Normal environmental conditions,None,Continue monitoring environmental conditions.,LOW
2026-09-10 18:31:49+00:00,0.0,0,0.0,0.0,0.0,0,20.0,852.3,20.2,20.4,66.6,259,252,0,1.0,158,2.0,2.0,20.3,16.2,15.8,1,0.1304541947899964,False,NORMAL,Normal environmental conditions,None,Continue monitoring environmental conditions.,LOW
2026-09-10 18:46:58+00:00,0.0,0,0.0,0.0,0.0,0,19.6,852.6,19.8,20.0,70.0,261,254,0,1.4,156,3.1,3.1,19.9,16.3,15.5,1,0.0809299336364768,False,NORMAL,Normal environmental conditions,None,Continue monitoring environmental conditions.,LOW
2026-09-10 19:02:21+00:00,0.0,0,0.0,0.0,0.0,0,19.3,852.8,19.5,19.7,71.7,259,253,0,2.3,172,5.2,5.2,19.6,16.2,15.2,1,0.0149178265054064,False,NORMAL,Normal environmental conditions,None,Continue monitoring environmental conditions.,LOW
2026-09-10 19:17:29+00:00,0.0,0,0.0,0.0,0.0,0,19.3,853.1,19.5,19.7,71.7,262,253,0,0.4,109,0.9,0.9,19.6,16.2,15.2,1,0.1555456448109985,False,NORMAL,Normal environmental conditions,None,Continue monitoring environmental conditions.,LOW
2026-09-10 19:32:37+00:00,0.0,0,0.0,0.0,0.0,0,19.1,853.0,19.3,19.5,72.4,260,254,0,0.4,144,0.9,0.9,19.5,16.1,15.1,1,0.160518255962541,False,NORMAL,Normal environmental conditions,None,Continue monitoring environmental conditions.,LOW
2026-09-10 19:47:46+00:00,0.0,0,0.0,0.0,0.0,0,19.0,853.2,19.1,19.4,72.9,260,253,0,0.2,161,0.7,0.7,19.3,16.1,14.9,1,0.1578641640816587,False,NORMAL,Normal environmental conditions,None,Continue monitoring environmental conditions.,LOW
2026-09-10 20:02:55+00:00,0.0,0,0.0,0.0,0.0,0,18.5,853.1,18.7,18.9,73.4,261,253,0,1.2,167,2.4,2.4,18.9,15.7,14.5,1,0.1037922412530001,False,NORMAL,Normal environmental conditions,None,Continue monitoring environmental conditions.,LOW
2026-09-10 20:18:04+00:00,0.0,0,0.0,0.0,0.0,0,18.2,853.2,18.4,18.6,74.1,261,254,0,1.0,138,2.4,2.4,18.6,15.5,14.3,1,0.113503305331885,False,NORMAL,Normal environmental conditions,None,Continue monitoring environmental conditions.,LOW
2026-09-10 20:33:26+00:00,0.0,0,0.0,0.0,0.0,0,18.1,853.1,18.3,18.5,74.3,259,254,0,0.4,121,0.9,0.9,18.4,15.4,14.1,1,0.168629563586124,False,NORMAL,Normal environmental conditions,None,Continue monitoring environmental conditions.,LOW
2026-09-10 20:48:35+00:00,0.0,0,0.0,0.0,0.0,0,18.1,853.0,18.2,18.5,74.4,260,253,0,0.2,130,0.7,0.7,18.4,15.4,14.1,1,0.1694702125840117,False,NORMAL,Normal environmental conditions,None,Continue monitoring environmental conditions.,LOW
2026-09-10 21:03:43+00:00,0.0,0,0.0,0.0,0.0,0,18.0,853.1,18.1,18.4,74.6,259,254,0,0.1,134,0.7,0.7,18.3,15.3,14.0,1,0.1649549208547612,False,NORMAL,Normal environmental conditions,None,Continue monitoring environmental conditions.,LOW
2026-09-10 21:18:52+00:00,0.0,0,0.0,0.0,0.0,0,17.8,852.9,18.0,18.2,75.1,260,254,0,0.3,185,0.9,0.9,18.1,15.2,13.8,1,0.1635032386341826,False,NORMAL,Normal environmental conditions,None,Continue monitoring environmental conditions.,LOW
2026-09-10 21:34:01+00:00,0.0,0,0.0,0.0,0.0,0,17.6,852.9,17.8,18.0,75.3,261,253,0,0.1,130,0.7,0.7,18.0,15.1,13.7,1,0.1654355370016279,False,NORMAL,Normal environmental conditions,None,Continue monitoring environmental conditions.,LOW
2026-09-10 21:49:30+00:00,0.0,0,0.0,0.0,0.0,0,17.4,852.7,17.6,17.8,75.9,261,253,0,0.4,73,1.3,1.3,17.7,15.0,13.5,1,0.1625264245072274,False,NORMAL,Normal environmental conditions,None,Continue monitoring environmental conditions.,LOW
2026-09-10 22:04:39+00:00,0.0,0,0.0,0.0,0.0,0,17.4,852.5,17.6,17.8,76.4,259,253,0,0.2,131,0.7,0.7,17.7,14.9,13.4,1,0.1719336417898133,False,NORMAL,Normal environmental conditions,None,Continue monitoring environmental conditions.,LOW
2026-09-10 22:19:48+00:00,0.0,0,0.0,0.0,0.0,0,17.1,852.3,17.2,17.5,77.8,260,253,0,0.1,132,0.4,0.4,17.4,14.9,13.2,1,0.1743557537658048,False,NORMAL,Normal environmental conditions,None,Continue monitoring environmental conditions.,LOW
2026-09-10 22:34:57+00:00,0.0,0,0.0,0.0,0.0,0,17.1,852.3,17.2,17.5,78.5,261,253,0,0.2,132,0.7,0.7,17.4,15.0,13.2,1,0.1767109248745003,False,NORMAL,Normal environmental conditions,None,Continue monitoring environmental conditions.,LOW
2026-09-10 22:50:07+00:00,0.0,0,0.0,0.0,0.0,0,17.2,852.2,17.3,17.5,79.0,260,254,0,0.6,131,1.3,1.3,17.5,15.1,13.2,1,0.1634992052504884,False,NORMAL,Normal environmental conditions,None,Continue monitoring environmental conditions.,LOW
2026-09-10 23:05:34+00:00,0.0,0,0.0,0.0,0.0,0,17.0,852.0,17.2,17.4,80.0,260,254,0,0.3,131,1.1,1.1,17.4,15.1,13.1,1,0.1751861714175259,False,NORMAL,Normal environmental conditions,None,Continue monitoring environmental conditions.,LOW
2026-09-10 23:20:37+00:00,0.0,0,0.0,0.0,0.0,0,17.0,852.0,17.1,17.4,80.8,260,253,0,0.2,131,0.7,0.7,17.4,15.1,13.1,1,0.1789228781504192,False,NORMAL,Normal environmental conditions,None,Continue monitoring environmental conditions.,LOW
2026-09-10 23:35:46+00:00,0.0,0,0.0,0.0,0.0,0,16.8,851.9,17.0,17.3,81.5,259,254,0,0.2,131,0.7,0.7,17.2,15.1,13.0,1,0.1759455508550614,False,NORMAL,Normal environmental conditions,None,Continue monitoring environmental conditions.,LOW
2026-09-10 23:50:55+00:00,0.0,0,0.0,0.0,0.0,0,16.7,851.8,16.9,17.2,82.0,260,253,0,0.1,93,0.4,0.4,17.2,15.1,12.9,1,0.1779651535646518,False,NORMAL,Normal environmental conditions,None,Continue monitoring environmental conditions.,LOW
2026-09-11 00:00:01+00:00,0.0,0,0.0,0.0,0.0,0,16.7,851.8,16.8,17.1,82.6,258,252,0,0.9,88,1.3,1.3,17.1,15.1,12.8,1,0.154858146420704,False,NORMAL,Normal environmental conditions,None,Continue monitoring environmental conditions.,LOW
2026-09-11 00:15:11+00:00,0.0,0,0.0,0.0,0.0,0,16.6,851.7,16.8,17.0,83.1,261,254,0,0.4,78,0.9,0.9,17.0,15.0,12.8,1,0.1727257170552423,False,NORMAL,Normal environmental conditions,None,Continue monitoring environmental conditions.,LOW
2026-09-11 00:30:35+00:00,0.0,0,0.0,0.0,0.0,0,16.6,851.6,16.7,17.0,83.3,260,253,0,0.1,75,0.4,0.4,17.0,15.0,12.7,1,0.1716988273958606,False,NORMAL,Normal environmental conditions,None,Continue monitoring environmental conditions.,LOW
2026-09-11 00:45:44+00:00,0.0,0,0.0,0.0,0.0,0,16.6,851.7,16.7,17.0,83.4,260,254,0,0.1,76,0.4,0.4,16.9,15.0,12.7,1,0.1724219712434752,False,NORMAL,Normal environmental conditions,None,Continue monitoring environmental conditions.,LOW
2026-09-11 01:00:50+00:00,0.0,0,0.0,0.0,0.0,0,16.6,851.7,16.7,17.0,83.7,260,254,0,0.0,74,0.0,0.0,17.0,15.1,12.8,1,0.1663579145808734,False,NORMAL,Normal environmental conditions,None,Continue monitoring environmental conditions.,LOW
2026-09-11 01:15:59+00:00,0.0,0,0.0,0.0,0.0,0,16.6,851.6,16.8,17.0,83.6,260,253,0,0.2,74,0.6,0.6,17.0,15.1,12.8,1,0.1677506202328904,False,NORMAL,Normal environmental conditions,None,Continue monitoring environmental conditions.,LOW
2026-09-11 01:31:08+00:00,0.0,0,0.0,0.0,0.0,0,16.6,851.7,16.7,17.0,83.8,260,253,0,0.4,73,0.7,0.7,17.0,15.1,12.7,1,0.1704739749456892,False,NORMAL,Normal environmental conditions,None,Continue monitoring environmental conditions.,LOW
2026-09-11 01:46:37+00:00,0.0,0,0.0,0.0,0.0,0,16.5,851.8,16.7,16.9,84.1,259,254,0,0.0,74,0.0,0.0,16.9,15.0,12.7,1,0.1667845862393991,False,NORMAL,Normal environmental conditions,None,Continue monitoring environmental conditions.,LOW
2026-09-11 02:01:46+00:00,0.0,0,0.0,0.0,0.0,0,16.5,852.0,16.6,16.9,84.5,260,254,0,0.1,74,0.2,0.2,16.8,15.0,12.6,1,0.1692168901529215,False,NORMAL,Normal environmental conditions,None,Continue monitoring environmental conditions.,LOW
2026-09-11 02:16:56+00:00,0.0,0,0.0,0.0,0.0,0,16.5,852.0,16.6,16.8,84.7,260,252,0,0.3,74,0.9,0.9,16.8,15.0,12.6,1,0.1707883538425365,False,NORMAL,Normal environmental conditions,None,Continue monitoring environmental conditions.,LOW
2026-09-11 02:32:04+00:00,0.0,0,0.0,0.0,0.0,0,16.4,852.0,16.6,16.8,85.2,261,253,0,0.2,108,0.4,0.4,16.8,15.1,12.6,1,0.1754433638455435,False,NORMAL,Normal environmental conditions,None,Continue monitoring environmental conditions.,LOW
2026-09-11 02:47:14+00:00,0.0,0,0.0,0.0,0.0,0,16.4,852.2,16.6,16.8,85.8,260,254,0,0.7,76,1.1,1.1,16.8,15.2,12.6,1,0.155241772576493,False,NORMAL,Normal environmental conditions,None,Continue monitoring environmental conditions.,LOW
2026-09-11 03:02:41+00:00,0.0,0,0.0,0.0,0.0,0,16.3,852.5,16.5,16.8,86.6,262,253,0,0.6,99,0.9,0.9,16.8,15.2,12.5,1,0.1641172882440583,False,NORMAL,Normal environmental conditions,None,Continue monitoring environmental conditions.,LOW
2026-09-11 03:17:50+00:00,0.0,0,0.0,0.0,0.0,0,16.4,852.5,16.5,16.8,86.8,261,256,0,0.2,81,0.7,0.7,16.8,15.2,12.6,1,0.172531669624822,False,NORMAL,Normal environmental conditions,None,Continue monitoring environmental conditions.,LOW
2026-09-11 03:32:59+00:00,0.0,0,0.0,0.0,0.0,0,16.4,852.5,16.5,16.8,87.1,263,280,0,0.1,111,0.4,0.4,16.8,15.2,12.5,1,0.1710616396163489,False,NORMAL,Normal environmental conditions,None,Continue monitoring environmental conditions.,LOW
2026-09-11 03:48:08+00:00,0.0,0,0.0,0.1,0.0,0,16.3,852.8,16.5,16.8,87.4,272,365,0,0.5,90,1.5,1.5,16.8,15.3,12.5,1,0.1452848431164379,False,NORMAL,Normal environmental conditions,None,Continue monitoring environmental conditions.,LOW
2026-09-11 04:03:16+00:00,0.0,0,0.0,0.1,0.0,0,16.4,853.0,16.6,16.8,87.4,281,481,0,0.5,84,1.1,1.1,16.8,15.3,12.6,1,0.1510803659875758,False,NORMAL,Normal environmental conditions,None,Continue monitoring environmental conditions.,LOW
2026-09-11 04:18:45+00:00,0.0,0,0.0,0.2,0.0,0,16.6,853.1,16.7,17.0,87.2,298,659,0,0.0,93,0.0,0.0,17.0,15.5,12.8,1,0.1509292835606133,False,NORMAL,Normal environmental conditions,None,Continue monitoring environmental conditions.,LOW
2026-09-11 04:33:52+00:00,0.0,0,0.0,0.3,0.0,0,16.8,853.1,16.9,17.2,86.3,318,889,0,1.0,89,2.0,2.0,17.2,15.6,13.0,1,0.1109071112981057,False,NORMAL,Normal environmental conditions,None,Continue monitoring environmental conditions.,LOW
2026-09-11 04:49:01+00:00,0.0,0,0.0,0.5,0.0,0,17.3,853.1,17.3,17.6,84.9,342,1145,0,0.6,82,1.1,1.1,17.6,15.8,13.4,1,0.1442400210890874,False,NORMAL,Normal environmental conditions,None,Continue monitoring environmental conditions.,LOW
2026-09-11 05:04:10+00:00,0.0,0,0.0,0.9,0.0,0,18.2,853.3,18.2,18.5,82.3,418,2033,0,0.3,78,0.7,0.7,18.5,16.3,14.2,1,0.1305037194316367,False,NORMAL,Normal environmental conditions,None,Continue monitoring environmental conditions.,LOW
2026-09-11 05:19:18+00:00,0.0,0,0.0,0.7,0.0,0,18.5,853.5,18.8,18.9,78.3,387,1663,0,0.0,128,0.0,0.0,18.9,16.3,14.6,1,0.1271195095320528,False,NORMAL,Normal environmental conditions,None,Continue monitoring environmental conditions.,LOW
2026-09-11 05:34:27+00:00,0.0,0,0.0,2.0,0.0,0,19.7,853.6,19.7,19.8,76.5,638,4750,0,0.1,75,0.6,0.6,19.8,16.9,15.4,1,0.0620532163688627,False,NORMAL,Normal environmental conditions,None,Continue monitoring environmental conditions.,LOW
2026-09-11 05:49:52+00:00,0.0,0,0.0,0.8,0.0,0,20.3,853.7,20.2,20.6,70.0,411,1897,0,0.9,139,1.5,1.5,20.6,16.8,16.1,1,0.1164743958415867,False,NORMAL,Normal environmental conditions,None,Continue monitoring environmental conditions.,LOW
2026-09-11 06:05:00+00:00,0.0,0,0.0,0.6,0.0,0,19.2,854.0,19.5,19.7,70.1,374,1504,0,0.7,141,1.3,1.3,19.6,16.0,15.2,1,0.1340720702634094,False,NORMAL,Normal environmental conditions,None,Continue monitoring environmental conditions.,LOW
2026-09-11 06:20:09+00:00,0.0,0,0.0,1.0,0.0,0,19.6,854.1,19.9,20.0,70.7,450,2286,0,0.4,142,0.9,0.9,20.0,16.4,15.5,1,0.1218633346320011,False,NORMAL,Normal environmental conditions,None,Continue monitoring environmental conditions.,LOW
2026-09-11 06:35:18+00:00,0.0,0,0.0,1.2,0.0,0,21.3,854.1,21.3,21.5,66.7,482,2607,0,0.0,142,0.4,0.4,21.5,17.2,16.8,1,0.0978424395783662,False,NORMAL,Normal environmental conditions,None,Continue monitoring environmental conditions.,LOW
2026-09-11 06:50:27+00:00,0.0,0,0.0,3.1,0.0,0,23.0,854.1,22.9,23.2,60.0,842,6865,0,0.1,80,0.4,0.4,23.2,17.9,18.3,1,0.03007050186745,False,NORMAL,Normal environmental conditions,None,Continue monitoring environmental conditions.,LOW
2026-09-11 07:05:54+00:00,0.0,0,0.0,0.9,0.0,0,21.8,853.9,21.9,22.7,56.8,433,2166,0,0.7,59,1.1,1.1,22.6,17.0,17.8,1,0.1080299314366839,False,NORMAL,Normal environmental conditions,None,Continue monitoring environmental conditions.,LOW
2026-09-11 07:21:01+00:00,0.0,0,0.0,1.0,0.0,0,21.5,853.9,21.7,21.8,60.9,436,2201,0,0.0,188,0.2,0.2,21.7,16.7,17.0,1,0.0965958345085162,False,NORMAL,Normal environmental conditions,None,Continue monitoring environmental conditions.,LOW
2026-09-11 07:36:10+00:00,0.0,0,0.0,1.2,0.0,0,21.3,853.6,21.7,21.7,59.5,479,2627,0,0.4,147,0.7,0.7,21.6,16.5,17.0,1,0.124480129727034,False,NORMAL,Normal environmental conditions,None,Continue monitoring environmental conditions.,LOW
2026-09-11 07:51:19+00:00,0.0,0,0.0,1.2,0.0,0,22.5,853.5,22.9,22.6,56.4,484,2699,0,0.7,109,1.6,1.6,22.5,16.8,17.7,1,0.10927441507421,False,NORMAL,Normal environmental conditions,None,Continue monitoring environmental conditions.,LOW
2026-09-11 08:06:28+00:00,0.0,0,0.0,1.1,0.0,0,21.6,853.3,22.1,22.1,58.0,464,2538,0,0.8,181,2.0,2.0,22.0,16.6,17.3,1,0.1138645543307899,False,NORMAL,Normal environmental conditions,None,Continue monitoring environmental conditions.,LOW
2026-09-11 08:21:55+00:00,0.0,0,0.0,3.5,0.0,0,22.6,853.1,22.9,22.8,55.3,912,7520,0,1.4,250,2.0,2.0,22.7,16.9,17.9,1,0.0134533347744385,False,NORMAL,Normal environmental conditions,None,Continue monitoring environmental conditions.,LOW
2026-09-11 08:37:04+00:00,0.0,0,0.0,0.9,0.0,0,23.0,853.0,22.9,23.0,54.9,433,2152,0,0.3,255,1.3,1.3,22.9,17.0,18.0,1,0.0920064512315795,False,NORMAL,Normal environmental conditions,None,Continue monitoring environmental conditions.,LOW
2026-09-11 08:52:12+00:00,0.0,0,0.0,1.5,0.0,0,23.4,852.7,23.1,23.2,56.5,529,3223,0,0.2,255,0.9,0.9,23.1,17.4,18.2,1,0.075495138956004,False,NORMAL,Normal environmental conditions,None,Continue monitoring environmental conditions.,LOW
2026-09-11 09:07:20+00:00,0.0,0,0.0,2.5,0.0,0,24.7,852.4,24.6,24.6,52.5,725,5336,0,0.1,26,0.4,0.4,24.5,18.0,19.4,1,0.025181777757772,False,NORMAL,Normal environmental conditions,None,Continue monitoring environmental conditions.,LOW
2026-09-11 09:22:28+00:00,0.0,0,0.0,1.6,0.0,0,25.4,852.1,25.2,25.4,49.3,555,3404,0,0.0,285,0.4,0.4,25.3,18.2,20.0,1,0.0314786440642451,False,NORMAL,Normal environmental conditions,None,Continue monitoring environmental conditions.,LOW
2026-09-11 09:37:35+00:00,0.0,0,0.0,3.3,0.0,0,24.5,851.8,25.0,25.4,48.2,873,7025,0,0.3,128,0.7,0.7,25.3,18.0,20.0,1,0.0468783088584463,False,NORMAL,Normal environmental conditions,None,Continue monitoring environmental conditions.,LOW
2026-09-11 09:52:58+00:00,0.0,0,0.0,1.7,0.0,0,24.7,851.5,25.2,25.5,47.7,575,3585,0,0.3,204,0.7,0.7,25.4,18.0,20.1,1,0.0665591635749788,False,NORMAL,Normal environmental conditions,None,Continue monitoring environmental conditions.,LOW
2026-09-11 10:08:06+00:00,0.0,0,0.0,0.9,0.0,0,24.0,851.1,24.8,24.5,49.7,431,1938,0,0.3,221,0.9,0.9,24.4,17.5,19.3,1,0.0951118032876858,False,NORMAL,Normal environmental conditions,None,Continue monitoring environmental conditions.,LOW
2026-09-11 10:23:14+00:00,0.0,0,0.0,1.0,0.0,0,25.5,850.9,26.1,26.2,44.9,447,2202,0,0.7,216,1.5,1.5,26.2,18.2,20.7,1,0.0639139879004203,False,NORMAL,Normal environmental conditions,None,Continue monitoring environmental conditions.,LOW
2026-09-11 10:38:22+00:00,0.0,0,0.0,2.7,0.0,0,25.3,850.6,25.2,25.8,45.5,763,5812,0,1.1,55,1.7,1.7,25.8,18.0,20.3,1,0.0478487946885435,False,NORMAL,Normal environmental conditions,None,Continue monitoring environmental conditions.,LOW
2026-09-11 10:53:30+00:00,0.0,0,0.0,1.3,0.0,0,24.7,850.4,25.1,25.3,45.5,494,2844,0,1.2,149,2.0,2.0,25.2,17.6,19.9,1,0.0845587408595553,False,NORMAL,Normal environmental conditions,None,Continue monitoring environmental conditions.,LOW
2026-09-11 11:08:55+00:00,0.0,0,0.0,1.6,0.0,0,24.8,850.2,25.1,25.3,46.5,562,3555,0,0.7,135,2.0,2.0,25.2,17.7,19.9,1,0.0857727653980756,False,NORMAL,Normal environmental conditions,None,Continue monitoring environmental conditions.,LOW
2026-09-11 11:25:03+00:00,0.0,0,0.0,1.0,0.0,0,26.7,849.8,26.6,27.4,42.5,450,2342,0,0.5,92,1.1,1.1,27.3,18.8,21.5,1,0.0329242017907963,False,NORMAL,Normal environmental conditions,None,Continue monitoring environmental conditions.,LOW
2026-09-11 11:40:12+00:00,0.0,0,0.0,0.8,0.0,0,24.6,849.7,25.1,25.3,47.0,406,1870,0,0.7,109,2.0,2.0,25.2,17.7,19.9,1,0.0994152311394581,False,NORMAL,Normal environmental conditions,None,Continue monitoring environmental conditions.,LOW
2026-09-11 11:55:20+00:00,0.0,0,0.0,0.7,0.0,0,24.4,849.5,24.8,25.0,48.2,392,1713,0,1.3,79,4.4,4.4,24.9,17.7,19.7,1,0.0265000738761351,False,NORMAL,Normal environmental conditions,None,Continue monitoring environmental conditions.,LOW
2026-09-11 12:10:29+00:00,0.0,0,0.0,0.8,0.0,0,24.4,849.3,24.6,24.9,49.3,397,1787,0,0.0,96,0.4,0.4,24.8,17.8,19.6,1,0.0760280354940898,False,NORMAL,Normal environmental conditions,None,Continue monitoring environmental conditions.,LOW
2026-09-11 12:26:06+00:00,0.0,0,0.0,0.6,0.0,0,24.4,849.3,24.4,24.9,48.2,360,1368,0,0.9,84,1.3,1.3,24.8,17.7,19.6,1,0.1019774917737775,False,NORMAL,Normal environmental conditions,None,Continue monitoring environmental conditions.,LOW
2026-09-11 12:41:14+00:00,0.0,0,0.0,0.7,0.0,0,24.0,849.2,24.2,24.6,50.7,395,1729,0,0.5,142,1.5,1.5,24.5,17.7,19.4,1,0.1104399676639775,False,NORMAL,Normal environmental conditions,None,Continue monitoring environmental conditions.,LOW
2026-09-11 12:56:23+00:00,0.0,0,0.0,2.4,0.0,0,24.7,849.1,24.9,25.2,48.3,706,5448,0,0.6,111,1.3,1.3,25.1,17.9,19.9,1,0.066115424169193,False,NORMAL,Normal environmental conditions,None,Continue monitoring environmental conditions.,LOW
2026-09-11 13:11:31+00:00,0.0,0,0.0,0.7,0.0,0,24.7,849.1,24.9,25.4,47.9,389,1678,0,1.4,135,2.2,2.2,25.4,18.0,20.0,1,0.071113530113698,False,NORMAL,Normal environmental conditions,None,Continue monitoring environmental conditions.,LOW
2026-09-11 13:27:05+00:00,0.0,0,0.0,0.8,0.0,0,24.4,849.1,24.6,24.9,49.8,396,1729,0,0.2,106,0.7,0.7,24.8,17.9,19.6,1,0.0894508321438089,False,NORMAL,Normal environmental conditions,None,Continue monitoring environmental conditions.,LOW
2026-09-11 13:42:11+00:00,0.0,0,0.0,0.6,0.0,0,24.1,849.2,24.2,24.5,51.0,368,1422,0,0.8,77,2.0,2.0,24.5,17.8,19.3,1,0.1008730200830906,False,NORMAL,Normal environmental conditions,None,Continue monitoring environmental conditions.,LOW
2026-09-11 13:57:34+00:00,0.0,0,0.0,0.4,0.0,0,23.8,849.1,24.0,24.2,51.9,339,1049,0,1.6,175,3.5,3.5,24.1,17.6,19.1,1,0.0291264786192805,False,NORMAL,Normal environmental conditions,None,Continue monitoring environmental conditions.,LOW
2026-09-11 14:12:43+00:00,0.0,0,0.0,0.5,0.0,0,24.1,849.2,24.3,24.6,50.8,344,1136,0,0.9,82,1.9,1.9,24.5,17.7,19.3,1,0.1002921321819744,False,NORMAL,Normal environmental conditions,None,Continue monitoring environmental conditions.,LOW
2026-09-11 14:27:44+00:00,0.0,0,0.0,0.2,0.0,0,23.4,849.3,23.6,23.9,52.7,298,603,0,0.7,143,1.5,1.5,23.8,17.4,18.8,1,0.1140066605730006,False,NORMAL,Normal environmental conditions,None,Continue monitoring environmental conditions.,LOW
2026-09-11 14:42:52+00:00,0.0,0,0.0,0.2,0.0,0,23.2,849.5,23.4,23.5,53.8,304,725,0,0.7,117,1.3,1.3,23.5,17.3,18.5,1,0.1152866964895427,False,NORMAL,Normal environmental conditions,None,Continue monitoring environmental conditions.,LOW
2026-09-11 14:58:01+00:00,0.0,0,0.0,0.2,0.0,0,22.8,849.6,23.0,23.2,54.3,292,619,0,0.2,193,0.9,0.9,23.1,17.1,18.2,1,0.1088079856303257,False,NORMAL,Normal environmental conditions,None,Continue monitoring environmental conditions.,LOW
2026-09-11 15:13:10+00:00,0.0,0,0.0,0.1,0.0,0,22.6,849.6,22.8,23.0,55.0,271,364,0,0.7,128,2.0,2.0,22.8,17.0,18.0,1,0.1163233306221911,False,NORMAL,Normal environmental conditions,None,Continue monitoring environmental conditions.,LOW
2026-09-11 15:28:39+00:00,0.0,0,0.0,0.0,0.0,0,22.2,849.7,22.4,22.6,56.4,262,265,0,1.3,172,3.1,3.1,22.5,16.8,17.7,1,0.07122818743852,False,NORMAL,Normal environmental conditions,None,Continue monitoring environmental conditions.,LOW
2026-09-11 15:43:49+00:00,0.0,0,0.0,0.0,0.0,0,22.0,849.9,22.2,22.4,56.9,260,254,0,0.1,77,0.4,0.4,22.2,16.7,17.5,1,0.1117061614839874,False,NORMAL,Normal environmental conditions,None,Continue monitoring environmental conditions.,LOW
2026-09-11 15:58:58+00:00,0.0,0,0.0,0.0,0.0,0,21.7,850.1,21.9,22.1,57.2,262,254,0,0.6,35,1.7,1.7,22.0,16.5,17.3,1,0.1124540295651716,False,NORMAL,Normal environmental conditions,None,Continue monitoring environmental conditions.,LOW
2026-09-11 16:14:07+00:00,0.0,0,0.0,0.0,0.0,0,21.6,850.3,21.7,21.9,58.1,260,254,0,0.4,181,0.9,0.9,21.8,16.5,17.1,1,0.1380993014618974,False,NORMAL,Normal environmental conditions,None,Continue monitoring environmental conditions.,LOW
2026-09-11 16:29:16+00:00,0.0,0,0.0,0.0,0.0,0,21.4,850.5,21.6,21.8,59.0,261,254,0,0.3,136,0.9,0.9,21.7,16.5,17.1,1,0.1471905190726972,False,NORMAL,Normal environmental conditions,None,Continue monitoring environmental conditions.,LOW
2026-09-11 16:44:41+00:00,0.0,0,0.0,0.0,0.0,0,21.2,850.8,21.3,21.6,63.6,261,254,0,0.6,105,1.5,1.5,21.5,16.9,16.9,1,0.1389744629364478,False,NORMAL,Normal environmental conditions,None,Continue monitoring environmental conditions.,LOW
2026-09-11 16:59:51+00:00,0.0,0,0.0,0.0,0.0,0,20.5,851.1,20.7,20.9,67.7,259,253,0,0.7,171,1.3,1.3,20.9,16.8,16.3,1,0.1346394718743714,False,NORMAL,Normal environmental conditions,None,Continue monitoring environmental conditions.,LOW
2026-09-11 17:14:59+00:00,0.0,0,0.0,0.0,0.0,0,19.8,851.4,20.0,20.4,72.6,260,253,0,1.5,121,3.9,3.9,20.3,16.9,15.9,1,0.0408943022423913,False,NORMAL,Normal environmental conditions,None,Continue monitoring environmental conditions.,LOW
2026-09-11 17:30:51+00:00,0.0,0,0.0,0.0,0.0,0,19.1,851.7,19.2,19.5,76.7,260,253,0,1.1,102,2.8,2.8,19.6,16.7,15.2,1,0.1012741277980371,False,NORMAL,Normal environmental conditions,None,Continue monitoring environmental conditions.,LOW
2026-09-11 17:46:46+00:00,0.0,0,0.0,0.0,0.0,0,18.7,851.9,18.9,19.1,80.0,260,253,0,0.2,66,0.7,0.7,19.2,16.7,14.8,1,0.1467299900181651,False,NORMAL,Normal environmental conditions,None,Continue monitoring environmental conditions.,LOW
2026-09-11 18:01:49+00:00,0.0,0,0.0,0.0,0.0,0,18.6,852.0,18.8,19.0,81.7,261,254,0,0.4,152,0.9,0.9,19.0,16.7,14.7,1,0.153596846306157,False,NORMAL,Normal environmental conditions,None,Continue monitoring environmental conditions.,LOW
2026-09-11 18:16:58+00:00,0.0,0,0.0,0.0,0.0,0,18.5,852.2,18.7,19.0,82.1,260,253,0,1.4,102,2.6,2.6,19.0,16.8,14.7,1,0.0874648639593076,False,NORMAL,Normal environmental conditions,None,Continue monitoring environmental conditions.,LOW
2026-09-11 18:32:06+00:00,0.0,0,0.0,0.0,0.0,0,18.3,852.5,18.5,18.7,83.1,260,254,0,0.3,131,0.9,0.9,18.8,16.7,14.4,1,0.1581983688102911,False,NORMAL,Normal environmental conditions,None,Continue monitoring environmental conditions.,LOW
2026-09-11 18:47:53+00:00,0.0,0,0.0,0.0,0.0,0,18.3,852.5,18.4,18.7,82.7,261,253,0,0.1,183,1.1,1.1,18.7,16.6,14.4,1,0.1490292072691179,False,NORMAL,Normal environmental conditions,None,Continue monitoring environmental conditions.,LOW
2026-09-11 19:03:02+00:00,0.0,0,0.0,0.0,0.0,0,18.1,852.7,18.4,18.6,83.3,259,253,0,0.4,155,1.5,1.5,18.6,16.6,14.3,1,0.1525975503357896,False,NORMAL,Normal environmental conditions,None,Continue monitoring environmental conditions.,LOW
2026-09-11 19:18:10+00:00,0.0,0,0.0,0.0,0.0,0,17.8,852.8,17.9,18.2,84.5,259,254,0,0.5,156,1.3,1.3,18.2,16.3,13.9,1,0.1543067924730491,False,NORMAL,Normal environmental conditions,None,Continue monitoring environmental conditions.,LOW
2026-09-11 19:33:19+00:00,0.0,0,0.0,0.0,0.0,0,17.7,852.8,17.9,18.1,84.9,260,254,0,1.0,188,2.2,2.2,18.1,16.3,13.9,1,0.1112211843927883,False,NORMAL,Normal environmental conditions,None,Continue monitoring environmental conditions.,LOW
2026-09-11 19:48:57+00:00,0.0,0,0.0,0.0,0.0,0,17.6,852.9,17.8,18.0,85.8,260,253,0,1.0,172,2.4,2.4,18.1,16.3,13.8,1,0.1027865302698934,False,NORMAL,Normal environmental conditions,None,Continue monitoring environmental conditions.,LOW
2026-09-11 20:04:06+00:00,0.0,0,0.0,0.0,0.0,0,17.4,852.8,17.6,17.9,86.8,261,254,0,1.1,96,2.0,2.0,17.9,16.3,13.7,1,0.1176623579926666,False,NORMAL,Normal environmental conditions,None,Continue monitoring environmental conditions.,LOW
2026-09-11 20:19:58+00:00,0.0,0,0.0,0.0,0.0,0,17.3,852.8,17.5,17.8,87.8,260,253,0,0.3,205,0.7,0.7,17.8,16.3,13.5,1,0.1494192955046223,False,NORMAL,Normal environmental conditions,None,Continue monitoring environmental conditions.,LOW
2026-09-11 20:35:07+00:00,0.0,0,0.0,0.0,0.0,0,17.2,852.7,17.4,17.6,87.8,261,254,0,0.7,96,1.1,1.1,17.7,16.2,13.4,1,0.1553886125516431,False,NORMAL,Normal environmental conditions,None,Continue monitoring environmental conditions.,LOW
2026-09-11 20:50:15+00:00,0.0,0,0.0,0.0,0.0,0,17.2,852.6,17.4,17.6,87.3,260,253,0,0.5,183,1.3,1.3,17.6,16.1,13.4,1,0.1564538619361975,False,NORMAL,Normal environmental conditions,None,Continue monitoring environmental conditions.,LOW
2026-09-11 21:05:24+00:00,0.0,0,0.0,0.0,0.0,0,17.2,852.6,17.4,17.6,87.3,260,254,0,1.1,126,2.0,2.0,17.7,16.1,13.4,1,0.1169192190565926,False,NORMAL,Normal environmental conditions,None,Continue monitoring environmental conditions.,LOW
2026-09-11 21:20:47+00:00,0.0,0,0.0,0.0,0.0,0,17.2,852.3,17.4,17.6,87.5,261,252,0,0.6,185,1.4,1.4,17.6,16.1,13.4,1,0.1512165894123097,False,NORMAL,Normal environmental conditions,None,Continue monitoring environmental conditions.,LOW
2026-09-11 21:35:55+00:00,0.0,0,0.0,0.0,0.0,0,17.0,852.0,17.2,17.5,85.6,260,254,0,0.4,106,1.5,1.5,17.5,15.8,13.2,1,0.1673684844418038,False,NORMAL,Normal environmental conditions,None,Continue monitoring environmental conditions.,LOW
2026-09-11 21:51:03+00:00,0.0,0,0.0,0.0,0.0,0,17.0,851.8,17.1,17.4,85.9,260,254,0,0.2,163,0.7,0.7,17.4,15.7,13.2,1,0.1732383883725332,False,NORMAL,Normal environmental conditions,None,Continue monitoring environmental conditions.,LOW
2026-09-11 22:06:11+00:00,0.0,0,0.0,0.0,0.0,0,16.9,851.8,16.9,17.3,86.7,259,254,0,0.6,100,1.7,1.7,17.3,15.7,13.1,1,0.1598204731285087,False,NORMAL,Normal environmental conditions,None,Continue monitoring environmental conditions.,LOW
2026-09-11 22:21:19+00:00,0.0,0,0.0,0.0,0.0,0,16.9,851.7,17.0,17.3,86.5,261,254,0,0.6,119,1.7,1.7,17.3,15.7,13.1,1,0.1615133833906666,False,NORMAL,Normal environmental conditions,None,Continue monitoring environmental conditions.,LOW
2026-09-11 22:36:57+00:00,0.0,0,0.0,0.0,0.0,0,16.9,851.6,17.0,17.3,86.5,260,254,0,0.6,192,1.7,1.7,17.3,15.7,13.1,1,0.1500095202877883,False,NORMAL,Normal environmental conditions,None,Continue monitoring environmental conditions.,LOW
2026-09-11 22:52:05+00:00,0.0,0,0.0,0.0,0.0,0,16.7,851.5,16.9,17.1,87.1,261,253,0,0.8,171,2.2,2.2,17.2,15.6,12.9,1,0.134166103580584,False,NORMAL,Normal environmental conditions,None,Continue monitoring environmental conditions.,LOW
2026-09-11 23:07:14+00:00,0.0,0,0.0,0.0,0.0,0,16.8,851.4,16.9,17.2,87.1,260,253,0,1.2,110,3.3,3.3,17.2,15.7,13.0,1,0.0765279519891645,False,NORMAL,Normal environmental conditions,None,Continue monitoring environmental conditions.,LOW
2026-09-11 23:22:22+00:00,0.0,0,0.0,0.0,0.0,0,16.6,851.4,16.8,17.0,88.6,261,254,0,0.5,129,1.3,1.3,17.1,15.7,12.8,1,0.1603155581384056,False,NORMAL,Normal environmental conditions,None,Continue monitoring environmental conditions.,LOW
2026-09-11 23:37:30+00:00,0.0,0,0.0,0.0,0.0,0,16.5,851.2,16.6,16.9,89.6,260,254,0,0.6,126,1.7,1.7,17.0,15.7,12.8,1,0.1525703285299712,False,NORMAL,Normal environmental conditions,None,Continue monitoring environmental conditions.,LOW
2026-09-11 23:52:52+00:00,0.0,0,0.0,0.0,0.0,0,16.2,851.2,16.4,16.7,90.9,260,254,0,0.1,206,0.7,0.7,16.8,15.6,12.5,1,0.1493457714859787,False,NORMAL,Normal environmental conditions,None,Continue monitoring environmental conditions.,LOW
2026-09-12 00:00:57+00:00,0.0,0,0.0,0.0,0.0,0,16.2,851.2,16.3,16.7,91.9,261,253,0,0.3,187,1.1,1.1,16.7,15.7,12.5,1,0.1462840684798964,False,NORMAL,Normal environmental conditions,None,Continue monitoring environmental conditions.,LOW
2026-09-12 00:16:05+00:00,0.0,0,0.0,0.0,0.0,0,16.0,851.0,16.3,16.5,93.3,261,253,0,0.0,99,0.2,0.2,16.6,15.7,12.3,1,0.1467223082356806,False,NORMAL,Normal environmental conditions,None,Continue monitoring environmental conditions.,LOW
2026-09-12 00:31:13+00:00,0.0,0,0.0,0.0,0.0,0,16.0,851.0,16.2,16.5,93.7,260,254,0,0.1,99,0.7,0.7,16.6,15.7,12.3,1,0.1422694603665192,False,NORMAL,Normal environmental conditions,None,Continue monitoring environmental conditions.,LOW
2026-09-12 00:46:22+00:00,0.0,0,0.0,0.0,0.0,0,15.9,850.9,16.2,16.4,93.7,259,253,0,0.1,99,0.4,0.4,16.5,15.6,12.2,1,0.1460846322013591,False,NORMAL,Normal environmental conditions,None,Continue monitoring environmental conditions.,LOW
2026-09-12 01:01:30+00:00,0.0,0,0.0,0.0,0.0,0,15.9,850.9,16.2,16.4,93.7,262,252,0,0.4,99,0.7,0.7,16.5,15.6,12.2,1,0.1395874798700329,False,NORMAL,Normal environmental conditions,None,Continue monitoring environmental conditions.,LOW
2026-09-12 01:16:38+00:00,0.0,0,0.0,0.0,0.0,0,15.9,850.9,16.2,16.3,93.7,260,253,0,0.8,111,1.5,1.5,16.4,15.6,12.2,1,0.1114783029309398,False,NORMAL,Normal environmental conditions,None,Continue monitoring environmental conditions.,LOW
2026-09-12 01:32:01+00:00,0.0,0,0.0,0.0,0.0,0,15.9,851.0,16.1,16.3,93.5,261,252,0,0.2,102,0.7,0.7,16.3,15.5,12.1,1,0.1421899008425484,False,NORMAL,Normal environmental conditions,None,Continue monitoring environmental conditions.,LOW
2026-09-12 01:47:09+00:00,0.0,0,0.0,0.0,0.0,0,15.9,851.3,16.1,16.3,92.6,261,253,0,0.2,100,0.7,0.7,16.3,15.4,12.1,1,0.1543257075777969,False,NORMAL,Normal environmental conditions,None,Continue monitoring environmental conditions.,LOW
2026-09-12 02:02:18+00:00,0.0,0,0.0,0.0,0.0,0,15.9,851.4,16.1,16.2,92.2,260,253,0,0.1,97,0.4,0.4,16.3,15.3,12.1,1,0.159801856129368,False,NORMAL,Normal environmental conditions,None,Continue monitoring environmental conditions.,LOW
2026-09-12 02:17:27+00:00,0.0,0,0.0,0.0,0.0,0,15.9,851.4,16.2,16.2,92.0,261,254,0,0.1,100,0.7,0.7,16.3,15.3,12.1,1,0.1565262674028679,False,NORMAL,Normal environmental conditions,None,Continue monitoring environmental conditions.,LOW
2026-09-12 02:32:36+00:00,0.0,0,0.0,0.0,0.0,0,16.0,851.4,16.2,16.3,91.0,260,254,0,0.1,173,0.4,0.4,16.4,15.3,12.2,1,0.155890781240136,False,NORMAL,Normal environmental conditions,None,Continue monitoring environmental conditions.,LOW
2026-09-12 02:48:04+00:00,0.0,0,0.0,0.0,0.0,0,16.0,851.6,16.3,16.4,89.7,260,253,0,1.0,162,2.0,2.0,16.4,15.2,12.2,1,0.1035832610783171,False,NORMAL,Normal environmental conditions,None,Continue monitoring environmental conditions.,LOW
2026-09-12 03:03:12+00:00,0.0,0,0.0,0.0,0.0,0,16.0,851.7,16.3,16.4,89.7,260,253,0,1.0,141,2.8,2.8,16.4,15.2,12.2,1,0.0759691075073032,False,NORMAL,Normal environmental conditions,None,Continue monitoring environmental conditions.,LOW
2026-09-12 03:18:21+00:00,0.0,0,0.0,0.0,0.0,0,16.0,851.9,16.2,16.3,90.0,261,257,0,0.6,198,1.1,1.1,16.4,15.2,12.2,1,0.1326667952329848,False,NORMAL,Normal environmental conditions,None,Continue monitoring environmental conditions.,LOW
2026-09-12 03:33:29+00:00,0.0,0,0.0,0.0,0.0,0,15.9,852.1,16.2,16.3,90.2,263,275,0,0.5,179,1.7,1.7,16.3,15.1,12.1,1,0.1286364560121976,False,NORMAL,Normal environmental conditions,None,Continue monitoring environmental conditions.,LOW
2026-09-12 03:48:37+00:00,0.0,0,0.0,0.1,0.0,0,15.7,852.4,16.1,16.1,91.0,266,330,0,0.8,99,1.5,1.5,16.2,15.1,12.0,1,0.1186373645002696,False,NORMAL,Normal environmental conditions,None,Continue monitoring environmental conditions.,LOW
2026-09-12 04:03:45+00:00,0.0,0,0.0,0.1,0.0,0,15.8,852.7,16.1,16.2,90.5,277,445,0,0.7,152,2.0,2.0,16.2,15.1,12.0,1,0.1058676870963918,False,NORMAL,Normal environmental conditions,None,Continue monitoring environmental conditions.,LOW
2026-09-12 04:19:07+00:00,0.0,0,0.0,0.2,0.0,0,16.0,852.8,16.2,16.4,89.2,285,520,0,0.3,100,0.7,0.7,16.4,15.1,12.2,1,0.1479665622282957,False,NORMAL,Normal environmental conditions,None,Continue monitoring environmental conditions.,LOW
2026-09-12 04:34:16+00:00,0.0,0,0.0,0.2,0.0,0,16.1,853.1,16.3,16.5,88.6,292,585,0,0.7,155,1.5,1.5,16.5,15.1,12.2,1,0.1166244915976829,False,NORMAL,Normal environmental conditions,None,Continue monitoring environmental conditions.,LOW
2026-09-12 04:49:24+00:00,0.0,0,0.0,0.3,0.0,0,16.5,853.4,16.6,16.9,87.2,317,881,0,0.9,179,1.5,1.5,16.9,15.4,12.6,1,0.1085320102823326,False,NORMAL,Normal environmental conditions,None,Continue monitoring environmental conditions.,LOW
2026-09-12 05:04:32+00:00,0.0,0,0.0,0.3,0.0,0,16.6,853.6,16.7,17.0,86.8,322,930,0,0.4,164,0.9,0.9,17.0,15.4,12.8,1,0.1353848691330053,False,NORMAL,Normal environmental conditions,None,Continue monitoring environmental conditions.,LOW
2026-09-12 05:19:40+00:00,0.0,0,0.0,0.4,0.0,0,17.0,853.7,17.1,17.4,85.6,324,947,0,0.0,164,0.0,0.0,17.4,15.7,13.2,1,0.1332490105896281,False,NORMAL,Normal environmental conditions,None,Continue monitoring environmental conditions.,LOW
2026-09-12 05:34:48+00:00,0.0,0,0.0,0.3,0.0,0,17.2,853.8,17.3,17.7,84.1,323,942,0,0.8,164,1.5,1.5,17.7,15.8,13.4,1,0.1278614327630149,False,NORMAL,Normal environmental conditions,None,Continue monitoring environmental conditions.,LOW
2026-09-12 05:50:10+00:00,0.0,0,0.0,0.3,0.0,0,17.3,853.9,17.5,17.8,84.3,317,887,0,0.4,164,1.3,1.3,17.8,15.9,13.5,1,0.1376482636364359,False,NORMAL,Normal environmental conditions,None,Continue monitoring environmental conditions.,LOW
2026-09-12 06:05:19+00:00,0.0,0,0.0,0.6,0.0,0,17.3,854.1,17.5,17.8,83.7,359,1327,0,0.3,94,0.7,0.7,17.8,15.8,13.5,1,0.1400154898243213,False,NORMAL,Normal environmental conditions,None,Continue monitoring environmental conditions.,LOW
2026-09-12 06:20:28+00:00,0.0,0,0.0,0.8,0.0,0,17.8,854.2,18.1,18.2,81.4,402,1823,0,0.2,99,0.7,0.7,18.2,16.0,13.9,1,0.1299610580700602,False,NORMAL,Normal environmental conditions,None,Continue monitoring environmental conditions.,LOW
2026-09-12 06:35:36+00:00,0.0,0,0.0,1.0,0.0,0,18.4,854.1,18.4,18.9,79.7,446,2293,0,0.2,99,0.7,0.7,18.9,16.4,14.5,1,0.124137891575319,False,NORMAL,Normal environmental conditions,None,Continue monitoring environmental conditions.,LOW
2026-09-12 06:51:05+00:00,0.0,0,0.0,0.9,0.0,0,18.7,854.0,19.0,19.3,77.1,416,1987,0,0.5,99,1.0,1.0,19.3,16.5,14.9,1,0.1295602034788478,False,NORMAL,Normal environmental conditions,None,Continue monitoring environmental conditions.,LOW
2026-09-12 07:06:13+00:00,0.0,0,0.0,0.9,0.0,0,20.0,853.9,19.9,20.3,73.9,424,2062,0,0.2,98,0.8,0.8,20.3,17.1,15.8,1,0.1228807567482884,False,NORMAL,Normal environmental conditions,None,Continue monitoring environmental conditions.,LOW
2026-09-12 07:21:22+00:00,0.0,0,0.0,0.9,0.0,0,19.6,853.8,19.6,20.2,73.2,427,2100,0,0.3,82,0.7,0.7,20.2,16.9,15.8,1,0.126695087720876,False,NORMAL,Normal environmental conditions,None,Continue monitoring environmental conditions.,LOW
2026-09-12 07:36:30+00:00,0.0,0,0.0,1.2,0.0,0,19.8,853.6,20.1,20.4,72.1,473,2585,0,0.7,172,1.1,1.1,20.4,16.9,15.9,1,0.1170276929778726,False,NORMAL,Normal environmental conditions,None,Continue monitoring environmental conditions.,LOW
2026-09-12 07:51:38+00:00,0.0,0,0.0,1.5,0.0,0,21.2,853.5,21.4,21.7,68.4,543,3349,0,0.1,108,0.4,0.4,21.7,17.6,17.1,1,0.0935599512201499,False,NORMAL,Normal environmental conditions,None,Continue monitoring environmental conditions.,LOW
2026-09-12 08:06:47+00:00,0.0,0,0.0,1.3,0.0,0,20.6,853.3,20.7,21.3,68.8,500,2893,0,0.2,65,0.7,0.7,21.2,17.3,16.7,1,0.1036289633399412,False,NORMAL,Normal environmental conditions,None,Continue monitoring environmental conditions.,LOW
2026-09-12 08:22:09+00:00,0.0,0,0.0,1.6,0.0,0,21.1,853.2,21.6,21.8,65.7,562,3563,0,0.5,166,1.1,1.1,21.8,17.4,17.1,1,0.1145129140032534,False,NORMAL,Normal environmental conditions,None,Continue monitoring environmental conditions.,LOW
2026-09-12 08:37:18+00:00,0.0,0,0.0,1.9,0.0,0,21.7,853.1,21.9,22.4,63.7,604,4009,0,0.2,166,0.7,0.7,22.4,17.7,17.6,1,0.099892792098178,False,NORMAL,Normal environmental conditions,None,Continue monitoring environmental conditions.,LOW
2026-09-12 08:52:26+00:00,0.0,0,0.0,1.9,0.0,0,23.1,852.8,23.2,23.9,59.0,604,4018,0,0.3,94,0.9,0.9,23.8,18.3,18.8,1,0.0766032288965363,False,NORMAL,Normal environmental conditions,None,Continue monitoring environmental conditions.,LOW
2026-09-12 09:08:18+00:00,0.0,0,0.0,1.8,0.0,0,23.0,852.4,23.2,23.7,57.2,599,3977,0,0.5,54,0.9,0.9,23.6,17.9,18.7,1,0.0745653693556935,False,NORMAL,Normal environmental conditions,None,Continue monitoring environmental conditions.,LOW
2026-09-12 09:23:18+00:00,0.0,0,0.0,2.0,0.0,0,24.0,852.2,23.4,23.7,57.0,636,4350,0,0.1,16,0.7,0.7,23.6,17.9,18.7,1,0.0505921781400275,False,NORMAL,Normal environmental conditions,None,Continue monitoring environmental conditions.,LOW
2026-09-12 09:38:27+00:00,0.0,0,0.0,1.8,0.0,0,24.0,852.0,23.6,24.3,54.9,591,3870,0,0.8,89,1.5,1.5,24.2,18.1,19.2,1,0.0916556714868931,False,NORMAL,Normal environmental conditions,None,Continue monitoring environmental conditions.,LOW
2026-09-12 09:53:35+00:00,0.0,0,0.0,1.9,0.0,0,25.1,851.7,25.0,25.4,50.3,610,4063,0,0.4,18,1.3,1.3,25.4,18.4,20.1,1,0.058401538665048,False,NORMAL,Normal environmental conditions,None,Continue monitoring environmental conditions.,LOW
2026-09-12 10:08:44+00:00,0.0,0,0.0,0.9,0.0,0,23.6,851.5,23.6,23.6,55.5,422,1993,0,0.7,18,1.1,1.1,23.5,17.6,18.6,1,0.0889106666691844,False,NORMAL,Normal environmental conditions,None,Continue monitoring environmental conditions.,LOW
2026-09-12 10:23:53+00:00,0.0,0,0.0,0.7,0.0,0,23.3,851.3,23.4,23.3,56.4,381,1540,0,0.0,18,0.4,0.4,23.2,17.4,18.3,1,0.0782518921923239,False,NORMAL,Normal environmental conditions,None,Continue monitoring environmental conditions.,LOW
2026-09-12 10:39:15+00:00,0.0,0,0.0,0.6,0.0,0,22.6,850.9,23.1,23.2,56.4,372,1469,0,0.6,181,0.9,0.9,23.2,17.4,18.3,1,0.116355973153391,False,NORMAL,Normal environmental conditions,None,Continue monitoring environmental conditions.,LOW
2026-09-12 10:54:23+00:00,0.0,0,0.0,0.9,0.0,0,23.2,850.7,23.4,23.7,56.6,428,2068,0,0.1,77,0.4,0.4,23.7,17.9,18.7,1,0.09344906723876,False,NORMAL,Normal environmental conditions,None,Continue monitoring environmental conditions.,LOW
2026-09-12 11:10:18+00:00,0.0,0,0.0,0.9,0.0,0,22.9,850.4,22.9,23.6,56.2,423,2045,0,0.1,101,0.4,0.4,23.5,17.7,18.6,1,0.1030866806121554,False,NORMAL,Normal environmental conditions,None,Continue monitoring environmental conditions.,LOW
2026-09-12 11:25:26+00:00,0.0,0,0.0,1.1,0.0,0,23.0,850.3,23.4,23.4,57.4,462,2483,0,0.2,103,0.7,0.7,23.4,17.7,18.5,1,0.1029158373630588,False,NORMAL,Normal environmental conditions,None,Continue monitoring environmental conditions.,LOW
2026-09-12 11:40:35+00:00,0.0,0,0.0,1.4,0.0,0,22.9,850.1,23.2,23.5,57.2,524,3110,0,0.3,190,0.7,0.7,23.4,17.7,18.5,1,0.0915491572705736,False,NORMAL,Normal environmental conditions,None,Continue monitoring environmental conditions.,LOW
2026-09-12 11:55:43+00:00,0.0,0,0.0,2.9,0.0,0,23.3,849.9,23.9,23.9,57.8,795,6270,0,0.6,171,1.3,1.3,23.9,18.2,18.9,1,0.0603287263126095,False,NORMAL,Normal environmental conditions,None,Continue monitoring environmental conditions.,LOW
2026-09-12 12:10:53+00:00,0.0,0,0.0,2.0,0.0,0,24.9,849.8,25.2,25.6,51.3,636,4420,0,1.7,167,3.3,3.3,25.6,18.7,20.2,-1,-0.0063004026622839,True,NORMAL,Heat and dryness anomaly,"Above-normal heat conditions, Below-normal humidity, Elevated wind gust",Monitor heat conditions. Monitor exposed areas and unsecured infrastructure.,HIGH
2026-09-12 12:26:21+00:00,0.0,0,0.0,2.7,0.0,0,23.7,849.5,24.1,24.3,55.0,757,5955,0,1.1,166,3.3,3.3,24.3,18.1,19.2,1,0.0214420017438258,False,NORMAL,Normal environmental conditions,None,Continue monitoring environmental conditions.,LOW
2026-09-12 12:41:24+00:00,0.0,0,0.0,1.4,0.0,0,24.7,849.5,25.0,25.4,51.2,520,3046,0,0.6,119,1.3,1.3,25.4,18.5,20.0,1,0.0872480676051255,False,NORMAL,Normal environmental conditions,None,Continue monitoring environmental conditions.,LOW
2026-09-12 12:56:48+00:00,0.0,0,0.0,1.1,0.0,0,23.2,849.4,23.5,23.7,54.8,462,2462,0,0.4,176,1.5,1.5,23.7,17.6,18.7,1,0.1037355770940133,False,NORMAL,Normal environmental conditions,None,Continue monitoring environmental conditions.,LOW
2026-09-12 13:11:57+00:00,0.0,0,0.0,1.0,0.0,0,23.9,849.2,24.2,24.5,55.0,439,2226,0,1.0,179,3.3,3.3,24.5,18.4,19.4,1,0.0495894883749273,False,NORMAL,Normal environmental conditions,None,Continue monitoring environmental conditions.,LOW
2026-09-12 13:27:06+00:00,0.0,0,0.0,0.6,0.0,0,22.9,849.2,23.2,23.5,58.1,365,1414,0,0.7,217,1.5,1.5,23.5,17.9,18.5,1,0.0928139759003172,False,NORMAL,Normal environmental conditions,None,Continue monitoring environmental conditions.,LOW
2026-09-12 13:42:08+00:00,0.0,0,0.0,0.7,0.0,0,22.6,849.3,22.8,23.2,59.4,381,1608,0,0.9,108,2.6,2.6,23.1,17.8,18.3,1,0.0871090264926921,False,NORMAL,Normal environmental conditions,None,Continue monitoring environmental conditions.,LOW
2026-09-12 13:57:58+00:00,0.0,0,0.0,0.5,0.0,0,22.2,849.2,22.4,22.7,60.8,347,1169,0,0.3,111,1.1,1.1,22.6,17.5,17.8,1,0.1170629605621297,False,NORMAL,Normal environmental conditions,None,Continue monitoring environmental conditions.,LOW
2026-09-12 14:13:07+00:00,0.0,0,0.0,0.5,0.0,0,22.3,849.2,22.6,22.8,60.5,353,1285,0,0.6,169,1.1,1.1,22.7,17.6,17.9,1,0.1136343725199816,False,NORMAL,Normal environmental conditions,None,Continue monitoring environmental conditions.,LOW
2026-09-12 14:28:15+00:00,0.0,0,0.0,0.4,0.0,0,22.0,849.2,22.2,22.5,60.9,330,1057,0,1.2,132,2.6,2.6,22.5,17.4,17.7,1,0.0901665459591423,False,NORMAL,Normal environmental conditions,None,Continue monitoring environmental conditions.,LOW
2026-09-12 14:43:24+00:00,0.0,0,0.0,0.2,0.0,0,21.9,849.3,22.1,22.4,61.1,302,738,0,0.9,109,2.4,2.4,22.3,17.3,17.6,1,0.1031588926378707,False,NORMAL,Normal environmental conditions,None,Continue monitoring environmental conditions.,LOW
2026-09-12 14:58:54+00:00,0.0,0,0.0,0.1,0.0,0,21.8,849.4,22.0,22.2,61.1,275,414,0,0.0,105,0.2,0.2,22.2,17.2,17.4,1,0.0981317728934832,False,NORMAL,Normal environmental conditions,None,Continue monitoring environmental conditions.,LOW
2026-09-12 15:14:03+00:00,0.0,0,0.0,0.0,0.0,0,21.6,849.7,21.8,22.0,60.7,265,292,0,0.2,85,1.3,1.3,21.9,16.9,17.3,1,0.1230580499689587,False,NORMAL,Normal environmental conditions,None,Continue monitoring environmental conditions.,LOW
2026-09-12 15:30:00+00:00,0.0,0,0.0,0.0,0.0,0,21.5,849.8,21.7,21.9,61.4,261,256,0,0.1,45,0.8,0.8,21.8,16.9,17.1,1,0.1068791377198405,False,NORMAL,Normal environmental conditions,None,Continue monitoring environmental conditions.,LOW
2026-09-12 15:45:09+00:00,0.0,0,0.0,0.0,0.0,0,21.4,849.9,21.6,21.8,61.5,260,253,0,0.6,134,1.5,1.5,21.7,16.8,17.0,1,0.1365236959972871,False,NORMAL,Normal environmental conditions,None,Continue monitoring environmental conditions.,LOW
2026-09-12 16:01:06+00:00,0.0,0,0.0,0.0,0.0,0,21.2,850.0,21.4,21.6,61.7,259,254,0,0.5,111,1.1,1.1,21.5,16.7,16.9,1,0.1357230193538263,False,NORMAL,Normal environmental conditions,None,Continue monitoring environmental conditions.,LOW
2026-09-12 16:16:15+00:00,0.0,0,0.0,0.0,0.0,0,21.1,850.2,21.2,21.4,62.8,260,254,0,0.1,112,0.7,0.7,21.3,16.6,16.7,1,0.1350535648880032,False,NORMAL,Normal environmental conditions,None,Continue monitoring environmental conditions.,LOW
2026-09-12 16:31:25+00:00,0.0,0,0.0,0.0,0.0,0,20.9,850.3,21.1,21.3,64.1,259,252,0,0.1,107,0.4,0.4,21.2,16.7,16.6,1,0.1306286267766299,False,NORMAL,Normal environmental conditions,None,Continue monitoring environmental conditions.,LOW
2026-09-12 16:46:34+00:00,0.0,0,0.0,0.0,0.0,0,20.7,850.7,20.9,21.1,64.6,260,254,0,0.2,103,0.7,0.7,21.0,16.6,16.4,1,0.1463387514227511,False,NORMAL,Normal environmental conditions,None,Continue monitoring environmental conditions.,LOW
2026-09-12 17:02:01+00:00,0.0,0,0.0,0.0,0.0,0,20.5,850.8,20.8,20.9,64.8,260,253,0,0.5,162,1.7,1.7,20.9,16.5,16.3,1,0.1455283571729054,False,NORMAL,Normal environmental conditions,None,Continue monitoring environmental conditions.,LOW
2026-09-12 17:17:11+00:00,0.0,0,0.0,0.0,0.0,0,20.4,850.8,20.6,20.8,65.2,262,253,0,0.3,109,0.9,0.9,20.7,16.4,16.2,1,0.1492846920901526,False,NORMAL,Normal environmental conditions,None,Continue monitoring environmental conditions.,LOW
2026-09-12 17:32:20+00:00,0.0,0,0.0,0.0,0.0,0,20.4,850.9,20.6,20.8,65.5,261,253,0,0.1,102,0.5,0.5,20.7,16.4,16.2,1,0.1468929548450837,False,NORMAL,Normal environmental conditions,None,Continue monitoring environmental conditions.,LOW
2026-09-12 17:47:30+00:00,0.0,0,0.0,0.0,0.0,0,20.3,851.1,20.4,20.7,65.9,259,253,0,0.5,111,2.0,2.0,20.6,16.4,16.1,1,0.1452164990867973,False,NORMAL,Normal environmental conditions,None,Continue monitoring environmental conditions.,LOW
2026-09-12 18:02:40+00:00,0.0,0,0.0,0.0,0.0,0,20.3,851.2,20.4,20.6,66.5,260,253,0,0.8,109,2.4,2.4,20.6,16.4,16.1,1,0.128095369571584,False,NORMAL,Normal environmental conditions,None,Continue monitoring environmental conditions.,LOW
2026-09-12 18:18:05+00:00,0.0,0,0.0,0.0,0.0,0,20.1,851.3,20.2,20.5,67.6,259,253,0,0.9,85,1.5,1.5,20.4,16.4,15.9,1,0.1431411812380552,False,NORMAL,Normal environmental conditions,None,Continue monitoring environmental conditions.,LOW
2026-09-12 18:33:22+00:00,0.0,0,0.0,0.0,0.0,0,20.0,851.5,20.1,20.3,68.3,262,254,0,0.1,102,0.7,0.7,20.3,16.4,15.8,1,0.1499162829186419,False,NORMAL,Normal environmental conditions,None,Continue monitoring environmental conditions.,LOW
2026-09-12 18:48:31+00:00,0.0,0,0.0,0.0,0.0,0,19.8,851.6,19.9,20.2,69.2,261,252,0,0.1,98,0.4,0.4,20.2,16.4,15.7,1,0.1498896018212033,False,NORMAL,Normal environmental conditions,None,Continue monitoring environmental conditions.,LOW
2026-09-12 19:04:14+00:00,0.0,0,0.0,0.0,0.0,0,19.6,851.7,19.8,20.0,70.9,261,254,0,0.4,104,1.5,1.5,19.9,16.4,15.5,1,0.152221468171602,False,NORMAL,Normal environmental conditions,None,Continue monitoring environmental conditions.,LOW
2026-09-12 19:19:23+00:00,0.0,0,0.0,0.0,0.0,0,19.5,852.0,19.6,19.9,71.8,260,254,0,0.2,100,0.7,0.7,19.8,16.4,15.4,1,0.1573220447816422,False,NORMAL,Normal environmental conditions,None,Continue monitoring environmental conditions.,LOW
2026-09-12 19:34:33+00:00,0.0,0,0.0,0.0,0.0,0,19.4,852.1,19.6,19.8,72.8,261,253,0,0.1,104,0.4,0.4,19.7,16.4,15.3,1,0.1541141025104805,False,NORMAL,Normal environmental conditions,None,Continue monitoring environmental conditions.,LOW
2026-09-12 19:49:59+00:00,0.0,0,0.0,0.0,0.0,0,19.2,852.2,19.3,19.6,73.9,261,253,0,0.4,186,0.9,0.9,19.6,16.4,15.2,1,0.1519304054543999,False,NORMAL,Normal environmental conditions,None,Continue monitoring environmental conditions.,LOW
2026-09-12 20:05:09+00:00,0.0,0,0.0,0.0,0.0,0,19.1,852.2,19.2,19.5,75.0,260,253,0,0.2,141,0.9,0.9,19.5,16.4,15.1,1,0.1640374404968498,False,NORMAL,Normal environmental conditions,None,Continue monitoring environmental conditions.,LOW
2026-09-12 20:20:18+00:00,0.0,0,0.0,0.0,0.0,0,19.0,852.1,19.1,19.4,75.6,262,253,0,0.7,10,1.5,1.5,19.4,16.4,15.0,1,0.1246768460071442,False,NORMAL,Normal environmental conditions,None,Continue monitoring environmental conditions.,LOW
2026-09-12 20:35:28+00:00,0.0,0,0.0,0.0,0.0,0,18.7,852.0,18.9,19.1,77.0,261,253,0,0.6,10,1.3,1.3,19.1,16.3,14.8,1,0.1282510817065479,False,NORMAL,Normal environmental conditions,None,Continue monitoring environmental conditions.,LOW
2026-09-12 20:50:37+00:00,0.0,0,0.0,0.0,0.0,0,18.7,851.9,18.8,19.1,76.3,261,253,0,0.0,11,0.0,0.0,19.1,16.2,14.7,1,0.1203464506819848,False,NORMAL,Normal environmental conditions,None,Continue monitoring environmental conditions.,LOW
2026-09-12 21:06:02+00:00,0.0,0,0.0,0.0,0.0,0,18.5,851.7,18.6,18.9,77.3,261,254,0,0.3,10,1.1,1.1,18.9,16.2,14.6,1,0.1329015619812709,False,NORMAL,Normal environmental conditions,None,Continue monitoring environmental conditions.,LOW
2026-09-12 21:21:11+00:00,0.0,0,0.0,0.0,0.0,0,18.4,851.6,18.6,18.8,78.0,260,254,0,0.6,103,1.1,1.1,18.8,16.1,14.5,1,0.1604428239264455,False,NORMAL,Normal environmental conditions,None,Continue monitoring environmental conditions.,LOW
2026-09-12 21:36:20+00:00,0.0,0,0.0,0.0,0.0,0,18.3,851.4,18.5,18.7,78.9,260,254,0,0.3,103,1.1,1.1,18.7,16.2,14.4,1,0.1625869668949966,False,NORMAL,Normal environmental conditions,None,Continue monitoring environmental conditions.,LOW
2026-09-12 21:51:29+00:00,0.0,0,0.0,0.0,0.0,0,18.1,851.3,18.2,18.6,80.0,260,254,0,0.6,75,0.9,0.9,18.6,16.1,14.2,1,0.1556593674750522,False,NORMAL,Normal environmental conditions,None,Continue monitoring environmental conditions.,LOW
2026-09-12 22:06:37+00:00,0.0,0,0.0,0.0,0.0,0,18.0,851.1,18.1,18.5,81.7,262,254,0,1.4,77,2.2,2.2,18.5,16.2,14.2,1,0.0969911543174473,False,NORMAL,Normal environmental conditions,None,Continue monitoring environmental conditions.,LOW
2026-09-12 22:22:05+00:00,0.0,0,0.0,0.0,0.0,0,17.9,850.9,18.0,18.3,82.8,260,254,0,0.5,109,1.5,1.5,18.3,16.2,14.0,1,0.152528980338591,False,NORMAL,Normal environmental conditions,None,Continue monitoring environmental conditions.,LOW
2026-09-12 22:37:13+00:00,0.0,0,0.0,0.0,0.0,0,17.6,850.7,17.8,18.0,83.7,260,253,0,0.2,179,0.7,0.7,18.0,16.0,13.7,1,0.1574172071033099,False,NORMAL,Normal environmental conditions,None,Continue monitoring environmental conditions.,LOW
2026-09-12 22:52:23+00:00,0.0,0,0.0,0.0,0.0,0,17.4,850.6,17.6,17.9,83.9,261,254,0,0.6,103,1.5,1.5,17.9,15.9,13.6,1,0.1522590976835038,False,NORMAL,Normal environmental conditions,None,Continue monitoring environmental conditions.,LOW
2026-09-12 23:07:32+00:00,0.0,0,0.0,0.0,0.0,0,17.4,850.6,17.5,17.8,83.7,262,254,0,0.5,103,1.1,1.1,17.8,15.8,13.5,1,0.1590136721959666,False,NORMAL,Normal environmental conditions,None,Continue monitoring environmental conditions.,LOW
2026-09-12 23:22:41+00:00,0.0,0,0.0,0.0,0.0,0,17.3,850.3,17.4,17.7,83.7,261,252,0,0.8,115,2.0,2.0,17.7,15.8,13.5,1,0.1310506662907218,False,NORMAL,Normal environmental conditions,None,Continue monitoring environmental conditions.,LOW
2026-09-12 23:38:09+00:00,0.0,0,0.0,0.0,0.0,0,17.3,850.2,17.4,17.7,83.8,261,253,0,0.3,105,0.9,0.9,17.7,15.8,13.4,1,0.1494706064525462,False,NORMAL,Normal environmental conditions,None,Continue monitoring environmental conditions.,LOW
2026-09-12 23:53:19+00:00,0.0,0,0.0,0.0,0.0,0,17.3,850.2,17.4,17.7,83.9,260,253,0,0.2,106,0.7,0.7,17.7,15.8,13.4,1,0.1516922206388488,False,NORMAL,Normal environmental conditions,None,Continue monitoring environmental conditions.,LOW
2026-09-13 00:00:22+00:00,0.0,0,0.0,0.0,0.0,0,17.2,850.1,17.4,17.6,83.9,261,254,0,0.0,106,0.2,0.2,17.6,15.7,13.4,1,0.1430235455628673,False,NORMAL,Normal environmental conditions,None,Continue monitoring environmental conditions.,LOW
2026-09-13 00:15:32+00:00,0.0,0,0.0,0.0,0.0,0,17.2,850.0,17.3,17.6,84.4,259,253,0,0.0,106,0.2,0.2,17.6,15.7,13.3,1,0.1386648635299418,False,NORMAL,Normal environmental conditions,None,Continue monitoring environmental conditions.,LOW
2026-09-13 00:30:41+00:00,0.0,0,0.0,0.0,0.0,0,17.0,849.9,17.2,17.4,85.0,259,254,0,0.0,106,0.2,0.2,17.4,15.6,13.2,1,0.1419826544359753,False,NORMAL,Normal environmental conditions,None,Continue monitoring environmental conditions.,LOW
2026-09-13 00:45:51+00:00,0.0,0,0.0,0.0,0.0,0,16.8,850.0,16.9,17.3,86.1,261,254,0,0.3,106,0.9,0.9,17.3,15.6,13.0,1,0.145709850976866,False,NORMAL,Normal environmental conditions,None,Continue monitoring environmental conditions.,LOW
2026-09-13 01:01:23+00:00,0.0,0,0.0,0.0,0.0,0,16.9,850.0,17.0,17.3,86.3,261,252,0,0.8,106,1.7,1.7,17.3,15.7,13.1,1,0.1293441511573617,False,NORMAL,Normal environmental conditions,None,Continue monitoring environmental conditions.,LOW
2026-09-13 01:16:32+00:00,0.0,0,0.0,0.0,0.0,0,17.0,850.0,17.1,17.4,86.0,261,254,0,0.0,106,0.0,0.0,17.4,15.8,13.2,1,0.1414701060470863,False,NORMAL,Normal environmental conditions,None,Continue monitoring environmental conditions.,LOW
2026-09-13 01:31:42+00:00,0.0,0,0.0,0.0,0.0,0,17.0,850.2,17.1,17.4,86.2,258,254,0,0.0,104,0.0,0.0,17.4,15.7,13.1,1,0.1456251856066061,False,NORMAL,Normal environmental conditions,None,Continue monitoring environmental conditions.,LOW
2026-09-13 01:46:51+00:00,0.0,0,0.0,0.0,0.0,0,16.9,850.2,17.0,17.3,86.7,261,254,0,0.3,104,0.7,0.7,17.3,15.7,13.1,1,0.1503080244477442,False,NORMAL,Normal environmental conditions,None,Continue monitoring environmental conditions.,LOW
2026-09-13 02:02:18+00:00,0.0,0,0.0,0.0,0.0,0,16.9,850.5,17.1,17.3,87.1,261,253,0,0.0,104,0.0,0.0,17.3,15.8,13.1,1,0.1595428267778139,False,NORMAL,Normal environmental conditions,None,Continue monitoring environmental conditions.,LOW
2026-09-13 02:17:27+00:00,0.0,0,0.0,0.0,0.0,0,16.9,850.6,17.0,17.2,87.4,261,254,0,0.0,104,0.0,0.0,17.3,15.7,13.0,1,0.157006132122686,False,NORMAL,Normal environmental conditions,None,Continue monitoring environmental conditions.,LOW
2026-09-13 02:32:37+00:00,0.0,0,0.0,0.0,0.0,0,16.8,850.9,16.9,17.2,87.9,260,253,0,0.0,104,0.0,0.0,17.3,15.8,13.0,1,0.1658343666804468,False,NORMAL,Normal environmental conditions,None,Continue monitoring environmental conditions.,LOW
2026-09-13 02:47:45+00:00,0.0,0,0.0,0.0,0.0,0,16.8,850.9,17.0,17.2,88.4,260,254,0,0.0,104,0.0,0.0,17.3,15.8,13.0,1,0.16494230495657,False,NORMAL,Normal environmental conditions,None,Continue monitoring environmental conditions.,LOW
2026-09-13 03:02:54+00:00,0.0,0,0.0,0.0,0.0,0,16.8,851.0,16.9,17.2,88.9,261,254,0,0.2,104,0.7,0.7,17.3,15.9,13.0,1,0.166378174237032,False,NORMAL,Normal environmental conditions,None,Continue monitoring environmental conditions.,LOW
2026-09-13 03:18:21+00:00,0.0,0,0.0,0.0,0.0,0,16.7,851.3,16.8,17.1,89.3,261,258,0,0.0,104,0.2,0.2,17.1,15.8,12.9,1,0.1696667637891338,False,NORMAL,Normal environmental conditions,None,Continue monitoring environmental conditions.,LOW
2026-09-13 03:33:30+00:00,0.0,0,0.0,0.0,0.0,0,16.6,851.5,16.8,17.0,89.7,265,298,0,0.0,104,0.0,0.0,17.1,15.8,12.8,1,0.1627426387254902,False,NORMAL,Normal environmental conditions,None,Continue monitoring environmental conditions.,LOW
2026-09-13 03:48:40+00:00,0.0,0,0.0,0.1,0.0,0,16.6,851.6,16.7,17.0,89.9,273,372,0,0.0,104,0.2,0.2,17.0,15.8,12.8,1,0.1618765022959053,False,NORMAL,Normal environmental conditions,None,Continue monitoring environmental conditions.,LOW
2026-09-13 04:03:50+00:00,0.0,0,0.0,0.1,0.0,0,16.6,851.9,16.7,16.9,88.9,270,328,0,0.0,104,0.0,0.0,17.0,15.6,12.7,1,0.1644201464519702,False,NORMAL,Normal environmental conditions,None,Continue monitoring environmental conditions.,LOW
2026-09-13 04:19:18+00:00,0.0,0,0.0,0.2,0.0,0,16.6,852.1,16.8,17.0,88.2,291,576,0,0.0,104,0.0,0.0,17.1,15.6,12.8,1,0.1557820543212039,False,NORMAL,Normal environmental conditions,None,Continue monitoring environmental conditions.,LOW
2026-09-13 04:34:27+00:00,0.0,0,0.0,0.2,0.0,0,16.9,852.3,17.0,17.3,86.7,303,725,0,1.2,104,1.6,1.6,17.3,15.7,13.1,1,0.1112247937059374,False,NORMAL,Normal environmental conditions,None,Continue monitoring environmental conditions.,LOW
2026-09-13 04:49:36+00:00,0.0,0,0.0,0.3,0.0,0,17.1,852.5,17.3,17.5,86.3,323,946,0,0.1,104,0.5,0.5,17.6,15.9,13.3,1,0.1549586323856632,False,NORMAL,Normal environmental conditions,None,Continue monitoring environmental conditions.,LOW
2026-09-13 05:04:45+00:00,0.0,0,0.0,0.4,0.0,0,17.4,852.6,17.6,17.9,84.6,338,1105,0,0.0,104,0.4,0.4,17.9,16.0,13.6,1,0.1450246523653701,False,NORMAL,Normal environmental conditions,None,Continue monitoring environmental conditions.,LOW
2026-09-13 05:19:53+00:00,0.0,0,0.0,0.6,0.0,0,17.5,852.7,17.7,18.0,83.8,360,1367,0,0.8,104,1.6,1.6,18.0,16.0,13.7,1,0.1259001238923628,False,NORMAL,Normal environmental conditions,None,Continue monitoring environmental conditions.,LOW
2026-09-13 05:35:21+00:00,0.0,0,0.0,0.6,0.0,0,18.2,852.9,18.4,18.7,81.7,374,1525,0,0.0,104,0.0,0.0,18.7,16.5,14.4,1,0.130727943888237,False,NORMAL,Normal environmental conditions,None,Continue monitoring environmental conditions.,LOW
2026-09-13 05:50:30+00:00,0.0,0,0.0,0.6,0.0,0,18.2,853.1,18.4,18.7,80.6,378,1549,0,0.0,96,0.2,0.2,18.7,16.3,14.4,1,0.1355464454718724,False,NORMAL,Normal environmental conditions,None,Continue monitoring environmental conditions.,LOW
2026-09-13 06:05:39+00:00,0.0,0,0.0,0.7,0.0,0,18.7,853.2,18.9,19.2,78.2,392,1720,0,0.7,104,1.3,1.3,19.2,16.6,14.9,1,0.131353467596326,False,NORMAL,Normal environmental conditions,None,Continue monitoring environmental conditions.,LOW
2026-09-13 06:20:48+00:00,0.0,0,0.0,0.9,0.0,0,18.7,853.3,19.1,19.3,77.1,419,2010,0,0.4,193,1.3,1.3,19.3,16.5,14.9,1,0.1196191887343278,False,NORMAL,Normal environmental conditions,None,Continue monitoring environmental conditions.,LOW
2026-09-13 06:35:57+00:00,0.0,0,0.0,0.6,0.0,0,18.9,853.3,19.3,19.4,76.7,373,1396,0,0.7,181,1.7,1.7,19.4,16.5,15.0,1,0.1259316290145473,False,NORMAL,Normal environmental conditions,None,Continue monitoring environmental conditions.,LOW
2026-09-13 06:51:23+00:00,0.0,0,0.0,2.7,0.0,0,20.7,853.2,21.0,20.8,73.4,761,5786,0,0.1,104,0.9,0.9,20.9,17.5,16.3,1,0.0433570957080112,False,NORMAL,Normal environmental conditions,None,Continue monitoring environmental conditions.,LOW
2026-09-13 07:06:32+00:00,0.0,0,0.0,3.2,0.0,0,22.7,853.2,22.9,22.8,65.0,850,6800,0,1.3,96,2.4,2.4,22.8,18.2,18.0,1,0.0199357010897787,False,NORMAL,Normal environmental conditions,None,Continue monitoring environmental conditions.,LOW
2026-09-13 07:21:40+00:00,0.0,0,0.0,3.4,0.0,0,23.1,853.1,23.4,23.5,62.6,888,7182,0,0.7,20,1.3,1.3,23.5,18.5,18.6,1,0.0149244832193177,False,NORMAL,Normal environmental conditions,None,Continue monitoring environmental conditions.,LOW
2026-09-13 07:36:49+00:00,0.0,0,0.0,3.7,0.0,0,23.8,852.9,23.9,24.3,59.9,943,7821,0,0.3,65,1.3,1.3,24.4,18.9,19.3,1,0.0100857814665232,False,NORMAL,Normal environmental conditions,None,Continue monitoring environmental conditions.,LOW
2026-09-13 07:52:01+00:00,0.0,0,0.0,4.1,0.0,0,23.1,852.7,23.8,24.0,60.3,1017,8810,0,0.1,141,1.1,1.1,24.0,18.6,19.0,1,0.006968195683079,False,NORMAL,Normal environmental conditions,None,Continue monitoring environmental conditions.,LOW
2026-09-13 08:07:26+00:00,0.0,0,0.0,0.7,0.0,0,22.1,852.7,22.1,21.9,65.4,394,1762,0,0.5,321,1.3,1.3,21.9,17.4,17.2,1,0.0918886719432888,False,NORMAL,Normal environmental conditions,None,Continue monitoring environmental conditions.,LOW
2026-09-13 08:22:34+00:00,0.0,0,0.0,0.9,0.0,0,21.7,852.7,21.8,21.6,66.3,431,2147,0,1.0,271,1.3,1.3,21.6,17.3,17.0,1,0.0908684807299671,False,NORMAL,Normal environmental conditions,None,Continue monitoring environmental conditions.,LOW
2026-09-13 08:37:43+00:00,0.0,0,0.0,1.5,0.0,0,23.4,852.5,23.2,23.4,60.3,534,3231,0,0.3,330,0.9,0.9,23.4,18.1,18.5,1,0.0596605888842133,False,NORMAL,Normal environmental conditions,None,Continue monitoring environmental conditions.,LOW
2026-09-13 08:52:52+00:00,0.0,0,0.0,1.4,0.0,0,23.4,852.2,23.4,23.4,60.7,522,3129,0,0.0,19,0.2,0.2,23.4,18.2,18.5,1,0.0523410087917181,False,NORMAL,Normal environmental conditions,None,Continue monitoring environmental conditions.,LOW
2026-09-13 09:08:36+00:00,0.0,0,0.0,1.8,0.0,0,23.9,852.1,24.3,23.6,58.8,591,3818,0,1.9,263,3.3,3.3,23.6,18.1,18.6,-1,-0.0147134101310413,True,NORMAL,Wind anomaly,Elevated wind gust,Monitor exposed areas and unsecured infrastructure.,MEDIUM
2026-09-13 09:23:44+00:00,0.0,0,0.0,1.9,0.0,0,24.4,851.9,24.4,24.6,57.1,618,4166,0,0.1,201,0.4,0.4,24.6,18.7,19.4,1,0.050109618977207,False,NORMAL,Normal environmental conditions,None,Continue monitoring environmental conditions.,LOW
2026-09-13 09:38:53+00:00,0.0,0,0.0,1.7,0.0,0,24.7,851.7,24.7,25.4,54.0,582,3747,0,0.5,96,1.1,1.1,25.4,19.0,20.1,1,0.0680144484532566,False,NORMAL,Normal environmental conditions,None,Continue monitoring environmental conditions.,LOW
2026-09-13 09:54:02+00:00,0.0,0,0.0,3.1,0.0,0,24.6,851.4,25.2,25.3,54.3,828,6418,0,0.3,186,0.9,0.9,25.3,18.9,20.0,1,0.0319599913374083,False,NORMAL,Normal environmental conditions,None,Continue monitoring environmental conditions.,LOW
2026-09-13 10:09:11+00:00,0.0,0,0.0,2.6,0.0,0,24.8,851.0,24.8,25.7,52.8,744,5392,0,1.5,98,2.4,2.4,25.7,19.1,20.3,1,0.0275722604197448,False,NORMAL,Normal environmental conditions,None,Continue monitoring environmental conditions.,LOW
2026-09-13 10:24:32+00:00,0.0,0,0.0,1.4,0.0,0,26.2,850.8,26.2,27.0,50.0,515,2924,0,0.6,94,1.1,1.1,27.4,19.7,21.6,1,0.0186015768294142,False,NORMAL,Normal environmental conditions,None,Continue monitoring environmental conditions.,LOW
2026-09-13 10:39:42+00:00,0.0,0,0.0,1.8,0.0,0,25.4,850.5,25.6,26.0,52.4,598,3879,0,0.9,81,2.0,2.0,26.0,19.2,20.5,1,0.0533725593530401,False,NORMAL,Normal environmental conditions,None,Continue monitoring environmental conditions.,LOW
2026-09-13 10:54:51+00:00,0.0,0,0.0,1.3,0.0,0,25.6,850.2,26.1,26.3,51.5,497,2844,0,0.2,148,0.9,0.9,26.3,19.3,20.8,1,0.0533407587745468,False,NORMAL,Normal environmental conditions,None,Continue monitoring environmental conditions.,LOW
2026-09-13 11:10:00+00:00,0.0,0,0.0,1.6,0.0,0,26.0,850.0,26.2,26.8,50.7,552,3421,0,0.6,73,1.8,1.8,27.3,19.7,21.5,1,0.0203871119849518,False,NORMAL,Normal environmental conditions,None,Continue monitoring environmental conditions.,LOW
2026-09-13 11:25:09+00:00,0.0,0,0.0,1.3,0.0,0,25.6,849.8,26.0,26.6,50.0,495,2774,0,0.8,119,1.5,1.5,26.6,19.3,21.0,1,0.056763744818538,False,NORMAL,Normal environmental conditions,None,Continue monitoring environmental conditions.,LOW
2026-09-13 11:40:16+00:00,0.0,0,0.0,1.0,0.0,0,25.2,849.6,25.2,25.8,52.0,439,2196,0,1.1,85,2.0,2.0,25.8,19.0,20.4,1,0.0658875311725833,False,NORMAL,Normal environmental conditions,None,Continue monitoring environmental conditions.,LOW
2026-09-13 11:56:02+00:00,0.0,0,0.0,0.8,0.0,0,25.2,849.4,25.3,25.8,52.0,411,1837,0,0.9,86,1.7,1.7,25.8,19.0,20.4,1,0.0745601916264822,False,NORMAL,Normal environmental conditions,None,Continue monitoring environmental conditions.,LOW
2026-09-13 12:11:10+00:00,0.0,0,0.0,2.5,0.0,0,26.1,849.2,26.3,26.8,49.8,717,5342,0,2.0,70,3.9,3.9,27.2,19.5,21.4,-1,-0.0552620754865681,True,WARNING,Heat and dryness anomaly,"Elevated heat conditions, Below-normal humidity, Elevated wind gust, Unusually high temperature",Monitor heat exposure and maintain hydration. Monitor exposed areas and unsecured infrastructure.,HIGH
2026-09-13 12:26:19+00:00,0.0,0,0.0,1.2,0.0,0,25.4,849.2,25.7,26.1,50.8,478,2520,0,0.9,158,2.8,2.8,26.1,19.0,20.6,1,0.0353682930979993,False,NORMAL,Normal environmental conditions,None,Continue monitoring environmental conditions.,LOW
2026-09-13 12:41:42+00:00,0.0,0,0.0,0.6,0.0,0,25.9,849.2,26.0,26.7,49.0,377,1458,0,0.4,94,1.3,1.3,27.1,19.3,21.4,1,0.0384210019810953,False,NORMAL,Normal environmental conditions,None,Continue monitoring environmental conditions.,LOW
2026-09-13 12:56:51+00:00,0.0,0,0.0,2.0,0.0,0,26.8,848.9,27.1,27.7,46.7,630,4414,0,0.5,88,2.0,2.0,27.9,19.7,21.9,-1,-0.0070239922500016,True,NORMAL,Heat and dryness anomaly,"Elevated heat conditions, Unusually low humidity, Unusually high temperature",Monitor heat exposure and maintain hydration. Monitor dry conditions and potential vegetation stress.,HIGH
2026-09-13 13:11:59+00:00,0.0,0,0.0,0.5,0.0,0,25.5,848.9,25.8,26.3,49.0,352,1176,0,0.2,93,1.3,1.3,26.3,18.9,20.7,1,0.0475906297763918,False,NORMAL,Normal environmental conditions,None,Continue monitoring environmental conditions.,LOW
2026-09-13 13:27:08+00:00,0.0,0,0.0,1.5,0.0,0,26.2,848.9,26.3,27.1,47.6,536,3420,0,2.1,78,3.5,3.5,27.3,19.4,21.5,-1,-0.0377793760100594,True,NORMAL,Heat and dryness anomaly,"Elevated heat conditions, Below-normal humidity, Elevated wind gust, Unusually high temperature",Monitor heat exposure and maintain hydration. Monitor exposed areas and unsecured infrastructure.,HIGH
2026-09-13 13:42:16+00:00,0.0,0,0.0,1.1,0.0,0,25.5,848.9,25.8,26.3,48.9,463,2632,0,0.2,110,0.9,0.9,26.3,18.9,20.8,1,0.0491967321111262,False,NORMAL,Normal environmental conditions,None,Continue monitoring environmental conditions.,LOW
2026-09-13 13:57:25+00:00,0.0,0,0.0,1.0,0.0,0,25.4,848.8,25.6,26.2,49.6,436,2340,0,1.4,105,3.7,3.7,26.2,19.0,20.7,1,0.0064215468697607,False,NORMAL,Normal environmental conditions,None,Continue monitoring environmental conditions.,LOW
2026-09-13 14:12:51+00:00,0.0,0,0.0,0.3,0.0,0,24.3,848.9,24.4,24.9,52.2,311,712,0,1.3,93,2.6,2.6,24.8,18.2,19.6,1,0.0576824040106971,False,NORMAL,Normal environmental conditions,None,Continue monitoring environmental conditions.,LOW
2026-09-13 14:27:59+00:00,0.0,0,0.0,0.4,0.0,0,24.7,849.1,24.8,25.0,51.9,331,1037,0,0.2,57,1.2,1.2,24.9,18.3,19.7,1,0.0742530544991981,False,NORMAL,Normal environmental conditions,None,Continue monitoring environmental conditions.,LOW
2026-09-13 14:43:07+00:00,0.0,0,0.0,0.2,0.0,0,24.6,849.2,24.8,25.0,51.4,294,648,0,0.5,143,1.4,1.4,24.9,18.2,19.7,1,0.0939964788366415,False,NORMAL,Normal environmental conditions,None,Continue monitoring environmental conditions.,LOW
2026-09-13 14:58:17+00:00,0.0,0,0.0,0.1,0.0,0,24.0,849.4,24.1,24.3,53.0,277,432,0,0.4,78,1.3,1.3,24.3,17.9,19.2,1,0.0915779949079109,False,NORMAL,Normal environmental conditions,None,Continue monitoring environmental conditions.,LOW
2026-09-13 15:13:25+00:00,0.0,0,0.0,0.1,0.0,0,23.5,849.7,23.7,23.9,53.8,271,337,0,0.5,118,1.3,1.3,23.9,17.6,18.8,1,0.1054826659320641,False,NORMAL,Normal environmental conditions,None,Continue monitoring environmental conditions.,LOW
2026-09-13 15:28:54+00:00,0.0,0,0.0,0.0,0.0,0,22.9,849.7,23.1,23.3,55.4,262,268,0,0.6,126,1.1,1.1,23.2,17.3,18.3,1,0.1173674664606765,False,NORMAL,Normal environmental conditions,None,Continue monitoring environmental conditions.,LOW
2026-09-13 15:44:02+00:00,0.0,0,0.0,0.0,0.0,0,22.6,849.9,22.7,22.9,56.5,260,254,0,0.7,174,1.5,1.5,22.8,17.1,18.0,1,0.1192977283168322,False,NORMAL,Normal environmental conditions,None,Continue monitoring environmental conditions.,LOW
2026-09-13 15:59:10+00:00,0.0,0,0.0,0.0,0.0,0,22.3,850.1,22.4,22.6,57.2,260,253,0,0.3,206,1.2,1.2,22.5,17.0,17.7,1,0.1151678662048786,False,NORMAL,Normal environmental conditions,None,Continue monitoring environmental conditions.,LOW
2026-09-13 16:14:18+00:00,0.0,0,0.0,0.0,0.0,0,21.8,850.3,22.0,22.2,58.2,260,254,0,0.5,176,1.7,1.7,22.1,16.8,17.4,1,0.1386109213466843,False,NORMAL,Normal environmental conditions,None,Continue monitoring environmental conditions.,LOW
2026-09-13 16:29:27+00:00,0.0,0,0.0,0.0,0.0,0,21.6,850.5,21.8,22.0,58.8,260,253,0,0.3,83,1.1,1.1,21.8,16.6,17.2,1,0.1438993669679384,False,NORMAL,Normal environmental conditions,None,Continue monitoring environmental conditions.,LOW
2026-09-13 16:44:54+00:00,0.0,0,0.0,0.0,0.0,0,21.4,850.5,21.5,21.7,59.2,259,253,0,0.9,178,2.2,2.2,21.6,16.5,17.0,1,0.130473426098335,False,NORMAL,Normal environmental conditions,None,Continue monitoring environmental conditions.,LOW
2026-09-13 17:00:02+00:00,0.0,0,0.0,0.0,0.0,0,21.2,850.7,21.4,21.5,59.5,261,253,0,0.3,163,1.7,1.7,21.4,16.3,16.8,1,0.1439198267362881,False,NORMAL,Normal environmental conditions,None,Continue monitoring environmental conditions.,LOW
2026-09-13 17:15:10+00:00,0.0,0,0.0,0.0,0.0,0,20.9,850.8,21.1,21.3,60.2,260,254,0,0.9,137,2.0,2.0,21.2,16.2,16.6,1,0.1414062508248257,False,NORMAL,Normal environmental conditions,None,Continue monitoring environmental conditions.,LOW
2026-09-13 17:30:19+00:00,0.0,0,0.0,0.0,0.0,0,20.8,851.0,20.9,21.1,61.1,259,253,0,0.6,167,1.7,1.7,21.0,16.2,16.5,1,0.1430685342526946,False,NORMAL,Normal environmental conditions,None,Continue monitoring environmental conditions.,LOW
2026-09-13 17:45:28+00:00,0.0,0,0.0,0.0,0.0,0,20.6,851.4,20.8,21.0,61.7,260,252,0,0.1,112,0.2,0.2,20.9,16.1,16.3,1,0.1400190682201603,False,NORMAL,Normal environmental conditions,None,Continue monitoring environmental conditions.,LOW
2026-09-13 18:00:37+00:00,0.0,0,0.0,0.0,0.0,0,20.4,851.6,20.5,20.8,62.8,262,253,0,0.3,198,1.1,1.1,20.6,16.0,16.1,1,0.1466489104426215,False,NORMAL,Normal environmental conditions,None,Continue monitoring environmental conditions.,LOW
2026-09-13 18:15:59+00:00,0.0,0,0.0,0.0,0.0,0,20.0,851.7,20.2,20.4,64.0,261,253,0,0.0,198,0.2,0.2,20.3,15.9,15.8,1,0.1344296852897941,False,NORMAL,Normal environmental conditions,None,Continue monitoring environmental conditions.,LOW
2026-09-13 18:31:07+00:00,0.0,0,0.0,0.0,0.0,0,19.8,852.0,19.9,20.1,64.8,260,254,0,0.0,131,0.0,0.0,20.0,15.8,15.6,1,0.1390876362316154,False,NORMAL,Normal environmental conditions,None,Continue monitoring environmental conditions.,LOW
2026-09-13 18:46:16+00:00,0.0,0,0.0,0.0,0.0,0,19.6,852.2,19.8,20.0,65.5,260,254,0,0.1,87,0.4,0.4,19.9,15.7,15.4,1,0.1532941690129091,False,NORMAL,Normal environmental conditions,None,Continue monitoring environmental conditions.,LOW
2026-09-13 19:01:24+00:00,0.0,0,0.0,0.0,0.0,0,19.5,852.4,19.7,19.9,65.9,259,253,0,0.3,86,0.9,0.9,19.8,15.7,15.4,1,0.1575811475846615,False,NORMAL,Normal environmental conditions,None,Continue monitoring environmental conditions.,LOW
2026-09-13 19:16:32+00:00,0.0,0,0.0,0.0,0.0,0,19.5,852.6,19.6,19.8,66.3,260,253,0,1.1,102,2.8,2.8,19.7,15.6,15.3,1,0.1084397042953488,False,NORMAL,Normal environmental conditions,None,Continue monitoring environmental conditions.,LOW
2026-09-13 19:31:55+00:00,0.0,0,0.0,0.0,0.0,0,19.2,852.6,19.4,19.6,67.3,260,254,0,0.8,154,1.5,1.5,19.5,15.5,15.1,1,0.147801655041751,False,NORMAL,Normal environmental conditions,None,Continue monitoring environmental conditions.,LOW
2026-09-13 19:47:04+00:00,0.0,0,0.0,0.0,0.0,0,18.8,852.6,19.0,19.3,68.2,259,254,0,0.1,193,0.4,0.4,19.2,15.4,14.8,1,0.1570484193731819,False,NORMAL,Normal environmental conditions,None,Continue monitoring environmental conditions.,LOW
2026-09-13 20:02:12+00:00,0.0,0,0.0,0.0,0.0,0,18.8,852.8,19.0,19.3,68.5,261,254,0,0.1,77,0.5,0.5,19.1,15.4,14.8,1,0.1585829864783034,False,NORMAL,Normal environmental conditions,None,Continue monitoring environmental conditions.,LOW
2026-09-13 20:17:20+00:00,0.0,0,0.0,0.0,0.0,0,18.8,852.7,18.9,19.2,68.7,261,253,0,0.2,165,0.6,0.6,19.1,15.3,14.7,1,0.162145129935103,False,NORMAL,Normal environmental conditions,None,Continue monitoring environmental conditions.,LOW
2026-09-13 20:32:28+00:00,0.0,0,0.0,0.0,0.0,0,18.7,852.8,18.8,19.1,69.5,260,253,0,0.2,172,0.8,0.8,19.0,15.4,14.6,1,0.1641455488798589,False,NORMAL,Normal environmental conditions,None,Continue monitoring environmental conditions.,LOW
2026-09-13 20:47:37+00:00,0.0,0,0.0,0.0,0.0,0,18.6,852.7,18.8,19.0,70.2,261,254,0,0.4,91,0.7,0.7,18.9,15.3,14.5,1,0.1683727403354722,False,NORMAL,Normal environmental conditions,None,Continue monitoring environmental conditions.,LOW
2026-09-13 21:02:58+00:00,0.0,0,0.0,0.0,0.0,0,18.4,852.6,18.6,18.8,71.2,261,254,0,0.6,152,1.5,1.5,18.7,15.3,14.4,1,0.1592578736057069,False,NORMAL,Normal environmental conditions,None,Continue monitoring environmental conditions.,LOW
2026-09-13 21:18:07+00:00,0.0,0,0.0,0.0,0.0,0,18.2,852.5,18.4,18.6,72.5,260,255,0,0.6,113,1.5,1.5,18.5,15.3,14.2,1,0.1607260702723913,False,NORMAL,Normal environmental conditions,None,Continue monitoring environmental conditions.,LOW
2026-09-13 21:33:15+00:00,0.0,0,0.0,0.0,0.0,0,18.0,852.4,18.2,18.4,73.9,260,254,0,0.3,121,0.9,0.9,18.3,15.3,14.0,1,0.1731231295988558,False,NORMAL,Normal environmental conditions,None,Continue monitoring environmental conditions.,LOW
2026-09-13 21:48:24+00:00,0.0,0,0.0,0.0,0.0,0,17.8,852.2,18.0,18.3,74.7,261,253,0,0.6,193,1.3,1.3,18.2,15.2,13.9,1,0.1520777030427502,False,NORMAL,Normal environmental conditions,None,Continue monitoring environmental conditions.,LOW
2026-09-13 22:03:32+00:00,0.0,0,0.0,0.0,0.0,0,17.7,851.9,17.8,18.1,75.5,261,253,0,0.2,133,1.1,1.1,18.0,15.1,13.7,1,0.1669720722685748,False,NORMAL,Normal environmental conditions,None,Continue monitoring environmental conditions.,LOW
2026-09-13 22:18:40+00:00,0.0,0,0.0,0.0,0.0,0,17.5,851.8,17.6,17.9,76.5,260,253,0,0.3,181,1.1,1.1,17.8,15.1,13.5,1,0.1656027067725882,False,NORMAL,Normal environmental conditions,None,Continue monitoring environmental conditions.,LOW
2026-09-13 22:34:02+00:00,0.0,0,0.0,0.0,0.0,0,17.6,851.8,17.7,17.9,76.3,259,254,0,0.7,139,1.7,1.7,17.8,15.1,13.6,1,0.1488562524625492,False,NORMAL,Normal environmental conditions,None,Continue monitoring environmental conditions.,LOW
2026-09-13 22:49:11+00:00,0.0,0,0.0,0.0,0.0,0,17.5,851.6,17.8,17.9,76.3,260,253,0,0.1,99,0.4,0.4,17.9,15.1,13.6,1,0.1655079745936949,False,NORMAL,Normal environmental conditions,None,Continue monitoring environmental conditions.,LOW
2026-09-13 23:04:19+00:00,0.0,0,0.0,0.0,0.0,0,17.3,851.4,17.5,17.7,77.2,260,253,0,0.0,95,0.0,0.0,17.7,15.0,13.4,1,0.1660409471745215,False,NORMAL,Normal environmental conditions,None,Continue monitoring environmental conditions.,LOW
2026-09-13 23:19:28+00:00,0.0,0,0.0,0.0,0.0,0,17.1,851.4,17.3,17.5,78.7,261,254,0,0.7,95,1.1,1.1,17.5,15.0,13.2,1,0.161374963966168,False,NORMAL,Normal environmental conditions,None,Continue monitoring environmental conditions.,LOW
2026-09-13 23:34:36+00:00,0.0,0,0.0,0.0,0.0,0,17.0,851.3,17.2,17.5,79.7,260,253,0,0.0,95,0.2,0.2,17.4,15.0,13.1,1,0.1734622203683106,False,NORMAL,Normal environmental conditions,None,Continue monitoring environmental conditions.,LOW
2026-09-13 23:49:45+00:00,0.0,0,0.0,0.0,0.0,0,17.0,851.5,17.2,17.4,79.9,261,252,0,0.0,179,0.0,0.0,17.4,15.1,13.1,1,0.1669253874379912,False,NORMAL,Normal environmental conditions,None,Continue monitoring environmental conditions.,LOW
2026-09-14 00:00:50+00:00,0.0,0,0.0,0.0,0.0,0,17.0,851.4,17.2,17.4,80.2,260,253,0,0.0,179,0.2,0.2,17.3,15.0,13.1,1,0.1668241811638518,False,NORMAL,Normal environmental conditions,None,Continue monitoring environmental conditions.,LOW
2026-09-14 00:16:12+00:00,0.0,0,0.0,0.0,0.0,0,16.9,851.5,17.1,17.4,80.2,261,254,0,0.2,117,0.9,0.9,17.3,15.0,13.1,1,0.1742728752757567,False,NORMAL,Normal environmental conditions,None,Continue monitoring environmental conditions.,LOW
2026-09-14 00:31:21+00:00,0.0,0,0.0,0.0,0.0,0,16.9,851.5,17.0,17.3,81.6,261,253,0,0.2,102,1.1,1.1,17.2,15.1,13.0,1,0.1716480477634744,False,NORMAL,Normal environmental conditions,None,Continue monitoring environmental conditions.,LOW
2026-09-14 00:46:29+00:00,0.0,0,0.0,0.0,0.0,0,16.8,851.5,16.9,17.2,82.3,260,254,0,0.6,101,1.3,1.3,17.1,15.1,12.9,1,0.1650937989328544,False,NORMAL,Normal environmental conditions,None,Continue monitoring environmental conditions.,LOW
2026-09-14 01:01:37+00:00,0.0,0,0.0,0.0,0.0,0,16.7,851.5,16.8,17.1,83.1,260,254,0,0.3,96,0.7,0.7,17.0,15.1,12.8,1,0.1770661099160936,False,NORMAL,Normal environmental conditions,None,Continue monitoring environmental conditions.,LOW
2026-09-14 01:16:45+00:00,0.0,0,0.0,0.0,0.0,0,16.7,851.6,16.8,17.0,83.5,260,254,0,0.1,96,0.4,0.4,17.0,15.1,12.8,1,0.1779148747343363,False,NORMAL,Normal environmental conditions,None,Continue monitoring environmental conditions.,LOW
2026-09-14 01:32:07+00:00,0.0,0,0.0,0.0,0.0,0,16.6,851.6,16.7,17.0,83.8,260,254,0,0.0,96,0.4,0.4,17.0,15.1,12.8,1,0.1739965172069671,False,NORMAL,Normal environmental conditions,None,Continue monitoring environmental conditions.,LOW
2026-09-14 01:48:10+00:00,0.0,0,0.0,0.0,0.0,0,16.6,851.6,16.7,17.0,84.0,260,253,0,0.0,95,0.0,0.0,16.9,15.1,12.7,1,0.1750298621439631,False,NORMAL,Normal environmental conditions,None,Continue monitoring environmental conditions.,LOW
2026-09-14 02:03:17+00:00,0.0,0,0.0,0.0,0.0,0,16.6,851.7,16.6,17.0,84.3,261,253,0,0.2,95,0.4,0.4,17.0,15.1,12.7,1,0.1745308047885034,False,NORMAL,Normal environmental conditions,None,Continue monitoring environmental conditions.,LOW
2026-09-14 02:18:25+00:00,0.0,0,0.0,0.0,0.0,0,16.6,851.8,16.7,17.0,84.4,260,253,0,0.0,79,0.0,0.0,16.9,15.1,12.7,1,0.1690846551863987,False,NORMAL,Normal environmental conditions,None,Continue monitoring environmental conditions.,LOW
2026-09-14 02:33:32+00:00,0.0,0,0.0,0.0,0.0,0,16.6,851.8,16.8,17.0,84.4,259,253,0,0.0,79,0.2,0.2,17.0,15.2,12.8,1,0.1676314740344995,False,NORMAL,Normal environmental conditions,None,Continue monitoring environmental conditions.,LOW
2026-09-14 02:48:39+00:00,0.0,0,0.0,0.0,0.0,0,16.5,851.9,16.7,16.9,84.7,259,254,0,0.0,88,0.0,0.0,16.9,15.1,12.7,1,0.1712629277127226,False,NORMAL,Normal environmental conditions,None,Continue monitoring environmental conditions.,LOW
2026-09-14 03:03:47+00:00,0.0,0,0.0,0.0,0.0,0,16.5,851.8,16.6,16.9,85.1,259,253,0,0.2,87,0.7,0.7,16.9,15.1,12.6,1,0.1773925449139885,False,NORMAL,Normal environmental conditions,None,Continue monitoring environmental conditions.,LOW
2026-09-14 03:19:11+00:00,0.0,0,0.0,0.0,0.0,0,16.5,851.9,16.6,16.9,85.3,262,259,0,0.8,84,1.2,1.2,16.9,15.1,12.6,1,0.1513292951757909,False,NORMAL,Normal environmental conditions,None,Continue monitoring environmental conditions.,LOW
2026-09-14 03:34:18+00:00,0.0,0,0.0,0.0,0.0,0,16.4,852.1,16.5,16.8,85.8,263,281,0,0.6,80,1.1,1.1,16.8,15.1,12.6,1,0.1547876880350224,False,NORMAL,Normal environmental conditions,None,Continue monitoring environmental conditions.,LOW
2026-09-14 03:49:26+00:00,0.0,0,0.0,0.1,0.0,0,16.3,852.4,16.4,16.8,86.3,269,339,0,0.5,88,0.9,0.9,16.8,15.1,12.5,1,0.156222383321522,False,NORMAL,Normal environmental conditions,None,Continue monitoring environmental conditions.,LOW
2026-09-14 04:04:34+00:00,0.0,0,0.0,0.1,0.0,0,16.4,852.6,16.5,16.8,86.5,274,405,0,0.6,80,0.9,0.9,16.8,15.2,12.6,1,0.1541787003093552,False,NORMAL,Normal environmental conditions,None,Continue monitoring environmental conditions.,LOW
2026-09-14 04:19:41+00:00,0.0,0,0.0,0.2,0.0,0,16.5,852.8,16.6,16.9,86.1,288,568,0,0.4,84,1.0,1.0,16.9,15.3,12.7,1,0.1589889287395695,False,NORMAL,Normal environmental conditions,None,Continue monitoring environmental conditions.,LOW
2026-09-14 04:34:49+00:00,0.0,0,0.0,0.3,0.0,0,16.7,852.9,16.8,17.1,85.7,308,781,0,1.0,88,1.6,1.6,17.1,15.4,12.9,1,0.1200372590729092,False,NORMAL,Normal environmental conditions,None,Continue monitoring environmental conditions.,LOW
2026-09-14 04:50:15+00:00,0.0,0,0.0,0.4,0.0,0,16.9,853.1,17.0,17.3,85.4,333,1052,0,0.3,78,0.9,0.9,17.3,15.6,13.1,1,0.144208517605736,False,NORMAL,Normal environmental conditions,None,Continue monitoring environmental conditions.,LOW
2026-09-14 05:05:23+00:00,0.0,0,0.0,0.5,0.0,0,17.4,853.3,17.5,17.8,83.3,355,1305,0,0.9,80,2.0,2.0,17.8,15.8,13.5,1,0.1104245171373802,False,NORMAL,Normal environmental conditions,None,Continue monitoring environmental conditions.,LOW
2026-09-14 05:20:31+00:00,0.0,0,0.0,0.6,0.0,0,17.8,853.5,17.9,18.3,81.5,363,1397,0,0.6,87,1.3,1.3,18.3,16.0,14.0,1,0.1401932435508791,False,NORMAL,Normal environmental conditions,None,Continue monitoring environmental conditions.,LOW
2026-09-14 05:35:39+00:00,0.0,0,0.0,0.6,0.0,0,18.5,853.7,18.6,18.9,79.2,375,1514,0,0.3,79,0.7,0.7,18.9,16.3,14.5,1,0.1421228527636988,False,NORMAL,Normal environmental conditions,None,Continue monitoring environmental conditions.,LOW
2026-09-14 05:50:47+00:00,0.0,0,0.0,1.0,0.0,0,18.4,853.8,18.4,19.0,77.7,446,2320,0,0.6,91,1.1,1.1,19.0,16.3,14.6,1,0.1252315708077834,False,NORMAL,Normal environmental conditions,None,Continue monitoring environmental conditions.,LOW
2026-09-14 06:05:56+00:00,0.0,0,0.0,1.2,0.0,0,20.0,853.8,20.1,20.3,73.4,483,2722,0,0.3,111,0.7,0.7,20.3,17.0,15.8,1,0.121814806568383,False,NORMAL,Normal environmental conditions,None,Continue monitoring environmental conditions.,LOW
2026-09-14 06:21:19+00:00,0.0,0,0.0,1.4,0.0,0,21.6,853.9,21.2,21.6,68.2,511,3051,0,0.8,80,1.1,1.1,21.6,17.5,16.9,1,0.0965954873529394,False,NORMAL,Normal environmental conditions,None,Continue monitoring environmental conditions.,LOW
2026-09-14 06:36:27+00:00,0.0,0,0.0,1.6,0.0,0,21.6,853.9,22.0,22.1,65.2,550,3465,0,0.4,112,1.3,1.3,22.1,17.6,17.4,1,0.1055484516556981,False,NORMAL,Normal environmental conditions,None,Continue monitoring environmental conditions.,LOW
2026-09-14 06:51:35+00:00,0.0,0,0.0,1.5,0.0,0,22.0,854.0,21.9,22.3,63.0,530,3227,0,0.1,23,0.4,0.4,22.3,17.5,17.6,1,0.0662082644000697,False,NORMAL,Normal environmental conditions,None,Continue monitoring environmental conditions.,LOW
2026-09-14 07:06:41+00:00,0.0,0,0.0,1.2,0.0,0,22.2,854.1,22.1,22.4,63.2,477,2644,0,0.0,84,0.0,0.0,22.4,17.6,17.6,1,0.0792178537166187,False,NORMAL,Normal environmental conditions,None,Continue monitoring environmental conditions.,LOW
2026-09-14 07:22:28+00:00,0.0,0,0.0,1.0,0.0,0,22.2,854.1,22.4,22.6,62.0,442,2273,0,0.2,20,0.9,0.9,22.5,17.6,17.8,1,0.0791791527324289,False,NORMAL,Normal environmental conditions,None,Continue monitoring environmental conditions.,LOW
2026-09-14 07:37:36+00:00,0.0,0,0.0,1.0,0.0,0,22.4,854.0,22.6,22.9,59.7,452,2403,0,0.0,196,0.2,0.2,22.8,17.5,18.0,1,0.077129031513674,False,NORMAL,Normal environmental conditions,None,Continue monitoring environmental conditions.,LOW
2026-09-14 07:52:44+00:00,0.0,0,0.0,1.4,0.0,0,21.9,853.7,22.4,22.3,60.9,508,3032,0,0.1,196,0.4,0.4,22.2,17.2,17.5,1,0.0922411254820401,False,NORMAL,Normal environmental conditions,None,Continue monitoring environmental conditions.,LOW
2026-09-14 08:07:53+00:00,0.0,0,0.0,1.5,0.0,0,22.4,853.6,22.1,22.2,62.3,528,3218,0,0.0,359,0.2,0.2,22.1,17.3,17.4,1,0.0463246136953544,False,NORMAL,Normal environmental conditions,None,Continue monitoring environmental conditions.,LOW
2026-09-14 08:23:32+00:00,0.0,0,0.0,1.4,0.0,0,22.6,853.6,22.6,22.4,59.6,523,3142,0,0.2,260,0.7,0.7,22.3,17.1,17.6,1,0.0839408126247302,False,NORMAL,Normal environmental conditions,None,Continue monitoring environmental conditions.,LOW
2026-09-14 08:38:40+00:00,0.0,0,0.0,3.7,0.0,0,23.7,853.1,24.0,23.9,55.9,953,8108,0,0.2,202,0.7,0.7,23.8,17.9,18.8,1,0.0243309863094416,False,NORMAL,Normal environmental conditions,None,Continue monitoring environmental conditions.,LOW
2026-09-14 08:53:49+00:00,0.0,0,0.0,1.1,0.0,0,24.8,853.0,25.1,25.3,50.1,469,2403,0,1.2,201,2.0,2.0,25.3,18.3,20.0,1,0.0561217272639315,False,NORMAL,Normal environmental conditions,None,Continue monitoring environmental conditions.,LOW
2026-09-14 09:09:29+00:00,0.0,0,0.0,4.5,0.0,0,23.7,852.9,24.2,23.9,54.5,1098,9837,0,0.4,204,0.9,0.9,23.8,17.7,18.8,1,0.0186129603523698,False,NORMAL,Normal environmental conditions,None,Continue monitoring environmental conditions.,LOW
2026-09-14 09:24:37+00:00,0.0,0,0.0,1.3,0.0,0,26.2,852.7,26.0,25.6,49.6,495,2697,0,0.1,261,0.4,0.4,25.5,18.4,20.2,1,0.0221594003793366,False,NORMAL,Normal environmental conditions,None,Continue monitoring environmental conditions.,LOW
2026-09-14 09:39:45+00:00,0.0,0,0.0,1.1,0.0,0,24.2,852.5,24.5,24.1,53.2,465,2422,0,0.5,178,1.3,1.3,24.1,17.8,19.0,1,0.1031423902976277,False,NORMAL,Normal environmental conditions,None,Continue monitoring environmental conditions.,LOW
2026-09-14 09:54:54+00:00,0.0,0,0.0,4.0,0.0,0,25.0,852.2,25.4,25.7,49.6,997,8447,0,0.0,160,0.4,0.4,25.6,18.5,20.2,-1,-0.0068763700837718,True,NORMAL,Heat and dryness anomaly,"Above-normal heat conditions, Below-normal humidity",Monitor heat conditions.,HIGH
2026-09-14 10:10:02+00:00,0.0,0,0.0,1.0,0.0,0,26.1,851.8,25.8,27.0,44.4,452,2071,0,1.9,70,3.1,3.1,27.1,18.7,21.3,-1,-0.0234614466456144,True,NORMAL,Heat and dryness anomaly,"Elevated heat conditions, Unusually low humidity, Elevated wind gust, Unusually high temperature",Monitor heat exposure and maintain hydration. Monitor dry conditions and potential vegetation stress. Monitor exposed areas and unsecured infrastructure.,HIGH
2026-09-14 10:25:28+00:00,0.0,0,0.0,3.6,0.0,0,25.8,851.4,25.8,26.6,44.8,923,7564,0,0.8,115,2.5,2.5,26.6,18.5,21.0,1,0.0080369003547521,False,NORMAL,Normal environmental conditions,None,Continue monitoring environmental conditions.,LOW
2026-09-14 10:40:46+00:00,0.0,0,0.0,3.7,0.0,0,26.3,851.0,26.8,27.2,43.6,942,7799,0,1.3,127,2.6,2.6,27.2,18.8,21.4,-1,-0.0238951993250325,True,NORMAL,Heat and dryness anomaly,"Elevated heat conditions, Unusually low humidity, Elevated wind gust, Unusually high temperature",Monitor heat exposure and maintain hydration. Monitor dry conditions and potential vegetation stress. Monitor exposed areas and unsecured infrastructure.,HIGH
2026-09-14 10:56:12+00:00,0.0,0,0.0,3.4,0.0,0,26.9,850.7,27.1,27.6,43.0,897,7324,0,1.5,91,2.6,2.6,27.5,19.1,21.7,-1,-0.026862087283063,True,NORMAL,Heat and dryness anomaly,"Elevated heat conditions, Unusually low humidity, Elevated wind gust, Unusually high temperature",Monitor heat exposure and maintain hydration. Monitor dry conditions and potential vegetation stress. Monitor exposed areas and unsecured infrastructure.,HIGH
2026-09-14 11:11:20+00:00,0.0,0,0.0,0.8,0.0,0,26.7,850.6,27.2,27.5,43.0,407,1726,0,0.0,155,0.0,0.0,27.4,18.9,21.6,-1,-0.0087771828896348,True,NORMAL,Heat and dryness anomaly,"Elevated heat conditions, Unusually low humidity, Unusually high temperature",Monitor heat exposure and maintain hydration. Monitor dry conditions and potential vegetation stress.,HIGH
2026-09-14 11:26:29+00:00,0.0,0,0.0,2.2,0.0,0,26.1,850.4,26.2,26.8,45.3,661,4634,0,0.8,90,2.2,2.2,26.9,18.7,21.2,1,0.0462226598777741,False,NORMAL,Normal environmental conditions,None,Continue monitoring environmental conditions.,LOW
2026-09-14 11:41:37+00:00,0.0,0,0.0,1.3,0.0,0,26.9,850.2,26.9,27.7,42.9,503,2811,0,1.3,78,2.2,2.2,27.6,19.1,21.7,1,0.0092728644495329,False,NORMAL,Normal environmental conditions,None,Continue monitoring environmental conditions.,LOW
2026-09-14 11:56:45+00:00,0.0,0,0.0,2.9,0.0,0,27.6,850.1,27.6,28.3,41.4,802,6506,0,1.0,1,2.2,2.2,28.0,19.3,22.0,-1,-0.0441772401347787,True,NORMAL,Heat and dryness anomaly,"Elevated heat conditions, Unusually low humidity, Above-normal wind gust, Unusually high temperature",Monitor heat exposure and maintain hydration. Monitor dry conditions and potential vegetation stress.,HIGH
2026-09-14 12:12:21+00:00,0.0,0,0.0,0.8,0.0,0,27.4,849.8,27.7,28.2,41.4,409,1775,0,1.6,74,3.3,3.3,28.0,19.3,22.0,-1,-0.042965299306014,True,NORMAL,Heat and dryness anomaly,"Elevated heat conditions, Unusually low humidity, Elevated wind gust, Unusually high temperature",Monitor heat exposure and maintain hydration. Monitor dry conditions and potential vegetation stress. Monitor exposed areas and unsecured infrastructure.,HIGH
2026-09-14 12:27:21+00:00,0.0,0,0.0,0.8,0.0,0,25.9,849.6,26.1,26.6,45.0,396,1627,0,2.0,86,3.9,3.9,26.5,18.5,20.9,-1,-0.0241796953170259,True,NORMAL,Heat and dryness anomaly,"Above-normal heat conditions, Unusually low humidity, Elevated wind gust",Monitor heat conditions. Monitor dry conditions and potential vegetation stress. Monitor exposed areas and unsecured infrastructure.,HIGH
2026-09-14 12:43:18+00:00,0.0,0,0.0,1.8,0.0,0,27.5,849.5,27.6,28.3,42.6,599,4058,0,1.0,80,2.2,2.2,28.1,19.5,22.1,-1,-0.0175530855200148,True,NORMAL,Heat and dryness anomaly,"Elevated heat conditions, Unusually low humidity, Above-normal wind gust, Unusually high temperature",Monitor heat exposure and maintain hydration. Monitor dry conditions and potential vegetation stress.,HIGH
2026-09-14 12:58:26+00:00,0.0,0,0.0,1.5,0.0,0,27.6,849.5,28.1,28.6,41.5,527,3141,0,0.5,144,2.0,2.0,28.4,19.6,22.3,-1,-0.0220956898564103,True,NORMAL,Heat and dryness anomaly,"Elevated heat conditions, Unusually low humidity, Unusually high temperature",Monitor heat exposure and maintain hydration. Monitor dry conditions and potential vegetation stress.,HIGH
2026-09-14 13:13:34+00:00,0.0,0,0.0,0.5,0.0,0,26.9,849.5,27.2,27.8,42.2,351,1157,0,0.9,75,2.0,2.0,27.7,19.1,21.8,1,0.0022330199133113,False,NORMAL,Normal environmental conditions,None,Continue monitoring environmental conditions.,LOW
2026-09-14 13:28:43+00:00,0.0,0,0.0,0.5,0.0,0,25.9,849.6,26.1,26.4,44.7,349,1130,0,1.3,91,2.6,2.6,26.3,18.3,20.8,1,0.043180430158733,False,NORMAL,Normal environmental conditions,None,Continue monitoring environmental conditions.,LOW
2026-09-14 13:44:11+00:00,0.0,0,0.0,0.4,0.0,0,26.5,849.5,26.8,27.2,43.0,334,1014,0,0.9,126,2.4,2.4,27.2,18.7,21.4,1,0.0202635192291655,False,NORMAL,Normal environmental conditions,None,Continue monitoring environmental conditions.,LOW
2026-09-14 13:59:20+00:00,0.0,0,0.0,0.3,0.0,0,25.5,849.7,25.7,25.9,45.8,312,748,0,0.3,129,0.7,0.7,25.9,18.1,20.4,1,0.0558262452198551,False,NORMAL,Normal environmental conditions,None,Continue monitoring environmental conditions.,LOW
2026-09-14 14:14:29+00:00,0.0,0,0.0,0.4,0.0,0,25.6,849.5,25.8,26.0,45.5,327,962,0,0.7,79,1.5,1.5,25.9,18.1,20.5,1,0.0717594383016991,False,NORMAL,Normal environmental conditions,None,Continue monitoring environmental conditions.,LOW
2026-09-14 14:29:37+00:00,0.0,0,0.0,0.3,0.0,0,25.5,849.7,25.7,25.9,45.5,323,905,0,0.8,86,2.6,2.6,25.9,18.1,20.4,1,0.049397185796946,False,NORMAL,Normal environmental conditions,None,Continue monitoring environmental conditions.,LOW
2026-09-14 14:44:45+00:00,0.0,0,0.0,0.2,0.0,0,25.4,849.7,25.5,25.8,46.1,292,558,0,0.5,97,2.2,2.2,25.7,18.0,20.3,1,0.0676051058926412,False,NORMAL,Normal environmental conditions,None,Continue monitoring environmental conditions.,LOW
2026-09-14 14:59:54+00:00,0.0,0,0.0,0.1,0.0,0,24.9,850.1,25.0,25.2,46.8,280,433,0,0.9,137,1.7,1.7,25.1,17.7,19.8,1,0.0944783375909281,False,NORMAL,Normal environmental conditions,None,Continue monitoring environmental conditions.,LOW
2026-09-14 15:15:15+00:00,0.0,0,0.0,0.1,0.0,0,24.5,850.3,24.6,24.8,47.9,268,312,0,0.6,70,1.7,1.7,24.7,17.5,19.5,1,0.0910114079820873,False,NORMAL,Normal environmental conditions,None,Continue monitoring environmental conditions.,LOW
2026-09-14 15:30:24+00:00,0.0,0,0.0,0.0,0.0,0,24.0,850.4,24.2,24.4,48.6,262,263,0,0.8,136,1.7,1.7,24.2,17.2,19.1,1,0.1070351063520419,False,NORMAL,Normal environmental conditions,None,Continue monitoring environmental conditions.,LOW
2026-09-14 15:45:32+00:00,0.0,0,0.0,0.0,0.0,0,23.8,850.5,23.9,24.1,49.5,260,254,0,0.3,124,0.9,0.9,24.0,17.1,18.9,1,0.1115860117704625,False,NORMAL,Normal environmental conditions,None,Continue monitoring environmental conditions.,LOW
2026-09-14 16:00:41+00:00,0.0,0,0.0,0.0,0.0,0,23.8,850.7,23.9,24.1,48.9,260,253,0,0.1,138,0.9,0.9,24.0,17.0,18.9,1,0.099091450840305,False,NORMAL,Normal environmental conditions,None,Continue monitoring environmental conditions.,LOW
2026-09-14 16:15:50+00:00,0.0,0,0.0,0.0,0.0,0,23.8,850.7,23.9,24.0,49.0,260,252,0,0.4,144,1.1,1.1,23.9,17.0,18.9,1,0.1124311757416031,False,NORMAL,Normal environmental conditions,None,Continue monitoring environmental conditions.,LOW
2026-09-14 16:31:18+00:00,0.0,0,0.0,0.0,0.0,0,23.7,850.9,23.8,24.0,49.2,262,253,0,1.1,166,2.2,2.2,23.8,17.0,18.8,1,0.0915656561016158,False,NORMAL,Normal environmental conditions,None,Continue monitoring environmental conditions.,LOW
2026-09-14 16:46:27+00:00,0.0,0,0.0,0.0,0.0,0,23.2,850.9,23.3,23.5,51.9,261,254,0,1.2,129,2.8,2.8,23.4,17.0,18.5,1,0.0820124583229582,False,NORMAL,Normal environmental conditions,None,Continue monitoring environmental conditions.,LOW
2026-09-14 17:01:36+00:00,0.0,0,0.0,0.0,0.0,0,22.6,851.1,22.8,23.0,54.3,260,254,0,1.6,174,2.4,2.4,22.8,16.9,18.0,1,0.0701120689890096,False,NORMAL,Normal environmental conditions,None,Continue monitoring environmental conditions.,LOW
2026-09-14 17:17:35+00:00,0.0,0,0.0,0.0,0.0,0,22.1,851.4,22.3,22.5,56.0,260,253,0,0.5,162,1.1,1.1,22.4,16.7,17.6,1,0.1363078146331011,False,NORMAL,Normal environmental conditions,None,Continue monitoring environmental conditions.,LOW
2026-09-14 17:32:44+00:00,0.0,0,0.0,0.0,0.0,0,21.8,851.6,21.9,22.1,57.4,261,253,0,1.3,150,2.4,2.4,22.0,16.6,17.3,1,0.1042304070885203,False,NORMAL,Normal environmental conditions,None,Continue monitoring environmental conditions.,LOW
2026-09-14 17:47:53+00:00,0.0,0,0.0,0.0,0.0,0,21.4,851.8,21.6,21.8,58.8,259,253,0,1.5,156,4.1,4.1,21.6,16.4,17.0,1,0.0415094115842681,False,NORMAL,Normal environmental conditions,None,Continue monitoring environmental conditions.,LOW
2026-09-14 18:03:30+00:00,0.0,0,0.0,0.0,0.0,0,21.1,852.0,21.2,21.4,60.1,260,254,0,0.4,112,1.3,1.3,21.3,16.3,16.7,1,0.1466651808807283,False,NORMAL,Normal environmental conditions,None,Continue monitoring environmental conditions.,LOW
2026-09-14 18:18:39+00:00,0.0,0,0.0,0.0,0.0,0,20.8,852.3,20.9,21.1,61.3,261,254,0,1.0,171,2.0,2.0,21.0,16.2,16.5,1,0.1314517545683675,False,NORMAL,Normal environmental conditions,None,Continue monitoring environmental conditions.,LOW
2026-09-14 18:33:47+00:00,0.0,0,0.0,0.0,0.0,0,20.5,852.3,20.7,20.9,62.5,258,254,0,0.9,110,1.7,1.7,20.7,16.1,16.2,1,0.1386549728955985,False,NORMAL,Normal environmental conditions,None,Continue monitoring environmental conditions.,LOW
2026-09-14 18:48:55+00:00,0.0,0,0.0,0.0,0.0,0,20.1,852.5,20.2,20.5,63.8,259,254,0,1.8,160,3.3,3.3,20.4,16.0,15.9,1,0.0583283171740824,False,NORMAL,Normal environmental conditions,None,Continue monitoring environmental conditions.,LOW
2026-09-14 19:04:04+00:00,0.0,0,0.0,0.0,0.0,0,20.0,852.6,20.2,20.4,64.3,261,253,0,0.1,93,0.4,0.4,20.2,15.9,15.8,1,0.1485795360475916,False,NORMAL,Normal environmental conditions,None,Continue monitoring environmental conditions.,LOW
2026-09-14 19:19:25+00:00,0.0,0,0.0,0.0,0.0,0,19.6,852.9,19.8,20.0,65.8,260,253,0,0.9,177,2.0,2.0,19.9,15.8,15.5,1,0.130566352971916,False,NORMAL,Normal environmental conditions,None,Continue monitoring environmental conditions.,LOW
2026-09-14 19:34:33+00:00,0.0,0,0.0,0.0,0.0,0,19.3,852.9,19.6,19.8,67.4,260,253,0,0.2,169,0.9,0.9,19.6,15.7,15.2,1,0.1521951483941587,False,NORMAL,Normal environmental conditions,None,Continue monitoring environmental conditions.,LOW
2026-09-14 19:49:42+00:00,0.0,0,0.0,0.0,0.0,0,19.1,853.2,19.2,19.5,68.8,260,253,0,0.0,169,0.2,0.2,19.4,15.7,15.0,1,0.1474409029170706,False,NORMAL,Normal environmental conditions,None,Continue monitoring environmental conditions.,LOW
2026-09-14 20:05:31+00:00,0.0,0,0.0,0.0,0.0,0,18.8,853.4,19.0,19.2,70.2,260,253,0,0.5,99,0.9,0.9,19.1,15.6,14.8,1,0.1590092457692926,False,NORMAL,Normal environmental conditions,None,Continue monitoring environmental conditions.,LOW
2026-09-14 20:20:39+00:00,0.0,0,0.0,0.0,0.0,0,18.5,853.4,18.7,18.9,72.1,261,254,0,0.0,167,0.0,0.0,18.8,15.5,14.5,1,0.1478230708757516,False,NORMAL,Normal environmental conditions,None,Continue monitoring environmental conditions.,LOW
2026-09-14 20:35:48+00:00,0.0,0,0.0,0.0,0.0,0,18.2,853.3,18.4,18.7,73.6,259,254,0,0.2,154,0.7,0.7,18.6,15.5,14.3,1,0.1607972555971205,False,NORMAL,Normal environmental conditions,None,Continue monitoring environmental conditions.,LOW
2026-09-14 20:50:57+00:00,0.0,0,0.0,0.0,0.0,0,18.1,853.4,18.2,18.4,74.6,259,254,0,0.3,95,0.9,0.9,18.4,15.4,14.1,1,0.1645977600454265,False,NORMAL,Normal environmental conditions,None,Continue monitoring environmental conditions.,LOW
2026-09-14 21:06:06+00:00,0.0,0,0.0,0.0,0.0,0,18.1,853.4,18.2,18.4,74.8,260,252,0,0.5,179,1.5,1.5,18.3,15.4,14.0,1,0.152819425638584,False,NORMAL,Normal environmental conditions,None,Continue monitoring environmental conditions.,LOW
2026-09-14 21:21:30+00:00,0.0,0,0.0,0.0,0.0,0,18.1,853.2,18.2,18.5,74.8,259,253,0,0.4,175,1.1,1.1,18.4,15.4,14.1,1,0.1602516370290733,False,NORMAL,Normal environmental conditions,None,Continue monitoring environmental conditions.,LOW
2026-09-14 21:36:39+00:00,0.0,0,0.0,0.0,0.0,0,18.0,853.2,18.1,18.4,75.2,261,253,0,0.0,121,0.2,0.2,18.4,15.4,14.1,1,0.1574887306286027,False,NORMAL,Normal environmental conditions,None,Continue monitoring environmental conditions.,LOW
2026-09-14 21:52:38+00:00,0.0,0,0.0,0.0,0.0,0,17.9,853.1,18.1,18.3,75.9,260,253,0,0.2,132,0.9,0.9,18.2,15.4,13.9,1,0.1676086228686967,False,NORMAL,Normal environmental conditions,None,Continue monitoring environmental conditions.,LOW
2026-09-14 22:07:48+00:00,0.0,0,0.0,0.0,0.0,0,17.8,853.0,18.0,18.2,76.3,260,254,0,0.2,161,0.7,0.7,18.2,15.4,13.9,1,0.168232620008673,False,NORMAL,Normal environmental conditions,None,Continue monitoring environmental conditions.,LOW
2026-09-14 22:22:57+00:00,0.0,0,0.0,0.0,0.0,0,17.8,852.9,17.9,18.2,76.8,260,254,0,0.5,93,1.1,1.1,18.1,15.4,13.8,1,0.16830207564192,False,NORMAL,Normal environmental conditions,None,Continue monitoring environmental conditions.,LOW
2026-09-14 22:38:07+00:00,0.0,0,0.0,0.0,0.0,0,17.8,852.5,17.9,18.1,77.0,261,253,0,0.0,93,0.0,0.0,18.1,15.4,13.8,1,0.1623002320145669,False,NORMAL,Normal environmental conditions,None,Continue monitoring environmental conditions.,LOW
2026-09-14 22:53:35+00:00,0.0,0,0.0,0.0,0.0,0,17.5,852.5,17.6,17.9,78.3,259,253,0,0.5,72,0.7,0.7,17.9,15.4,13.6,1,0.1584817125370493,False,NORMAL,Normal environmental conditions,None,Continue monitoring environmental conditions.,LOW
2026-09-14 23:08:44+00:00,0.0,0,0.0,0.0,0.0,0,17.3,852.4,17.5,17.8,79.3,260,252,0,0.6,83,0.9,0.9,17.7,15.3,13.5,1,0.1669457371492438,False,NORMAL,Normal environmental conditions,None,Continue monitoring environmental conditions.,LOW
2026-09-14 23:23:52+00:00,0.0,0,0.0,0.0,0.0,0,17.3,852.1,17.4,17.7,80.4,260,252,0,0.3,76,0.7,0.7,17.7,15.4,13.4,1,0.1723997976602265,False,NORMAL,Normal environmental conditions,None,Continue monitoring environmental conditions.,LOW
2026-09-14 23:39:01+00:00,0.0,0,0.0,0.0,0.0,0,17.2,852.1,17.4,17.7,81.9,261,254,0,0.2,90,0.9,0.9,17.7,15.5,13.4,1,0.1743811074012145,False,NORMAL,Normal environmental conditions,None,Continue monitoring environmental conditions.,LOW
2026-09-14 23:54:10+00:00,0.0,0,0.0,0.0,0.0,0,17.1,852.0,17.2,17.5,83.1,261,254,0,0.4,86,0.7,0.7,17.5,15.5,13.3,1,0.1758209742531697,False,NORMAL,Normal environmental conditions,None,Continue monitoring environmental conditions.,LOW
2026-09-15 00:00:33+00:00,0.0,0,0.0,0.0,0.0,0,17.1,851.9,17.2,17.5,83.4,261,254,0,0.3,88,0.7,0.7,17.5,15.6,13.3,1,0.1765335504970909,False,NORMAL,Normal environmental conditions,None,Continue monitoring environmental conditions.,LOW
2026-09-15 00:15:42+00:00,0.0,0,0.0,0.0,0.0,0,17.0,851.9,17.1,17.4,84.2,260,253,0,0.3,67,0.7,0.7,17.4,15.5,13.2,1,0.1680140946467669,False,NORMAL,Normal environmental conditions,None,Continue monitoring environmental conditions.,LOW
2026-09-15 00:30:50+00:00,0.0,0,0.0,0.0,0.0,0,16.9,851.9,17.0,17.3,85.0,259,253,0,0.8,94,1.5,1.5,17.3,15.5,13.1,1,0.157693155675361,False,NORMAL,Normal environmental conditions,None,Continue monitoring environmental conditions.,LOW
2026-09-15 00:46:00+00:00,0.0,0,0.0,0.0,0.0,0,16.6,851.8,16.8,17.1,85.8,260,254,0,0.5,94,0.9,0.9,17.1,15.4,12.9,1,0.1708102601952176,False,NORMAL,Normal environmental conditions,None,Continue monitoring environmental conditions.,LOW
2026-09-15 01:01:09+00:00,0.0,0,0.0,0.0,0.0,0,16.6,851.9,16.6,17.0,86.2,260,254,0,0.4,15,1.1,1.1,17.0,15.3,12.7,1,0.1395161477038305,False,NORMAL,Normal environmental conditions,None,Continue monitoring environmental conditions.,LOW
2026-09-15 01:16:36+00:00,0.0,0,0.0,0.0,0.0,0,16.6,851.9,16.7,17.0,85.9,260,254,0,0.0,112,0.0,0.0,17.0,15.3,12.8,1,0.1737766723679497,False,NORMAL,Normal environmental conditions,None,Continue monitoring environmental conditions.,LOW
2026-09-15 01:31:44+00:00,0.0,0,0.0,0.0,0.0,0,16.6,851.9,16.7,17.0,85.3,259,253,0,0.0,134,0.0,0.0,16.9,15.2,12.7,1,0.1684519960111036,False,NORMAL,Normal environmental conditions,None,Continue monitoring environmental conditions.,LOW
2026-09-15 01:46:53+00:00,0.0,0,0.0,0.0,0.0,0,16.5,852.0,16.6,16.9,84.9,261,254,0,0.0,112,0.0,0.0,16.9,15.1,12.7,1,0.1735410781277261,False,NORMAL,Normal environmental conditions,None,Continue monitoring environmental conditions.,LOW
2026-09-15 02:02:02+00:00,0.0,0,0.0,0.0,0.0,0,16.5,852.1,16.6,16.9,84.9,261,253,0,0.0,112,0.0,0.0,16.9,15.1,12.6,1,0.1742575043972531,False,NORMAL,Normal environmental conditions,None,Continue monitoring environmental conditions.,LOW
2026-09-15 02:17:11+00:00,0.0,0,0.0,0.0,0.0,0,16.5,852.0,16.7,16.9,84.8,260,254,0,0.0,112,0.0,0.0,16.9,15.1,12.7,1,0.173614454336155,False,NORMAL,Normal environmental conditions,None,Continue monitoring environmental conditions.,LOW
2026-09-15 02:32:39+00:00,0.0,0,0.0,0.0,0.0,0,16.5,852.0,16.6,16.9,84.8,260,255,0,0.7,105,1.1,1.1,16.8,15.1,12.6,1,0.1614915248914695,False,NORMAL,Normal environmental conditions,None,Continue monitoring environmental conditions.,LOW
2026-09-15 02:47:48+00:00,0.0,0,0.0,0.0,0.0,0,16.5,852.1,16.6,16.9,84.8,260,253,0,0.0,103,0.0,0.0,16.8,15.1,12.6,1,0.1754529651525124,False,NORMAL,Normal environmental conditions,None,Continue monitoring environmental conditions.,LOW
2026-09-15 03:03:13+00:00,0.0,0,0.0,0.0,0.0,0,16.6,852.2,16.7,17.0,84.8,260,253,0,0.5,149,0.9,0.9,17.0,15.2,12.7,1,0.1687183240347577,False,NORMAL,Normal environmental conditions,None,Continue monitoring environmental conditions.,LOW
2026-09-15 03:18:39+00:00,0.0,0,0.0,0.0,0.0,0,16.7,852.3,16.8,17.1,84.6,262,259,0,0.0,149,0.0,0.0,17.1,15.3,12.9,1,0.1713244482668304,False,NORMAL,Normal environmental conditions,None,Continue monitoring environmental conditions.,LOW
2026-09-15 03:33:49+00:00,0.0,0,0.0,0.0,0.0,0,16.7,852.5,16.8,17.1,84.5,261,265,0,0.0,149,0.4,0.4,17.1,15.3,12.9,1,0.1723094506706905,False,NORMAL,Normal environmental conditions,None,Continue monitoring environmental conditions.,LOW
2026-09-15 03:48:58+00:00,0.0,0,0.0,0.0,0.0,0,16.6,852.6,16.8,17.0,85.0,264,297,0,0.1,149,0.4,0.4,17.0,15.3,12.8,1,0.1702342318084971,False,NORMAL,Normal environmental conditions,None,Continue monitoring environmental conditions.,LOW
2026-09-15 04:04:07+00:00,0.0,0,0.0,0.1,0.0,0,16.6,852.8,16.8,17.0,85.0,268,341,0,0.3,148,0.9,0.9,17.0,15.3,12.8,1,0.1649633466611713,False,NORMAL,Normal environmental conditions,None,Continue monitoring environmental conditions.,LOW
2026-09-15 04:19:16+00:00,0.0,0,0.0,0.1,0.0,0,16.7,853.0,16.9,17.1,85.1,274,403,0,0.7,186,1.1,1.1,17.1,15.3,12.9,1,0.1497439088868243,False,NORMAL,Normal environmental conditions,None,Continue monitoring environmental conditions.,LOW
2026-09-15 04:34:43+00:00,0.0,0,0.0,0.1,0.0,0,16.8,853.3,17.0,17.2,85.0,277,448,0,0.2,186,0.9,0.9,17.2,15.4,13.0,1,0.1537684398502232,False,NORMAL,Normal environmental conditions,None,Continue monitoring environmental conditions.,LOW
2026-09-15 04:49:51+00:00,0.0,0,0.0,0.2,0.0,0,16.8,853.3,17.0,17.2,85.1,284,511,0,0.3,186,0.7,0.7,17.2,15.5,13.0,1,0.1534609516642787,False,NORMAL,Normal environmental conditions,None,Continue monitoring environmental conditions.,LOW
2026-09-15 05:05:00+00:00,0.0,0,0.0,0.2,0.0,0,16.9,853.5,17.1,17.3,84.5,287,551,0,0.4,185,1.3,1.3,17.3,15.5,13.1,1,0.147392099135398,False,NORMAL,Normal environmental conditions,None,Continue monitoring environmental conditions.,LOW
2026-09-15 05:20:09+00:00,0.0,0,0.0,0.2,0.0,0,17.1,853.6,17.2,17.5,84.1,299,672,0,0.1,185,0.4,0.4,17.5,15.6,13.3,1,0.1462210905036672,False,NORMAL,Normal environmental conditions,None,Continue monitoring environmental conditions.,LOW
2026-09-15 05:35:18+00:00,0.0,0,0.0,0.3,0.0,0,17.1,853.9,17.2,17.5,83.7,306,748,0,0.6,169,1.1,1.1,17.5,15.6,13.3,1,0.1428146138964533,False,NORMAL,Normal environmental conditions,None,Continue monitoring environmental conditions.,LOW
2026-09-15 05:50:47+00:00,0.0,0,0.0,0.3,0.0,0,17.2,854.0,17.4,17.7,83.1,306,740,0,0.4,160,1.7,1.7,17.7,15.7,13.4,1,0.1354540975108826,False,NORMAL,Normal environmental conditions,None,Continue monitoring environmental conditions.,LOW
2026-09-15 06:05:56+00:00,0.0,0,0.0,0.3,0.0,0,17.0,854.1,17.2,17.5,83.7,323,929,0,0.3,95,1.1,1.1,17.5,15.6,13.2,1,0.144742354704073,False,NORMAL,Normal environmental conditions,None,Continue monitoring environmental conditions.,LOW
2026-09-15 06:21:05+00:00,0.0,0,0.0,0.3,0.0,0,17.2,854.2,17.4,17.7,83.0,319,890,0,0.6,101,1.4,1.4,17.7,15.7,13.4,1,0.1340506733478675,False,NORMAL,Normal environmental conditions,None,Continue monitoring environmental conditions.,LOW
2026-09-15 06:36:14+00:00,0.0,0,0.0,0.5,0.0,0,17.4,854.4,17.6,17.9,81.6,344,1143,0,0.4,71,1.3,1.3,17.8,15.7,13.6,1,0.125971110565553,False,NORMAL,Normal environmental conditions,None,Continue monitoring environmental conditions.,LOW
2026-09-15 06:51:23+00:00,0.0,0,0.0,0.3,0.0,0,17.6,854.3,17.8,18.1,81.5,323,910,0,0.0,96,0.2,0.2,18.1,15.8,13.8,1,0.1299601932786632,False,NORMAL,Normal environmental conditions,None,Continue monitoring environmental conditions.,LOW
2026-09-15 07:06:50+00:00,0.0,0,0.0,0.4,0.0,0,17.9,854.4,18.1,18.3,80.8,335,1022,0,0.0,95,0.2,0.2,18.3,16.0,14.0,1,0.1239043743959358,False,NORMAL,Normal environmental conditions,None,Continue monitoring environmental conditions.,LOW
2026-09-15 07:21:59+00:00,0.0,0,0.0,0.3,0.0,0,17.9,854.4,18.1,18.4,80.0,323,900,0,0.3,95,1.1,1.1,18.4,16.0,14.1,1,0.1328312230862706,False,NORMAL,Normal environmental conditions,None,Continue monitoring environmental conditions.,LOW
2026-09-15 07:37:08+00:00,0.0,0,0.0,0.2,0.0,0,17.7,854.4,17.8,18.2,80.6,302,681,0,0.7,137,1.7,1.7,18.1,15.8,13.9,1,0.1225165388223727,False,NORMAL,Normal environmental conditions,None,Continue monitoring environmental conditions.,LOW
2026-09-15 07:52:17+00:00,0.0,0,0.0,0.2,0.0,0,18.0,854.3,18.2,18.5,80.3,305,697,0,0.5,76,1.5,1.5,18.5,16.1,14.2,1,0.1335491219954281,False,NORMAL,Normal environmental conditions,None,Continue monitoring environmental conditions.,LOW
2026-09-15 08:07:26+00:00,0.0,0,0.0,0.3,0.0,0,17.8,854.2,18.0,18.3,81.0,314,792,0,1.2,125,2.2,2.2,18.3,16.0,14.0,1,0.0892493102876691,False,NORMAL,Normal environmental conditions,None,Continue monitoring environmental conditions.,LOW
2026-09-15 08:22:54+00:00,0.0,0,0.0,0.2,0.0,0,17.3,854.2,17.5,17.8,83.2,301,683,0,0.6,100,1.1,1.1,17.8,15.8,13.5,1,0.1433509763864806,False,NORMAL,Normal environmental conditions,None,Continue monitoring environmental conditions.,LOW
2026-09-15 08:38:03+00:00,0.0,0,0.0,0.5,0.0,0,17.2,854.1,17.4,17.7,84.1,345,1145,0,1.1,143,1.5,1.5,17.7,15.8,13.5,1,0.1037003540530267,False,NORMAL,Normal environmental conditions,None,Continue monitoring environmental conditions.,LOW
2026-09-15 08:53:12+00:00,0.0,0,0.0,0.5,0.0,0,17.7,853.9,17.8,18.1,82.0,343,1100,0,0.8,129,1.3,1.3,18.1,15.9,13.8,1,0.1323872544456438,False,NORMAL,Normal environmental conditions,None,Continue monitoring environmental conditions.,LOW
2026-09-15 09:08:21+00:00,0.0,0,0.0,0.4,0.0,0,17.4,853.7,17.6,18.0,82.4,334,1048,0,0.7,100,1.3,1.3,18.0,15.9,13.7,1,0.1409524615451435,False,NORMAL,Normal environmental conditions,None,Continue monitoring environmental conditions.,LOW
2026-09-15 09:23:30+00:00,0.0,0,0.0,0.3,0.0,0,17.9,853.7,18.1,18.4,82.1,311,806,0,1.2,75,1.7,1.7,18.4,16.2,14.1,1,0.0989641612812384,False,NORMAL,Normal environmental conditions,None,Continue monitoring environmental conditions.,LOW
2026-09-15 09:38:40+00:00,0.0,0,0.0,0.3,0.0,0,17.3,853.4,17.6,17.8,84.9,322,894,0,0.2,194,0.7,0.7,17.8,16.0,13.6,1,0.13891461092035,False,NORMAL,Normal environmental conditions,None,Continue monitoring environmental conditions.,LOW
2026-09-15 09:54:05+00:00,0.0,0,0.0,0.3,0.0,0,17.3,853.1,17.5,17.7,85.1,315,837,0,0.2,100,1.1,1.1,17.7,15.9,13.5,1,0.1492026827004733,False,NORMAL,Normal environmental conditions,None,Continue monitoring environmental conditions.,LOW
2026-09-15 10:09:14+00:00,0.0,0,0.0,0.5,0.0,0,17.5,852.8,17.8,17.9,83.2,354,1261,0,0.9,159,1.7,1.7,17.9,15.9,13.6,1,0.11816398005919,False,NORMAL,Normal environmental conditions,None,Continue monitoring environmental conditions.,LOW
2026-09-15 10:24:22+00:00,0.0,0,0.0,0.6,0.0,0,18.3,852.7,18.4,18.7,80.4,376,1508,0,0.4,73,1.1,1.1,18.7,16.3,14.4,1,0.1395413063148114,False,NORMAL,Normal environmental conditions,None,Continue monitoring environmental conditions.,LOW
2026-09-15 10:39:31+00:00,0.0,0,0.0,0.6,0.0,0,18.4,852.6,18.6,18.9,78.8,359,1321,0,0.0,93,0.2,0.2,18.9,16.3,14.5,1,0.1403842672368675,False,NORMAL,Normal environmental conditions,None,Continue monitoring environmental conditions.,LOW
2026-09-15 10:55:15+00:00,0.0,0,0.0,0.6,0.0,0,18.6,852.2,18.8,19.2,76.9,376,1518,0,0.1,91,0.4,0.4,19.2,16.4,14.8,1,0.1410983945664986,False,NORMAL,Normal environmental conditions,None,Continue monitoring environmental conditions.,LOW
2026-09-15 11:10:23+00:00,0.0,0,0.0,0.9,0.0,0,18.7,852.1,19.0,19.1,76.2,428,2085,0,0.4,179,0.7,0.7,19.1,16.2,14.8,1,0.1324599444441029,False,NORMAL,Normal environmental conditions,None,Continue monitoring environmental conditions.,LOW
2026-09-15 11:25:32+00:00,0.0,0,0.0,1.0,0.0,0,19.3,852.0,19.7,19.8,73.6,448,2302,0,0.1,175,0.4,0.4,19.8,16.6,15.4,1,0.1125833497875841,False,NORMAL,Normal environmental conditions,None,Continue monitoring environmental conditions.,LOW
2026-09-15 11:42:09+00:00,0.0,0,0.0,1.0,0.0,0,20.3,851.7,20.5,20.7,69.9,453,2343,0,0.3,94,0.9,0.9,20.7,16.9,16.2,1,0.1245528254814415,False,NORMAL,Normal environmental conditions,None,Continue monitoring environmental conditions.,LOW
2026-09-15 11:57:17+00:00,0.0,0,0.0,0.6,0.0,0,20.2,851.7,20.5,20.7,69.4,377,1516,0,0.5,98,1.3,1.3,20.7,16.9,16.2,1,0.1375205169846319,False,NORMAL,Normal environmental conditions,None,Continue monitoring environmental conditions.,LOW
2026-09-15 12:13:11+00:00,0.0,0,0.0,0.5,0.0,0,19.7,851.5,20.1,20.2,70.7,348,1216,0,0.0,182,0.2,0.2,20.2,16.6,15.7,1,0.1202808801195056,False,NORMAL,Normal environmental conditions,None,Continue monitoring environmental conditions.,LOW
2026-09-15 12:28:20+00:00,0.0,0,0.0,0.4,0.0,0,19.9,851.4,20.1,20.3,69.8,340,1113,0,0.8,161,2.0,2.0,20.3,16.6,15.8,1,0.122979886388913,False,NORMAL,Normal environmental conditions,None,Continue monitoring environmental conditions.,LOW
2026-09-15 12:44:14+00:00,0.0,0,0.0,0.3,0.0,0,20.1,851.4,20.2,20.5,69.0,322,919,0,0.0,161,0.0,0.0,20.4,16.6,15.9,1,0.1212401412360917,False,NORMAL,Normal environmental conditions,None,Continue monitoring environmental conditions.,LOW
2026-09-15 12:59:23+00:00,0.0,0,0.0,0.3,0.0,0,20.1,851.3,20.3,20.5,68.0,305,729,0,0.2,174,0.9,0.9,20.5,16.5,16.0,1,0.1370713118863308,False,NORMAL,Normal environmental conditions,None,Continue monitoring environmental conditions.,LOW
2026-09-15 13:14:32+00:00,0.0,0,0.0,0.2,0.0,0,20.0,851.3,20.2,20.4,68.4,293,609,0,0.3,97,0.9,0.9,20.4,16.5,15.9,1,0.1473365480661529,False,NORMAL,Normal environmental conditions,None,Continue monitoring environmental conditions.,LOW
2026-09-15 13:29:40+00:00,0.0,0,0.0,0.2,0.0,0,20.2,851.3,20.4,20.6,67.8,295,643,0,0.0,97,0.0,0.0,20.5,16.6,16.0,1,0.131955377888031,False,NORMAL,Normal environmental conditions,None,Continue monitoring environmental conditions.,LOW
2026-09-15 13:45:09+00:00,0.0,0,0.0,0.2,0.0,0,20.3,851.2,20.5,20.7,66.7,287,547,0,0.0,98,0.0,0.0,20.7,16.5,16.1,1,0.1327777259545424,False,NORMAL,Normal environmental conditions,None,Continue monitoring environmental conditions.,LOW
2026-09-15 14:00:17+00:00,0.0,0,0.0,0.1,0.0,0,20.3,851.3,20.4,20.7,66.4,280,479,0,0.7,131,2.0,2.0,20.6,16.5,16.1,1,0.1378229173288863,False,NORMAL,Normal environmental conditions,None,Continue monitoring environmental conditions.,LOW
2026-09-15 14:15:25+00:00,0.0,0,0.0,0.1,0.0,0,20.0,851.5,20.1,20.5,72.0,278,455,0,0.0,18,0.0,0.0,20.5,17.0,16.0,1,0.1030243831264103,False,NORMAL,Normal environmental conditions,None,Continue monitoring environmental conditions.,LOW
2026-09-15 14:30:34+00:00,0.0,0,0.0,0.1,0.0,0,19.6,851.4,19.8,20.1,73.6,269,344,0,0.0,95,0.2,0.2,20.1,16.8,15.6,1,0.1324657967188414,False,NORMAL,Normal environmental conditions,None,Continue monitoring environmental conditions.,LOW
2026-09-15 14:45:42+00:00,0.0,0,0.0,0.0,0.0,0,19.5,851.5,19.6,19.9,75.2,265,293,0,0.1,95,0.4,0.4,19.9,16.8,15.4,1,0.1387562635682221,False,NORMAL,Normal environmental conditions,None,Continue monitoring environmental conditions.,LOW
2026-09-15 15:01:18+00:00,0.0,0,0.0,0.0,0.0,0,19.2,851.7,19.3,19.6,76.1,264,287,0,0.1,95,0.4,0.4,19.6,16.7,15.2,1,0.1445369989744058,False,NORMAL,Normal environmental conditions,None,Continue monitoring environmental conditions.,LOW
2026-09-15 15:16:27+00:00,0.0,0,0.0,0.0,0.0,0,19.1,851.8,19.3,19.5,76.7,263,269,0,0.3,95,1.1,1.1,19.5,16.7,15.1,1,0.1527836150032687,False,NORMAL,Normal environmental conditions,None,Continue monitoring environmental conditions.,LOW
2026-09-15 15:31:35+00:00,0.0,0,0.0,0.0,0.0,0,19.1,851.8,19.2,19.4,77.1,261,256,0,0.0,95,0.0,0.0,19.4,16.6,15.1,1,0.1469003170478252,False,NORMAL,Normal environmental conditions,None,Continue monitoring environmental conditions.,LOW
2026-09-15 15:47:21+00:00,0.0,0,0.0,0.0,0.0,0,19.0,852.0,19.1,19.3,77.6,260,255,0,0.0,95,0.0,0.0,19.3,16.6,15.0,1,0.1491809229829375,False,NORMAL,Normal environmental conditions,None,Continue monitoring environmental conditions.,LOW
2026-09-15 16:02:29+00:00,0.0,0,0.0,0.0,0.0,0,18.9,851.9,19.0,19.3,77.8,260,254,0,0.0,95,0.2,0.2,19.3,16.5,14.9,1,0.1532445708011428,False,NORMAL,Normal environmental conditions,None,Continue monitoring environmental conditions.,LOW
2026-09-15 16:17:37+00:00,0.0,0,0.0,0.0,0.0,0,18.9,851.9,19.0,19.2,77.8,260,254,0,0.1,95,0.4,0.4,19.2,16.5,14.9,1,0.1588649474655907,False,NORMAL,Normal environmental conditions,None,Continue monitoring environmental conditions.,LOW
2026-09-15 16:32:46+00:00,0.0,0,0.0,0.0,0.0,0,18.8,851.9,18.9,19.1,77.4,261,252,0,0.3,91,1.1,1.1,19.1,16.4,14.8,1,0.1610412637671483,False,NORMAL,Normal environmental conditions,None,Continue monitoring environmental conditions.,LOW
2026-09-15 16:47:55+00:00,0.0,0,0.0,0.0,0.0,0,18.7,852.1,18.8,19.1,77.6,261,254,0,0.7,66,1.1,1.1,19.1,16.3,14.7,1,0.1470144733617795,False,NORMAL,Normal environmental conditions,None,Continue monitoring environmental conditions.,LOW
2026-09-15 17:03:19+00:00,0.0,0,0.0,0.0,0.0,0,18.6,852.1,18.8,19.0,78.0,260,254,0,0.1,77,0.4,0.4,19.0,16.3,14.6,1,0.1559606719731743,False,NORMAL,Normal environmental conditions,None,Continue monitoring environmental conditions.,LOW
2026-09-15 17:18:28+00:00,0.0,0,0.0,0.0,0.0,0,18.6,852.3,18.7,18.9,77.9,260,254,0,0.6,68,1.3,1.3,18.9,16.2,14.6,1,0.1514797690472604,False,NORMAL,Normal environmental conditions,None,Continue monitoring environmental conditions.,LOW
2026-09-15 17:33:37+00:00,0.0,0,0.0,0.0,0.0,0,18.5,852.5,18.7,18.9,77.3,260,253,0,0.0,67,0.2,0.2,18.9,16.1,14.5,1,0.144208953505369,False,NORMAL,Normal environmental conditions,None,Continue monitoring environmental conditions.,LOW
2026-09-15 17:48:45+00:00,0.0,0,0.0,0.0,0.0,0,18.6,852.6,18.8,19.0,74.6,260,253,0,0.0,98,0.2,0.2,18.9,15.9,14.6,1,0.1627186921526756,False,NORMAL,Normal environmental conditions,None,Continue monitoring environmental conditions.,LOW
2026-09-15 18:03:54+00:00,0.0,0,0.0,0.0,0.0,0,18.6,852.9,18.8,19.0,74.5,258,252,0,0.0,64,0.0,0.0,18.9,15.9,14.6,1,0.1383004917162693,False,NORMAL,Normal environmental conditions,None,Continue monitoring environmental conditions.,LOW
2026-09-15 18:19:23+00:00,0.0,0,0.0,0.0,0.0,0,18.6,853.1,18.8,19.0,74.6,260,254,0,0.0,66,0.4,0.4,18.9,15.9,14.6,1,0.1455403148323282,False,NORMAL,Normal environmental conditions,None,Continue monitoring environmental conditions.,LOW
2026-09-15 18:34:32+00:00,0.0,0,0.0,0.0,0.0,0,18.6,853.0,18.8,19.0,74.8,261,254,0,0.2,91,0.7,0.7,18.9,15.9,14.6,1,0.1698179932303933,False,NORMAL,Normal environmental conditions,None,Continue monitoring environmental conditions.,LOW
2026-09-15 18:49:41+00:00,0.0,0,0.0,0.0,0.0,0,18.6,853.1,18.8,19.0,74.8,260,254,0,0.0,84,0.4,0.4,18.9,15.9,14.6,1,0.1584665050583026,False,NORMAL,Normal environmental conditions,None,Continue monitoring environmental conditions.,LOW
2026-09-15 19:04:50+00:00,0.0,0,0.0,0.0,0.0,0,18.6,853.4,18.8,18.9,75.1,260,253,0,0.2,91,0.4,0.4,18.9,15.9,14.6,1,0.159860820498053,False,NORMAL,Normal environmental conditions,None,Continue monitoring environmental conditions.,LOW
2026-09-15 19:19:58+00:00,0.0,0,0.0,0.0,0.0,0,18.5,853.4,18.6,18.9,75.6,260,254,0,0.0,91,0.0,0.0,18.8,15.9,14.5,1,0.1512435709860365,False,NORMAL,Normal environmental conditions,None,Continue monitoring environmental conditions.,LOW
2026-09-15 19:35:25+00:00,0.0,0,0.0,0.0,0.0,0,18.4,853.5,18.6,18.8,76.3,261,253,0,0.0,92,0.4,0.4,18.8,15.9,14.4,1,0.1532931133049895,False,NORMAL,Normal environmental conditions,None,Continue monitoring environmental conditions.,LOW
2026-09-15 19:50:34+00:00,0.0,0,0.0,0.0,0.0,0,18.2,853.6,18.4,18.6,77.8,258,255,0,0.6,175,1.7,1.7,18.6,16.0,14.3,1,0.145962406207229,False,NORMAL,Normal environmental conditions,None,Continue monitoring environmental conditions.,LOW
2026-09-15 20:05:42+00:00,0.0,0,0.0,0.0,0.0,0,18.2,853.8,18.3,18.5,78.6,261,254,0,0.4,140,1.3,1.3,18.5,16.0,14.2,1,0.1523959645762614,False,NORMAL,Normal environmental conditions,None,Continue monitoring environmental conditions.,LOW
2026-09-15 20:20:50+00:00,0.0,0,0.0,0.0,0.0,0,18.0,853.8,18.2,18.4,79.3,259,254,0,0.3,191,0.9,0.9,18.4,15.9,14.1,1,0.1467321140494975,False,NORMAL,Normal environmental conditions,None,Continue monitoring environmental conditions.,LOW
2026-09-15 20:35:58+00:00,0.0,0,0.0,0.0,0.0,0,17.8,853.8,18.1,18.3,80.2,260,255,0,0.7,148,1.5,1.5,18.3,15.9,14.0,1,0.1465487474490624,False,NORMAL,Normal environmental conditions,None,Continue monitoring environmental conditions.,LOW
2026-09-15 20:51:06+00:00,0.0,0,0.0,0.0,0.0,0,17.7,853.6,17.9,18.1,80.9,259,254,0,0.0,96,0.0,0.0,18.1,15.8,13.8,1,0.152432702216418,False,NORMAL,Normal environmental conditions,None,Continue monitoring environmental conditions.,LOW
2026-09-15 21:06:28+00:00,0.0,0,0.0,0.0,0.0,0,17.8,853.5,17.9,18.1,80.8,259,253,0,0.0,195,0.2,0.2,18.1,15.8,13.8,1,0.1482969748105022,False,NORMAL,Normal environmental conditions,None,Continue monitoring environmental conditions.,LOW
2026-09-15 21:21:36+00:00,0.0,0,0.0,0.0,0.0,0,17.7,853.2,17.9,18.0,80.8,259,252,0,1.1,182,2.2,2.2,18.0,15.7,13.7,1,0.10968003134868,False,NORMAL,Normal environmental conditions,None,Continue monitoring environmental conditions.,LOW
2026-09-15 21:36:44+00:00,0.0,0,0.0,0.0,0.0,0,17.6,853.0,17.8,18.0,81.3,260,253,0,1.1,177,2.0,2.0,17.9,15.7,13.7,1,0.1200724582145704,False,NORMAL,Normal environmental conditions,None,Continue monitoring environmental conditions.,LOW
2026-09-15 21:51:52+00:00,0.0,0,0.0,0.0,0.0,0,17.5,852.9,17.6,17.9,81.3,259,253,0,0.7,169,2.0,2.0,17.9,15.7,13.6,1,0.1436826512115347,False,NORMAL,Normal environmental conditions,None,Continue monitoring environmental conditions.,LOW
2026-09-15 22:07:00+00:00,0.0,0,0.0,0.0,0.0,0,17.3,852.8,17.4,17.7,82.1,262,254,0,0.1,97,0.4,0.4,17.7,15.6,13.5,1,0.169448800609841,False,NORMAL,Normal environmental conditions,None,Continue monitoring environmental conditions.,LOW
2026-09-15 22:22:09+00:00,0.0,0,0.0,0.0,0.0,0,17.2,852.6,17.3,17.6,82.8,260,253,0,0.0,219,0.4,0.4,17.6,15.6,13.3,1,0.1513106614594657,False,NORMAL,Normal environmental conditions,None,Continue monitoring environmental conditions.,LOW
2026-09-15 22:37:31+00:00,0.0,0,0.0,0.0,0.0,0,17.2,852.5,17.4,17.6,83.0,261,253,0,0.1,96,0.7,0.7,17.6,15.5,13.3,1,0.1762889396693371,False,NORMAL,Normal environmental conditions,None,Continue monitoring environmental conditions.,LOW
2026-09-15 22:52:40+00:00,0.0,0,0.0,0.0,0.0,0,17.1,852.4,17.2,17.5,83.4,261,253,0,0.7,78,1.3,1.3,17.5,15.5,13.2,1,0.1612389567934818,False,NORMAL,Normal environmental conditions,None,Continue monitoring environmental conditions.,LOW
2026-09-15 23:07:48+00:00,0.0,0,0.0,0.0,0.0,0,17.0,852.4,17.2,17.5,84.0,262,253,0,1.2,136,2.2,2.2,17.4,15.5,13.2,1,0.1191455900214952,False,NORMAL,Normal environmental conditions,None,Continue monitoring environmental conditions.,LOW
2026-09-15 23:22:56+00:00,0.0,0,0.0,0.0,0.0,0,16.7,852.3,16.9,17.1,84.5,259,253,0,0.4,148,1.1,1.1,17.1,15.3,12.9,1,0.1727967393904465,False,NORMAL,Normal environmental conditions,None,Continue monitoring environmental conditions.,LOW
2026-09-15 23:38:04+00:00,0.0,0,0.0,0.0,0.0,0,16.5,852.4,16.7,17.0,84.9,260,253,0,0.1,100,0.2,0.2,17.0,15.2,12.7,1,0.1756742808566619,False,NORMAL,Normal environmental conditions,None,Continue monitoring environmental conditions.,LOW
2026-09-15 23:53:12+00:00,0.0,0,0.0,0.0,0.0,0,16.4,852.3,16.5,16.8,85.6,260,253,0,0.1,100,0.4,0.4,16.8,15.1,12.6,1,0.1772316968867822,False,NORMAL,Normal environmental conditions,None,Continue monitoring environmental conditions.,LOW
2026-09-16 00:00:30+00:00,0.0,0,0.0,0.0,0.0,0,16.3,852.4,16.5,16.8,86.0,260,253,0,0.0,100,0.0,0.0,16.7,15.1,12.5,1,0.1739857923425151,False,NORMAL,Normal environmental conditions,None,Continue monitoring environmental conditions.,LOW
2026-09-16 00:15:39+00:00,0.0,0,0.0,0.0,0.0,0,16.4,852.2,16.6,16.8,85.7,260,252,0,0.7,175,2.0,2.0,16.8,15.1,12.6,1,0.1392927905275179,False,NORMAL,Normal environmental conditions,None,Continue monitoring environmental conditions.,LOW
2026-09-16 00:30:47+00:00,0.0,0,0.0,0.0,0.0,0,16.4,852.3,16.5,16.7,85.7,260,253,0,0.2,98,1.1,1.1,16.7,15.1,12.5,1,0.1729261953695857,False,NORMAL,Normal environmental conditions,None,Continue monitoring environmental conditions.,LOW
2026-09-16 00:45:55+00:00,0.0,0,0.0,0.0,0.0,0,16.3,852.4,16.5,16.7,85.7,261,254,0,0.3,99,0.9,0.9,16.7,15.0,12.5,1,0.1762213706044462,False,NORMAL,Normal environmental conditions,None,Continue monitoring environmental conditions.,LOW
2026-09-16 01:01:04+00:00,0.0,0,0.0,0.0,0.0,0,16.2,852.4,16.3,16.7,86.1,261,253,0,0.0,99,0.2,0.2,16.6,15.0,12.4,1,0.1705606859157173,False,NORMAL,Normal environmental conditions,None,Continue monitoring environmental conditions.,LOW
2026-09-16 01:16:13+00:00,0.0,0,0.0,0.0,0.0,0,16.1,852.6,16.2,16.5,86.6,261,254,0,0.1,99,0.2,0.2,16.5,15.0,12.3,1,0.1673570475398407,False,NORMAL,Normal environmental conditions,None,Continue monitoring environmental conditions.,LOW
2026-09-16 01:31:34+00:00,0.0,0,0.0,0.0,0.0,0,16.1,852.7,16.3,16.5,86.7,260,255,0,0.0,99,0.0,0.0,16.5,15.0,12.3,1,0.1649202568301789,False,NORMAL,Normal environmental conditions,None,Continue monitoring environmental conditions.,LOW
2026-09-16 01:46:42+00:00,0.0,0,0.0,0.0,0.0,0,16.2,852.8,16.4,16.6,86.5,258,253,0,0.0,99,0.0,0.0,16.6,15.0,12.3,1,0.1646045608915615,False,NORMAL,Normal environmental conditions,None,Continue monitoring environmental conditions.,LOW
2026-09-16 02:01:50+00:00,0.0,0,0.0,0.0,0.0,0,16.2,852.9,16.3,16.5,86.5,261,252,0,0.0,99,0.0,0.0,16.5,15.0,12.3,1,0.1646712821288468,False,NORMAL,Normal environmental conditions,None,Continue monitoring environmental conditions.,LOW
2026-09-16 02:16:58+00:00,0.0,0,0.0,0.0,0.0,0,16.2,853.0,16.3,16.5,86.5,260,254,0,0.0,99,0.0,0.0,16.5,15.0,12.3,1,0.1619984196752554,False,NORMAL,Normal environmental conditions,None,Continue monitoring environmental conditions.,LOW
2026-09-16 02:32:07+00:00,0.0,0,0.0,0.0,0.0,0,16.2,853.0,16.3,16.6,86.5,261,253,0,0.0,99,0.0,0.0,16.6,15.0,12.4,1,0.1629905639735019,False,NORMAL,Normal environmental conditions,None,Continue monitoring environmental conditions.,LOW
2026-09-16 02:47:35+00:00,0.0,0,0.0,0.0,0.0,0,16.2,853.2,16.4,16.6,86.5,261,253,0,0.0,99,0.0,0.0,16.6,15.0,12.4,1,0.1587455686756071,False,NORMAL,Normal environmental conditions,None,Continue monitoring environmental conditions.,LOW
2026-09-16 03:02:43+00:00,0.0,0,0.0,0.0,0.0,0,16.2,853.2,16.3,16.6,86.4,260,254,0,0.0,99,0.0,0.0,16.5,15.0,12.3,1,0.1573112759579541,False,NORMAL,Normal environmental conditions,None,Continue monitoring environmental conditions.,LOW
2026-09-16 03:17:52+00:00,0.0,0,0.0,0.0,0.0,0,16.1,853.4,16.3,16.5,86.6,261,263,0,0.2,99,0.7,0.7,16.5,15.0,12.3,1,0.1540923120226252,False,NORMAL,Normal environmental conditions,None,Continue monitoring environmental conditions.,LOW
2026-09-16 03:33:01+00:00,0.0,0,0.0,0.0,0.0,0,16.1,853.4,16.2,16.5,86.4,265,283,0,0.1,119,0.4,0.4,16.5,14.9,12.3,1,0.1515334124452385,False,NORMAL,Normal environmental conditions,None,Continue monitoring environmental conditions.,LOW
2026-09-16 03:48:10+00:00,0.0,0,0.0,0.0,0.0,0,16.0,853.7,16.2,16.4,86.7,264,297,0,0.0,128,0.4,0.4,16.4,14.9,12.2,1,0.1435440637342258,False,NORMAL,Normal environmental conditions,None,Continue monitoring environmental conditions.,LOW
2026-09-16 04:03:41+00:00,0.0,0,0.0,0.1,0.0,0,16.0,853.8,16.3,16.4,86.4,270,365,0,0.4,138,1.1,1.1,16.4,14.8,12.2,1,0.1342333830777868,False,NORMAL,Normal environmental conditions,None,Continue monitoring environmental conditions.,LOW
2026-09-16 04:18:49+00:00,0.0,0,0.0,0.1,0.0,0,16.1,853.8,16.3,16.5,86.5,283,507,0,0.1,146,0.7,0.7,16.4,14.9,12.2,1,0.1337712587612026,False,NORMAL,Normal environmental conditions,None,Continue monitoring environmental conditions.,LOW
2026-09-16 04:33:59+00:00,0.0,0,0.0,0.2,0.0,0,16.2,854.1,16.3,16.6,85.8,288,563,0,0.4,145,0.7,0.7,16.6,14.9,12.4,1,0.1317518251463834,False,NORMAL,Normal environmental conditions,None,Continue monitoring environmental conditions.,LOW
2026-09-16 04:49:08+00:00,0.0,0,0.0,0.2,0.0,0,16.3,854.3,16.5,16.7,85.8,296,656,0,0.4,146,1.3,1.3,16.7,15.1,12.5,1,0.1311730183980166,False,NORMAL,Normal environmental conditions,None,Continue monitoring environmental conditions.,LOW
2026-09-16 05:04:17+00:00,0.0,0,0.0,0.5,0.0,0,16.8,854.4,16.9,17.2,84.1,358,1330,0,0.4,146,1.5,1.5,17.2,15.3,12.9,1,0.116344300095844,False,NORMAL,Normal environmental conditions,None,Continue monitoring environmental conditions.,LOW
2026-09-16 05:19:42+00:00,0.0,0,0.0,0.8,0.0,0,17.3,854.4,17.4,17.8,80.2,400,1808,0,1.6,61,2.6,2.6,17.7,15.4,13.5,1,0.0220057806241303,False,NORMAL,Normal environmental conditions,None,Continue monitoring environmental conditions.,LOW
2026-09-16 05:34:52+00:00,0.0,0,0.0,0.9,0.0,0,18.2,854.6,18.3,18.6,78.4,422,2029,0,0.8,116,2.0,2.0,18.6,16.0,14.3,1,0.1045869651436466,False,NORMAL,Normal environmental conditions,None,Continue monitoring environmental conditions.,LOW
2026-09-16 05:50:01+00:00,0.0,0,0.0,1.0,0.0,0,18.3,854.9,18.4,18.9,76.8,438,2187,0,1.0,80,2.6,2.6,18.8,16.0,14.5,1,0.0711746946848836,False,NORMAL,Normal environmental conditions,None,Continue monitoring environmental conditions.,LOW
2026-09-16 06:05:10+00:00,0.0,0,0.0,0.7,0.0,0,18.2,854.9,18.5,18.8,76.7,389,1644,0,0.1,137,0.2,0.2,18.8,16.0,14.4,1,0.115153363189425,False,NORMAL,Normal environmental conditions,None,Continue monitoring environmental conditions.,LOW
2026-09-16 06:20:19+00:00,0.0,0,0.0,0.8,0.0,0,18.3,855.0,18.6,18.9,75.5,407,1842,0,0.9,137,2.0,2.0,18.8,15.9,14.5,1,0.0946750138431148,False,NORMAL,Normal environmental conditions,None,Continue monitoring environmental conditions.,LOW
2026-09-16 06:35:52+00:00,0.0,0,0.0,0.6,0.0,0,18.3,855.0,18.6,18.9,75.6,370,1455,0,0.5,142,1.1,1.1,18.8,15.9,14.5,1,0.1238800721555103,False,NORMAL,Normal environmental conditions,None,Continue monitoring environmental conditions.,LOW
2026-09-16 06:51:00+00:00,0.0,0,0.0,0.5,0.0,0,18.1,855.0,18.4,18.7,76.4,352,1259,0,0.8,114,1.5,1.5,18.6,15.8,14.3,1,0.1130861193312642,False,NORMAL,Normal environmental conditions,None,Continue monitoring environmental conditions.,LOW
2026-09-16 07:06:09+00:00,0.0,0,0.0,0.7,0.0,0,18.2,855.1,18.4,18.8,75.3,392,1713,0,0.7,111,1.3,1.3,18.7,15.8,14.4,1,0.1187483170686897,False,NORMAL,Normal environmental conditions,None,Continue monitoring environmental conditions.,LOW
2026-09-16 07:21:18+00:00,0.0,0,0.0,1.3,0.0,0,19.3,855.0,19.6,19.8,71.2,501,2875,0,0.1,116,0.4,0.4,19.8,16.3,15.3,1,0.088350912752525,False,NORMAL,Normal environmental conditions,None,Continue monitoring environmental conditions.,LOW
2026-09-16 07:36:55+00:00,0.0,0,0.0,0.6,0.0,0,19.7,854.9,20.0,20.2,68.1,364,1408,0,1.2,141,2.0,2.0,20.1,16.2,15.7,1,0.0852831061048531,False,NORMAL,Normal environmental conditions,None,Continue monitoring environmental conditions.,LOW
2026-09-16 07:52:04+00:00,0.0,0,0.0,1.1,0.0,0,19.5,854.8,19.6,20.0,69.8,472,2560,0,0.6,112,1.7,1.7,20.0,16.3,15.5,1,0.1043915550836734,False,NORMAL,Normal environmental conditions,None,Continue monitoring environmental conditions.,LOW
2026-09-16 08:07:12+00:00,0.0,0,0.0,1.5,0.0,0,20.6,854.6,20.6,21.1,66.4,529,3208,0,1.5,69,2.4,2.4,21.1,16.9,16.5,1,0.0344093437376168,False,NORMAL,Normal environmental conditions,None,Continue monitoring environmental conditions.,LOW
2026-09-16 08:22:42+00:00,0.0,0,0.0,1.3,0.0,0,20.4,854.6,20.4,21.1,68.5,492,2795,0,0.8,87,1.3,1.3,21.1,17.1,16.5,1,0.1036797059460661,False,NORMAL,Normal environmental conditions,None,Continue monitoring environmental conditions.,LOW
2026-09-16 08:38:13+00:00,0.0,0,0.0,2.2,0.0,0,20.5,854.5,20.6,21.2,68.2,662,4569,0,0.3,93,0.9,0.9,21.1,17.1,16.6,1,0.0747280163905722,False,NORMAL,Normal environmental conditions,None,Continue monitoring environmental conditions.,LOW
2026-09-16 08:54:09+00:00,0.0,0,0.0,2.9,0.0,0,22.0,854.0,21.9,22.5,61.4,801,6128,0,0.6,356,1.1,1.1,22.4,17.4,17.7,1,0.0349557375970941,False,NORMAL,Normal environmental conditions,None,Continue monitoring environmental conditions.,LOW
2026-09-16 09:09:17+00:00,0.0,0,0.0,3.8,0.0,0,24.0,853.8,24.0,24.3,57.2,959,7938,0,1.2,64,2.0,2.0,24.2,18.4,19.2,1,0.0010702602958354,False,NORMAL,Normal environmental conditions,None,Continue monitoring environmental conditions.,LOW
2026-09-16 09:25:15+00:00,0.0,0,0.0,1.4,0.0,0,23.5,853.4,23.1,23.7,57.3,519,3123,0,0.4,19,1.3,1.3,23.7,18.0,18.7,1,0.0711887785837671,False,NORMAL,Normal environmental conditions,None,Continue monitoring environmental conditions.,LOW
2026-09-16 09:40:23+00:00,0.0,0,0.0,1.0,0.0,0,22.7,853.2,22.7,23.3,57.0,448,2333,0,0.5,65,1.1,1.1,23.3,17.6,18.4,1,0.1002618327589144,False,NORMAL,Normal environmental conditions,None,Continue monitoring environmental conditions.,LOW
2026-09-16 09:55:32+00:00,0.0,0,0.0,1.1,0.0,0,22.3,853.0,22.3,22.8,58.5,463,2478,0,1.3,78,2.6,2.6,22.8,17.3,17.9,1,0.0774920924629531,False,NORMAL,Normal environmental conditions,None,Continue monitoring environmental conditions.,LOW
2026-09-16 10:10:40+00:00,0.0,0,0.0,0.8,0.0,0,22.3,852.7,22.4,22.9,58.3,414,1933,0,0.8,90,1.4,1.4,22.8,17.4,18.0,1,0.1170170083904372,False,NORMAL,Normal environmental conditions,None,Continue monitoring environmental conditions.,LOW
2026-09-16 10:25:49+00:00,0.0,0,0.0,0.9,0.0,0,22.1,852.4,22.2,22.5,58.4,428,2085,0,0.7,63,1.3,1.3,22.4,17.1,17.7,1,0.1216916556355935,False,NORMAL,Normal environmental conditions,None,Continue monitoring environmental conditions.,LOW
2026-09-16 10:41:13+00:00,0.0,0,0.0,1.1,0.0,0,22.6,852.3,22.6,23.2,57.7,456,2385,0,0.3,86,1.1,1.1,23.1,17.5,18.2,1,0.113001647493896,False,NORMAL,Normal environmental conditions,None,Continue monitoring environmental conditions.,LOW
2026-09-16 10:56:22+00:00,0.0,0,0.0,0.3,0.0,0,21.7,852.1,21.9,22.1,60.1,318,855,0,0.3,136,1.1,1.1,22.0,16.9,17.3,1,0.1426425978527143,False,NORMAL,Normal environmental conditions,None,Continue monitoring environmental conditions.,LOW
2026-09-16 11:11:32+00:00,0.0,0,0.0,0.4,0.0,0,21.5,851.9,21.7,21.9,60.4,324,921,0,0.3,128,1.5,1.5,21.8,16.8,17.2,1,0.140535034425854,False,NORMAL,Normal environmental conditions,None,Continue monitoring environmental conditions.,LOW
2026-09-16 11:26:41+00:00,0.0,0,0.0,0.5,0.0,0,21.5,851.7,21.8,21.9,59.2,354,1266,0,1.1,143,1.5,1.5,21.8,16.6,17.1,1,0.1220176568540217,False,NORMAL,Normal environmental conditions,None,Continue monitoring environmental conditions.,LOW
2026-09-16 11:41:49+00:00,0.0,0,0.0,0.4,0.0,0,21.7,851.6,21.9,22.1,59.3,326,961,0,0.5,152,0.9,0.9,22.0,16.8,17.3,1,0.1389122226779509,False,NORMAL,Normal environmental conditions,None,Continue monitoring environmental conditions.,LOW
2026-09-16 11:57:16+00:00,0.0,0,0.0,0.3,0.0,0,21.7,851.4,21.8,22.0,62.0,320,908,0,0.3,64,1.1,1.1,22.0,17.1,17.3,1,0.1289357484013631,False,NORMAL,Normal environmental conditions,None,Continue monitoring environmental conditions.,LOW
2026-09-16 12:12:25+00:00,0.0,0,0.0,0.3,0.0,0,21.6,851.3,21.6,22.0,62.6,323,925,0,1.2,74,2.0,2.0,21.9,17.1,17.2,1,0.1073913776253057,False,NORMAL,Normal environmental conditions,None,Continue monitoring environmental conditions.,LOW
2026-09-16 12:27:33+00:00,0.0,0,0.0,0.2,0.0,0,21.4,851.0,21.3,21.6,63.6,304,739,0,0.1,6,1.1,1.1,21.5,16.9,16.9,1,0.0969517891837618,False,NORMAL,Normal environmental conditions,None,Continue monitoring environmental conditions.,LOW
2026-09-16 12:42:41+00:00,0.0,0,0.0,0.4,0.0,0,21.6,850.9,21.6,21.7,63.7,329,1011,0,0.3,358,0.7,0.7,21.7,17.0,17.0,1,0.0858250731887562,False,NORMAL,Normal environmental conditions,None,Continue monitoring environmental conditions.,LOW
2026-09-16 12:57:49+00:00,0.0,0,0.0,0.4,0.0,0,21.9,850.7,21.9,22.1,62.9,338,1130,0,0.1,3,0.4,0.4,22.1,17.3,17.4,1,0.0895585894182337,False,NORMAL,Normal environmental conditions,None,Continue monitoring environmental conditions.,LOW
2026-09-16 13:13:19+00:00,0.0,0,0.0,0.2,0.0,0,21.6,850.5,21.6,21.8,63.5,289,566,0,0.0,350,0.1,0.1,21.7,17.1,17.1,1,0.0644516418495138,False,NORMAL,Normal environmental conditions,None,Continue monitoring environmental conditions.,LOW
2026-09-16 13:28:27+00:00,0.0,0,0.0,0.1,0.0,0,21.5,850.6,21.6,21.6,62.7,279,461,0,0.0,349,0.0,0.0,21.6,16.9,16.9,1,0.0636241160728224,False,NORMAL,Normal environmental conditions,None,Continue monitoring environmental conditions.,LOW
2026-09-16 13:43:36+00:00,0.0,0,0.0,0.1,0.0,0,21.2,850.6,21.2,21.3,64.4,283,508,0,0.3,350,0.7,0.7,21.3,16.8,16.7,1,0.0793871316707734,False,NORMAL,Normal environmental conditions,None,Continue monitoring environmental conditions.,LOW
2026-09-16 13:58:45+00:00,0.0,0,0.0,0.1,0.0,0,21.1,850.7,21.2,21.3,64.8,278,445,0,0.3,29,0.7,0.7,21.3,16.8,16.7,1,0.1168034137570211,False,NORMAL,Normal environmental conditions,None,Continue monitoring environmental conditions.,LOW
2026-09-16 14:13:54+00:00,0.0,0,0.0,0.1,0.0,0,21.1,850.8,21.2,21.4,63.2,272,390,0,0.0,73,0.0,0.0,21.4,16.7,16.8,1,0.1112602700215107,False,NORMAL,Normal environmental conditions,None,Continue monitoring environmental conditions.,LOW
2026-09-16 14:29:22+00:00,0.0,0,0.0,0.1,0.0,0,21.1,850.8,21.2,21.4,62.8,271,369,0,0.6,83,1.3,1.3,21.3,16.6,16.7,1,0.1371509122563527,False,NORMAL,Normal environmental conditions,None,Continue monitoring environmental conditions.,LOW
2026-09-16 14:44:31+00:00,0.0,0,0.0,0.1,0.0,0,20.9,850.8,21.1,21.3,62.5,269,329,0,0.8,84,1.1,1.1,21.2,16.5,16.6,1,0.1327232952850254,False,NORMAL,Normal environmental conditions,None,Continue monitoring environmental conditions.,LOW
2026-09-16 14:59:40+00:00,0.0,0,0.0,0.1,0.0,0,20.9,850.8,21.1,21.2,60.1,265,312,0,0.3,98,1.3,1.3,21.1,16.1,16.5,1,0.1433429789691395,False,NORMAL,Normal environmental conditions,None,Continue monitoring environmental conditions.,LOW
2026-09-16 15:14:48+00:00,0.0,0,0.0,0.0,0.0,0,20.8,851.0,21.0,21.2,60.2,262,273,0,0.4,121,1.1,1.1,21.0,16.1,16.5,1,0.1444881512293498,False,NORMAL,Normal environmental conditions,None,Continue monitoring environmental conditions.,LOW
2026-09-16 15:29:57+00:00,0.0,0,0.0,0.0,0.0,0,20.7,851.1,20.8,21.0,61.1,261,260,0,0.5,119,2.0,2.0,20.9,16.1,16.4,1,0.1446986506990229,False,NORMAL,Normal environmental conditions,None,Continue monitoring environmental conditions.,LOW
2026-09-16 15:45:25+00:00,0.0,0,0.0,0.0,0.0,0,20.4,851.0,20.6,20.8,63.0,261,254,0,0.1,128,0.7,0.7,20.7,16.1,16.2,1,0.1485989329688538,False,NORMAL,Normal environmental conditions,None,Continue monitoring environmental conditions.,LOW
2026-09-16 16:00:33+00:00,0.0,0,0.0,0.0,0.0,0,20.0,851.1,20.2,20.4,65.6,259,253,0,1.0,157,1.7,1.7,20.3,16.1,15.9,1,0.1314508222198261,False,NORMAL,Normal environmental conditions,None,Continue monitoring environmental conditions.,LOW
2026-09-16 16:15:42+00:00,0.0,0,0.0,0.0,0.0,0,19.8,851.3,19.9,20.2,66.0,260,254,0,0.3,168,0.7,0.7,20.1,15.9,15.6,1,0.152682875885537,False,NORMAL,Normal environmental conditions,None,Continue monitoring environmental conditions.,LOW
2026-09-16 16:30:50+00:00,0.0,0,0.0,0.0,0.0,0,19.6,851.5,19.8,20.0,67.2,260,254,0,0.6,149,1.5,1.5,19.9,15.9,15.4,1,0.1529556809199205,False,NORMAL,Normal environmental conditions,None,Continue monitoring environmental conditions.,LOW
2026-09-16 16:45:59+00:00,0.0,0,0.0,0.0,0.0,0,19.2,851.5,19.4,19.6,68.4,261,254,0,1.1,156,2.4,2.4,19.5,15.7,15.1,1,0.1099363134262151,False,NORMAL,Normal environmental conditions,None,Continue monitoring environmental conditions.,LOW
2026-09-16 17:01:07+00:00,0.0,0,0.0,0.0,0.0,0,18.9,851.5,19.1,19.3,70.1,261,254,0,0.8,158,1.3,1.3,19.2,15.6,14.8,1,0.1488970604834025,False,NORMAL,Normal environmental conditions,None,Continue monitoring environmental conditions.,LOW
2026-09-16 17:16:33+00:00,0.0,0,0.0,0.0,0.0,0,18.6,851.8,18.8,19.0,72.4,260,253,0,0.8,127,1.7,1.7,18.9,15.6,14.6,1,0.1509645600524984,False,NORMAL,Normal environmental conditions,None,Continue monitoring environmental conditions.,LOW
2026-09-16 17:31:42+00:00,0.0,0,0.0,0.0,0.0,0,18.4,851.9,18.6,18.8,73.4,260,253,0,0.4,121,1.1,1.1,18.7,15.6,14.4,1,0.16935606294636,False,NORMAL,Normal environmental conditions,None,Continue monitoring environmental conditions.,LOW
2026-09-16 17:47:37+00:00,0.0,0,0.0,0.0,0.0,0,18.3,852.0,18.4,18.7,74.4,260,253,0,0.7,163,1.7,1.7,18.6,15.6,14.3,1,0.1572018837074297,False,NORMAL,Normal environmental conditions,None,Continue monitoring environmental conditions.,LOW
2026-09-16 18:03:36+00:00,0.0,0,0.0,0.0,0.0,0,18.1,852.1,18.3,18.6,75.5,259,253,0,0.4,168,1.1,1.1,18.5,15.6,14.2,1,0.1686079695568178,False,NORMAL,Normal environmental conditions,None,Continue monitoring environmental conditions.,LOW
2026-09-16 18:18:45+00:00,0.0,0,0.0,0.0,0.0,0,17.9,852.2,18.1,18.3,77.5,259,254,0,0.7,202,1.5,1.5,18.3,15.6,14.0,1,0.1479127536058027,False,NORMAL,Normal environmental conditions,None,Continue monitoring environmental conditions.,LOW
2026-09-16 18:33:54+00:00,0.0,0,0.0,0.0,0.0,0,17.7,852.3,17.9,18.1,79.3,261,254,0,0.6,170,1.1,1.1,18.1,15.6,13.8,1,0.1657579736069936,False,NORMAL,Normal environmental conditions,None,Continue monitoring environmental conditions.,LOW
2026-09-16 18:49:03+00:00,0.0,0,0.0,0.0,0.0,0,17.6,852.4,17.8,18.0,80.2,260,254,0,1.1,169,2.0,2.0,18.0,15.6,13.7,1,0.1248026274685026,False,NORMAL,Normal environmental conditions,None,Continue monitoring environmental conditions.,LOW
2026-09-16 19:04:13+00:00,0.0,0,0.0,0.0,0.0,0,17.5,852.6,17.7,17.9,80.5,261,253,0,0.3,121,0.9,0.9,17.8,15.5,13.6,1,0.1717090965094848,False,NORMAL,Normal environmental conditions,None,Continue monitoring environmental conditions.,LOW
2026-09-16 19:19:49+00:00,0.0,0,0.0,0.0,0.0,0,17.4,852.5,17.6,17.8,80.2,259,253,0,0.6,158,1.1,1.1,17.8,15.4,13.5,1,0.1658267112955238,False,NORMAL,Normal environmental conditions,None,Continue monitoring environmental conditions.,LOW
2026-09-16 19:34:58+00:00,0.0,0,0.0,0.0,0.0,0,17.3,852.6,17.4,17.7,80.8,260,252,0,0.0,121,0.0,0.0,17.7,15.4,13.4,1,0.1681077703307609,False,NORMAL,Normal environmental conditions,None,Continue monitoring environmental conditions.,LOW
2026-09-16 19:50:08+00:00,0.0,0,0.0,0.0,0.0,0,17.3,852.6,17.4,17.6,81.0,261,253,0,0.5,191,1.1,1.1,17.6,15.4,13.4,1,0.164920523910994,False,NORMAL,Normal environmental conditions,None,Continue monitoring environmental conditions.,LOW
2026-09-16 20:05:16+00:00,0.0,0,0.0,0.0,0.0,0,17.1,852.5,17.2,17.5,81.4,259,254,0,0.6,187,1.3,1.3,17.5,15.3,13.2,1,0.159225428245962,False,NORMAL,Normal environmental conditions,None,Continue monitoring environmental conditions.,LOW
2026-09-16 20:20:39+00:00,0.0,0,0.0,0.0,0.0,0,16.8,852.6,16.9,17.2,82.7,261,252,0,0.0,164,0.2,0.2,17.1,15.1,12.9,1,0.1708020829094235,False,NORMAL,Normal environmental conditions,None,Continue monitoring environmental conditions.,LOW
2026-09-16 20:35:47+00:00,0.0,0,0.0,0.0,0.0,0,16.5,852.7,16.6,16.9,83.3,262,252,0,1.3,179,2.8,2.8,16.8,14.9,12.6,1,0.0809938359119594,False,NORMAL,Normal environmental conditions,None,Continue monitoring environmental conditions.,LOW
2026-09-16 20:50:56+00:00,0.0,0,0.0,0.0,0.0,0,16.4,852.6,16.6,16.8,83.2,261,253,0,0.7,187,1.3,1.3,16.8,14.9,12.6,1,0.1566105392365956,False,NORMAL,Normal environmental conditions,None,Continue monitoring environmental conditions.,LOW
2026-09-16 21:06:04+00:00,0.0,0,0.0,0.0,0.0,0,16.5,852.5,16.6,16.9,82.9,260,253,0,0.0,163,0.0,0.0,16.8,14.9,12.6,1,0.1725792246016823,False,NORMAL,Normal environmental conditions,None,Continue monitoring environmental conditions.,LOW
2026-09-16 21:21:13+00:00,0.0,0,0.0,0.0,0.0,0,16.4,852.3,16.5,16.8,83.2,259,253,0,0.0,163,0.0,0.0,16.7,14.8,12.5,1,0.1705731709609217,False,NORMAL,Normal environmental conditions,None,Continue monitoring environmental conditions.,LOW
2026-09-16 21:36:21+00:00,0.0,0,0.0,0.0,0.0,0,16.4,852.2,16.5,16.8,83.2,260,254,0,0.0,163,0.0,0.0,16.8,14.8,12.5,1,0.1716140574462704,False,NORMAL,Normal environmental conditions,None,Continue monitoring environmental conditions.,LOW
2026-09-16 21:51:43+00:00,0.0,0,0.0,0.0,0.0,0,16.3,852.1,16.4,16.8,82.9,260,254,0,0.0,163,0.0,0.0,16.7,14.8,12.5,1,0.1701443269723044,False,NORMAL,Normal environmental conditions,None,Continue monitoring environmental conditions.,LOW
2026-09-16 22:06:52+00:00,0.0,0,0.0,0.0,0.0,0,16.2,851.9,16.3,16.7,83.1,260,253,0,0.0,163,0.0,0.0,16.6,14.7,12.4,1,0.1664333973802396,False,NORMAL,Normal environmental conditions,None,Continue monitoring environmental conditions.,LOW
2026-09-16 22:22:00+00:00,0.0,0,0.0,0.0,0.0,0,16.2,851.7,16.4,16.7,83.0,262,253,0,0.0,163,0.0,0.0,16.6,14.7,12.4,1,0.1650441210473499,False,NORMAL,Normal environmental conditions,None,Continue monitoring environmental conditions.,LOW
2026-09-16 22:37:09+00:00,0.0,0,0.0,0.0,0.0,0,16.2,851.7,16.3,16.6,83.2,261,254,0,0.0,163,0.0,0.0,16.5,14.6,12.3,1,0.163306540523098,False,NORMAL,Normal environmental conditions,None,Continue monitoring environmental conditions.,LOW
2026-09-16 22:52:39+00:00,0.0,0,0.0,0.0,0.0,0,16.2,851.5,16.3,16.6,83.6,260,253,0,0.0,163,0.0,0.0,16.5,14.6,12.3,1,0.1637884456389551,False,NORMAL,Normal environmental conditions,None,Continue monitoring environmental conditions.,LOW
2026-09-16 23:07:48+00:00,0.0,0,0.0,0.0,0.0,0,16.2,851.5,16.3,16.5,84.0,259,255,0,0.0,163,0.0,0.0,16.5,14.7,12.3,1,0.1617190072174823,False,NORMAL,Normal environmental conditions,None,Continue monitoring environmental conditions.,LOW
2026-09-16 23:22:57+00:00,0.0,0,0.0,0.0,0.0,0,16.3,851.5,16.4,16.7,83.8,261,253,0,0.5,163,1.1,1.1,16.6,14.8,12.4,1,0.1603287986764726,False,NORMAL,Normal environmental conditions,None,Continue monitoring environmental conditions.,LOW
2026-09-16 23:38:05+00:00,0.0,0,0.0,0.0,0.0,0,16.2,851.5,16.4,16.6,81.8,261,254,0,0.1,204,0.7,0.7,16.5,14.5,12.3,1,0.1529922005087998,False,NORMAL,Normal environmental conditions,None,Continue monitoring environmental conditions.,LOW
2026-09-16 23:53:13+00:00,0.0,0,0.0,0.0,0.0,0,16.2,851.3,16.3,16.5,82.3,260,253,0,0.1,204,0.4,0.4,16.4,14.4,12.2,1,0.152759531747528,False,NORMAL,Normal environmental conditions,None,Continue monitoring environmental conditions.,LOW
2026-09-17 00:00:17+00:00,0.0,0,0.0,0.0,0.0,0,16.1,851.5,16.3,16.5,81.8,262,252,0,0.6,204,1.1,1.1,16.4,14.4,12.2,1,0.1333189128389938,False,NORMAL,Normal environmental conditions,None,Continue monitoring environmental conditions.,LOW
2026-09-17 00:15:25+00:00,0.0,0,0.0,0.0,0.0,0,16.1,851.4,16.2,16.5,81.8,261,253,0,0.1,204,0.4,0.4,16.4,14.3,12.2,1,0.1512761625298028,False,NORMAL,Normal environmental conditions,None,Continue monitoring environmental conditions.,LOW
2026-09-17 00:30:47+00:00,0.0,0,0.0,0.0,0.0,0,16.1,851.4,16.2,16.5,80.8,260,253,0,0.2,209,0.7,0.7,16.4,14.2,12.2,1,0.1453822263784885,False,NORMAL,Normal environmental conditions,None,Continue monitoring environmental conditions.,LOW
2026-09-17 00:45:56+00:00,0.0,0,0.0,0.0,0.0,0,15.9,851.5,16.2,16.4,80.4,259,253,0,0.2,210,0.4,0.4,16.3,14.1,12.1,1,0.139199032704002,False,NORMAL,Normal environmental conditions,None,Continue monitoring environmental conditions.,LOW
2026-09-17 01:01:05+00:00,0.0,0,0.0,0.0,0.0,0,15.9,851.6,16.2,16.3,80.6,261,253,0,0.0,210,0.2,0.2,16.2,14.1,12.0,1,0.1457929376933864,False,NORMAL,Normal environmental conditions,None,Continue monitoring environmental conditions.,LOW
2026-09-17 01:16:14+00:00,0.0,0,0.0,0.0,0.0,0,15.8,851.7,16.1,16.2,80.7,259,253,0,0.5,210,1.5,1.5,16.1,13.9,11.9,1,0.113324208785509,False,NORMAL,Normal environmental conditions,None,Continue monitoring environmental conditions.,LOW
2026-09-17 01:31:23+00:00,0.0,0,0.0,0.0,0.0,0,15.7,851.8,16.0,16.0,80.9,260,254,0,0.1,210,0.4,0.4,15.9,13.8,11.7,1,0.1438102835541704,False,NORMAL,Normal environmental conditions,None,Continue monitoring environmental conditions.,LOW
2026-09-17 01:46:51+00:00,0.0,0,0.0,0.0,0.0,0,15.6,851.9,15.9,16.0,81.1,260,254,0,0.0,210,0.4,0.4,15.9,13.8,11.7,1,0.1415006569697126,False,NORMAL,Normal environmental conditions,None,Continue monitoring environmental conditions.,LOW
2026-09-17 02:01:59+00:00,0.0,0,0.0,0.0,0.0,0,15.6,852.1,15.9,15.9,81.1,261,253,0,0.1,210,0.6,0.6,15.8,13.8,11.6,1,0.1399780378728994,False,NORMAL,Normal environmental conditions,None,Continue monitoring environmental conditions.,LOW
2026-09-17 02:17:07+00:00,0.0,0,0.0,0.0,0.0,0,15.5,852.3,15.9,15.9,81.1,260,253,0,0.7,210,1.3,1.3,15.8,13.7,11.6,1,0.1069274522508492,False,NORMAL,Normal environmental conditions,None,Continue monitoring environmental conditions.,LOW
2026-09-17 02:32:16+00:00,0.0,0,0.0,0.0,0.0,0,15.5,852.3,15.9,15.9,81.3,261,254,0,0.3,210,1.1,1.1,15.8,13.7,11.6,1,0.1282564481263692,False,NORMAL,Normal environmental conditions,None,Continue monitoring environmental conditions.,LOW
2026-09-17 02:47:24+00:00,0.0,0,0.0,0.0,0.0,0,15.4,852.5,15.8,15.8,81.6,261,254,0,1.2,210,2.2,2.2,15.7,13.7,11.5,1,0.0564474376938929,False,NORMAL,Normal environmental conditions,None,Continue monitoring environmental conditions.,LOW
2026-09-17 03:02:33+00:00,0.0,0,0.0,0.0,0.0,0,15.4,852.6,15.7,15.7,82.0,261,254,0,1.3,210,2.2,2.2,15.6,13.6,11.4,1,0.0472538118131578,False,NORMAL,Normal environmental conditions,None,Continue monitoring environmental conditions.,LOW
2026-09-17 03:17:55+00:00,0.0,0,0.0,0.0,0.0,0,15.3,852.6,15.7,15.7,82.1,262,259,0,0.2,210,0.7,0.7,15.6,13.7,11.4,1,0.1283605303689786,False,NORMAL,Normal environmental conditions,None,Continue monitoring environmental conditions.,LOW
2026-09-17 03:33:03+00:00,0.0,0,0.0,0.0,0.0,0,15.3,852.8,15.6,15.7,82.2,262,278,0,0.2,110,0.7,0.7,15.5,13.6,11.3,1,0.131165970515771,False,NORMAL,Normal environmental conditions,None,Continue monitoring environmental conditions.,LOW
2026-09-17 03:48:12+00:00,0.0,0,0.0,0.1,0.0,0,15.3,853.1,15.6,15.7,82.6,267,327,0,0.1,118,0.4,0.4,15.6,13.7,11.4,1,0.1246211691710625,False,NORMAL,Normal environmental conditions,None,Continue monitoring environmental conditions.,LOW
2026-09-17 04:03:20+00:00,0.0,0,0.0,0.1,0.0,0,15.3,853.1,15.6,15.6,82.6,278,446,0,0.6,117,0.9,0.9,15.5,13.6,11.3,1,0.0953686346580898,False,NORMAL,Normal environmental conditions,None,Continue monitoring environmental conditions.,LOW
2026-09-17 04:18:29+00:00,0.0,0,0.0,0.2,0.0,0,15.5,853.2,15.8,15.8,82.5,297,669,0,0.0,118,0.0,0.0,15.7,13.8,11.5,1,0.1184085776958,False,NORMAL,Normal environmental conditions,None,Continue monitoring environmental conditions.,LOW
2026-09-17 04:33:38+00:00,0.0,0,0.0,0.3,0.0,0,15.6,853.5,16.0,16.0,82.1,310,812,0,0.5,118,1.3,1.3,15.9,13.9,11.7,1,0.0916026606027091,False,NORMAL,Normal environmental conditions,None,Continue monitoring environmental conditions.,LOW
2026-09-17 04:49:00+00:00,0.0,0,0.0,0.4,0.0,0,16.0,853.7,16.2,16.3,81.5,324,980,0,0.5,126,1.1,1.1,16.2,14.2,12.0,1,0.1130898042300101,False,NORMAL,Normal environmental conditions,None,Continue monitoring environmental conditions.,LOW
2026-09-17 05:04:06+00:00,0.0,0,0.0,0.4,0.0,0,16.1,853.8,16.2,16.4,80.9,332,1037,0,0.2,126,0.7,0.7,16.3,14.2,12.1,1,0.1182300935316925,False,NORMAL,Normal environmental conditions,None,Continue monitoring environmental conditions.,LOW
2026-09-17 05:19:14+00:00,0.0,0,0.0,0.5,0.0,0,16.6,854.0,16.8,16.9,79.1,348,1220,0,1.2,126,1.7,1.7,16.8,14.4,12.6,1,0.0820281342292326,False,NORMAL,Normal environmental conditions,None,Continue monitoring environmental conditions.,LOW
2026-09-17 05:34:22+00:00,0.0,0,0.0,0.6,0.0,0,16.7,854.1,16.9,17.1,78.4,371,1503,0,0.6,126,1.1,1.1,17.0,14.5,12.8,1,0.1142460915830897,False,NORMAL,Normal environmental conditions,None,Continue monitoring environmental conditions.,LOW
2026-09-17 05:50:05+00:00,0.0,0,0.0,0.5,0.0,0,17.0,854.3,17.2,17.4,77.2,349,1228,0,0.5,126,1.1,1.1,17.3,14.7,13.0,1,0.1257801570396407,False,NORMAL,Normal environmental conditions,None,Continue monitoring environmental conditions.,LOW
2026-09-17 06:05:05+00:00,0.0,0,0.0,0.6,0.0,0,17.4,854.3,17.7,17.7,75.9,367,1454,0,1.0,125,1.5,1.5,17.6,14.8,13.3,1,0.0932335952004825,False,NORMAL,Normal environmental conditions,None,Continue monitoring environmental conditions.,LOW
2026-09-17 06:20:14+00:00,0.0,0,0.0,0.8,0.0,0,17.8,854.3,17.9,18.0,74.3,404,1850,0,0.5,126,1.1,1.1,17.9,14.9,13.6,1,0.1183345548365127,False,NORMAL,Normal environmental conditions,None,Continue monitoring environmental conditions.,LOW
2026-09-17 06:35:22+00:00,0.0,0,0.0,0.7,0.0,0,18.0,854.5,18.2,18.1,73.3,394,1743,0,0.1,126,0.6,0.6,18.0,14.9,13.7,1,0.1145564581882269,False,NORMAL,Normal environmental conditions,None,Continue monitoring environmental conditions.,LOW
2026-09-17 06:50:30+00:00,0.0,0,0.0,0.8,0.0,0,18.2,854.4,18.6,18.7,71.9,403,1849,0,0.1,126,0.7,0.7,18.6,15.3,14.3,1,0.117223677119842,False,NORMAL,Normal environmental conditions,None,Continue monitoring environmental conditions.,LOW
2026-09-17 07:05:38+00:00,0.0,0,0.0,1.0,0.0,0,18.1,854.4,18.4,18.5,71.0,446,2342,0,0.5,126,1.1,1.1,18.4,15.0,14.1,1,0.1101042445507325,False,NORMAL,Normal environmental conditions,None,Continue monitoring environmental conditions.,LOW
2026-09-17 07:20:57+00:00,0.0,0,0.0,1.2,0.0,0,18.8,854.3,19.2,19.0,67.7,475,2634,0,0.4,126,0.7,0.7,18.9,15.1,14.5,1,0.1130271179621678,False,NORMAL,Normal environmental conditions,None,Continue monitoring environmental conditions.,LOW
2026-09-17 07:36:21+00:00,0.0,0,0.0,1.7,0.0,0,19.8,854.2,20.0,19.9,63.5,579,3779,0,0.3,126,0.7,0.7,19.8,15.4,15.4,1,0.0942051420857157,False,NORMAL,Normal environmental conditions,None,Continue monitoring environmental conditions.,LOW
2026-09-17 07:51:28+00:00,0.0,0,0.0,1.8,0.0,0,21.7,854.0,21.9,21.7,60.4,596,3920,0,0.3,289,0.7,0.7,21.6,16.6,16.9,1,0.0742329060935645,False,NORMAL,Normal environmental conditions,None,Continue monitoring environmental conditions.,LOW
2026-09-17 08:06:36+00:00,0.0,0,0.0,1.6,0.0,0,21.2,854.0,21.7,21.6,57.8,564,3585,0,0.7,225,1.5,1.5,21.4,16.1,16.8,1,0.0832642833086111,False,NORMAL,Normal environmental conditions,None,Continue monitoring environmental conditions.,LOW
2026-09-17 08:21:44+00:00,0.0,0,0.0,1.5,0.0,0,21.4,854.0,21.5,21.4,59.5,528,3205,0,0.2,222,0.4,0.4,21.3,16.2,16.7,1,0.0887098250056748,False,NORMAL,Normal environmental conditions,None,Continue monitoring environmental conditions.,LOW
2026-09-17 08:37:30+00:00,0.0,0,0.0,1.6,0.0,0,22.1,853.8,22.2,22.1,56.0,552,3479,0,0.3,222,1.1,1.1,22.0,16.4,17.3,1,0.0948501332716311,False,NORMAL,Normal environmental conditions,None,Continue monitoring environmental conditions.,LOW
2026-09-17 08:52:38+00:00,0.0,0,0.0,1.9,0.0,0,22.3,853.5,22.7,22.3,52.6,605,4014,0,0.9,250,1.3,1.3,22.1,16.1,17.4,1,0.0610054223587823,False,NORMAL,Normal environmental conditions,None,Continue monitoring environmental conditions.,LOW
2026-09-17 09:07:46+00:00,0.0,0,0.0,4.3,0.0,0,22.7,853.3,23.1,23.0,51.4,1057,9186,0,0.9,221,1.7,1.7,22.9,16.5,18.0,1,0.005770494960537,False,NORMAL,Normal environmental conditions,None,Continue monitoring environmental conditions.,LOW
2026-09-17 09:22:54+00:00,0.0,0,0.0,2.7,0.0,0,23.7,852.9,24.1,24.1,48.2,766,5744,0,0.6,211,1.5,1.5,24.0,17.0,19.0,1,0.0571020585407119,False,NORMAL,Normal environmental conditions,None,Continue monitoring environmental conditions.,LOW
2026-09-17 09:38:31+00:00,0.0,0,0.0,2.9,0.0,0,23.4,852.8,23.8,24.0,49.5,801,6158,0,0.5,81,1.3,1.3,23.9,17.1,18.9,1,0.0685531060983535,False,NORMAL,Normal environmental conditions,None,Continue monitoring environmental conditions.,LOW
2026-09-17 09:53:31+00:00,0.0,0,0.0,3.1,0.0,0,24.5,852.5,25.0,25.0,47.2,831,6466,0,0.3,216,0.9,0.9,24.8,17.5,19.6,1,0.0435408048593077,False,NORMAL,Normal environmental conditions,None,Continue monitoring environmental conditions.,LOW
2026-09-17 10:08:41+00:00,0.0,0,0.0,1.9,0.0,0,24.2,852.3,24.8,24.8,46.9,603,3989,0,0.1,219,0.4,0.4,24.6,17.3,19.5,1,0.0546870228463223,False,NORMAL,Normal environmental conditions,None,Continue monitoring environmental conditions.,LOW
2026-09-17 10:23:49+00:00,0.0,0,0.0,1.9,0.0,0,24.8,852.2,25.2,25.0,47.1,609,4058,0,1.0,210,2.0,2.0,24.9,17.5,19.7,1,0.0656855221837734,False,NORMAL,Normal environmental conditions,None,Continue monitoring environmental conditions.,LOW
2026-09-17 10:38:57+00:00,0.0,0,0.0,2.4,0.0,0,24.9,851.8,25.2,25.2,46.0,712,5190,0,0.5,223,1.1,1.1,25.1,17.5,19.8,1,0.0592354025048212,False,NORMAL,Normal environmental conditions,None,Continue monitoring environmental conditions.,LOW
2026-09-17 10:54:05+00:00,0.0,0,0.0,2.0,0.0,0,25.1,851.6,25.6,26.0,43.9,622,4189,0,1.0,115,2.8,2.8,25.8,17.8,20.4,1,0.0417401414800925,False,NORMAL,Normal environmental conditions,None,Continue monitoring environmental conditions.,LOW
2026-09-17 11:09:30+00:00,0.0,0,0.0,2.0,0.0,0,24.5,851.2,25.0,25.1,45.8,632,4326,0,0.6,189,1.4,1.4,25.0,17.4,19.8,1,0.0835130706226846,False,NORMAL,Normal environmental conditions,None,Continue monitoring environmental conditions.,LOW
2026-09-17 11:24:39+00:00,0.0,0,0.0,1.4,0.0,0,25.2,850.9,25.4,25.2,46.1,511,2995,0,0.7,209,1.1,1.1,25.1,17.6,19.8,1,0.0834303299239306,False,NORMAL,Normal environmental conditions,None,Continue monitoring environmental conditions.,LOW
2026-09-17 11:39:46+00:00,0.0,0,0.0,1.4,0.0,0,25.0,850.7,25.4,25.4,45.0,522,3134,0,0.8,179,2.0,2.0,25.3,17.6,20.0,1,0.0816872499183478,False,NORMAL,Normal environmental conditions,None,Continue monitoring environmental conditions.,LOW
2026-09-17 11:55:39+00:00,0.0,0,0.0,1.5,0.0,0,25.1,850.5,25.6,25.7,44.6,543,3344,0,0.8,218,1.3,1.3,25.6,17.7,20.2,1,0.066321274433708,False,NORMAL,Normal environmental conditions,None,Continue monitoring environmental conditions.,LOW
2026-09-17 12:10:47+00:00,0.0,0,0.0,1.3,0.0,0,25.7,850.2,25.9,25.8,44.4,501,2892,0,0.6,334,1.7,1.7,25.7,17.8,20.3,1,0.0364625954106687,False,NORMAL,Normal environmental conditions,None,Continue monitoring environmental conditions.,LOW
2026-09-17 12:25:55+00:00,0.0,0,0.0,0.9,0.0,0,25.9,850.0,26.1,26.5,43.5,421,2009,0,0.2,106,0.9,0.9,26.5,18.2,20.9,1,0.0563033404072892,False,NORMAL,Normal environmental conditions,None,Continue monitoring environmental conditions.,LOW
2026-09-17 12:41:03+00:00,0.0,0,0.0,0.7,0.0,0,25.2,850.0,25.6,25.6,45.1,392,1687,0,0.5,121,1.1,1.1,25.5,17.7,20.1,1,0.0952303713710598,False,NORMAL,Normal environmental conditions,None,Continue monitoring environmental conditions.,LOW
2026-09-17 12:56:10+00:00,0.0,0,0.0,0.4,0.0,0,25.2,849.9,25.3,25.6,44.6,334,1082,0,0.3,121,0.9,0.9,25.5,17.7,20.2,1,0.0883910695648516,False,NORMAL,Normal environmental conditions,None,Continue monitoring environmental conditions.,LOW
2026-09-17 13:11:35+00:00,0.0,0,0.0,0.2,0.0,0,24.7,849.9,24.9,25.1,45.6,288,588,0,0.0,121,0.2,0.2,25.0,17.4,19.8,1,0.0666061771793044,False,NORMAL,Normal environmental conditions,None,Continue monitoring environmental conditions.,LOW
2026-09-17 13:26:42+00:00,0.0,0,0.0,0.2,0.0,0,24.3,849.9,24.4,24.8,45.7,293,628,0,0.8,121,1.5,1.5,24.7,17.1,19.5,1,0.1034200414037694,False,NORMAL,Normal environmental conditions,None,Continue monitoring environmental conditions.,LOW
2026-09-17 13:41:50+00:00,0.0,0,0.0,0.2,0.0,0,24.5,849.9,24.6,24.8,45.9,302,709,0,0.1,121,0.4,0.4,24.7,17.2,19.5,1,0.0773266536881024,False,NORMAL,Normal environmental conditions,None,Continue monitoring environmental conditions.,LOW
2026-09-17 13:57:45+00:00,0.0,0,0.0,0.3,0.0,0,24.5,849.8,24.7,24.9,49.0,319,913,0,0.1,121,0.7,0.7,24.8,17.7,19.6,1,0.0858627203351639,False,NORMAL,Normal environmental conditions,None,Continue monitoring environmental conditions.,LOW
2026-09-17 14:13:43+00:00,0.0,0,0.0,0.3,0.0,0,24.3,849.8,24.5,24.7,49.4,312,834,0,0.1,121,0.4,0.4,24.6,17.7,19.5,1,0.0795568157498947,False,NORMAL,Normal environmental conditions,None,Continue monitoring environmental conditions.,LOW
2026-09-17 14:28:51+00:00,0.0,0,0.0,0.2,0.0,0,23.9,849.9,24.1,24.3,51.5,292,599,0,0.1,100,0.4,0.4,24.2,17.7,19.2,1,0.0859171677495022,False,NORMAL,Normal environmental conditions,None,Continue monitoring environmental conditions.,LOW
2026-09-17 14:43:58+00:00,0.0,0,0.0,0.1,0.0,0,23.6,849.9,23.8,24.0,52.0,270,350,0,0.1,94,0.4,0.4,23.9,17.4,18.9,1,0.0908010637116116,False,NORMAL,Normal environmental conditions,None,Continue monitoring environmental conditions.,LOW
2026-09-17 14:59:06+00:00,0.0,0,0.0,0.0,0.0,0,23.4,850.0,23.6,23.8,51.9,262,282,0,0.3,116,1.1,1.1,23.7,17.2,18.7,1,0.1109157497867913,False,NORMAL,Normal environmental conditions,None,Continue monitoring environmental conditions.,LOW
2026-09-17 15:14:14+00:00,0.0,0,0.0,0.0,0.0,0,23.3,850.1,23.4,23.5,51.5,261,263,0,0.5,102,1.1,1.1,23.4,17.0,18.5,1,0.1206260362885777,False,NORMAL,Normal environmental conditions,None,Continue monitoring environmental conditions.,LOW
2026-09-17 15:29:44+00:00,0.0,0,0.0,0.0,0.0,0,23.2,850.3,23.3,23.5,44.5,260,256,0,0.9,125,2.0,2.0,23.3,15.9,18.4,1,0.0995191934020762,False,NORMAL,Normal environmental conditions,None,Continue monitoring environmental conditions.,LOW
2026-09-17 15:44:52+00:00,0.0,0,0.0,0.0,0.0,0,23.2,850.4,23.3,23.5,43.7,260,253,0,0.8,125,1.5,1.5,23.3,15.7,18.4,1,0.0995048590629418,False,NORMAL,Normal environmental conditions,None,Continue monitoring environmental conditions.,LOW
2026-09-17 16:00:00+00:00,0.0,0,0.0,0.0,0.0,0,23.0,850.5,23.1,23.3,43.1,260,254,0,1.1,161,1.7,1.7,23.1,15.5,18.2,1,0.0854072850312939,False,NORMAL,Normal environmental conditions,None,Continue monitoring environmental conditions.,LOW
2026-09-17 16:15:08+00:00,0.0,0,0.0,0.0,0.0,0,22.7,850.6,22.9,23.0,43.8,259,254,0,1.2,182,3.3,3.3,22.8,15.4,18.0,1,0.0422873271697548,False,NORMAL,Normal environmental conditions,None,Continue monitoring environmental conditions.,LOW
2026-09-17 16:30:16+00:00,0.0,0,0.0,0.0,0.0,0,22.4,850.9,22.6,22.8,44.1,261,253,0,1.6,171,2.8,2.8,22.5,15.2,17.7,1,0.0429232815872251,False,NORMAL,Normal environmental conditions,None,Continue monitoring environmental conditions.,LOW
2026-09-17 16:45:24+00:00,0.0,0,0.0,0.0,0.0,0,22.3,851.1,22.4,22.6,44.3,261,253,0,0.8,169,1.5,1.5,22.4,15.1,17.6,1,0.0974545301773521,False,NORMAL,Normal environmental conditions,None,Continue monitoring environmental conditions.,LOW
2026-09-17 17:00:46+00:00,0.0,0,0.0,0.0,0.0,0,22.1,851.3,22.2,22.4,43.7,262,253,0,1.4,166,2.8,2.8,22.1,14.9,17.4,1,0.0528677079106397,False,NORMAL,Normal environmental conditions,None,Continue monitoring environmental conditions.,LOW
2026-09-17 17:15:52+00:00,0.0,0,0.0,0.0,0.0,0,21.9,851.4,22.1,22.2,43.3,261,253,0,0.4,135,1.1,1.1,21.9,14.6,17.2,1,0.0943547871162525,False,NORMAL,Normal environmental conditions,None,Continue monitoring environmental conditions.,LOW
2026-09-17 17:30:59+00:00,0.0,0,0.0,0.0,0.0,0,21.6,851.6,21.8,22.0,45.1,260,254,0,1.7,157,3.7,3.7,21.7,14.7,17.0,1,0.0069652371337637,False,NORMAL,Normal environmental conditions,None,Continue monitoring environmental conditions.,LOW
2026-09-17 17:46:07+00:00,0.0,0,0.0,0.0,0.0,0,21.3,851.9,21.4,21.7,47.3,260,253,0,1.3,170,2.2,2.2,21.4,14.8,16.8,1,0.0838355268331849,False,NORMAL,Normal environmental conditions,None,Continue monitoring environmental conditions.,LOW
2026-09-17 18:01:16+00:00,0.0,0,0.0,0.0,0.0,0,20.9,852.1,21.1,21.3,49.6,260,252,0,1.0,189,2.8,2.8,21.0,14.8,16.5,1,0.0763260609332497,False,NORMAL,Normal environmental conditions,None,Continue monitoring environmental conditions.,LOW
2026-09-17 18:16:24+00:00,0.0,0,0.0,0.0,0.0,0,20.6,852.4,20.8,20.9,51.4,261,253,0,0.2,162,1.1,1.1,20.6,14.7,16.1,1,0.1233224709335282,False,NORMAL,Normal environmental conditions,None,Continue monitoring environmental conditions.,LOW
2026-09-17 18:31:49+00:00,0.0,0,0.0,0.0,0.0,0,20.3,852.6,20.5,20.6,53.3,259,253,0,1.5,183,3.1,3.1,20.4,14.7,15.9,1,0.0431920197220253,False,NORMAL,Normal environmental conditions,None,Continue monitoring environmental conditions.,LOW
2026-09-17 18:46:56+00:00,0.0,0,0.0,0.0,0.0,0,19.8,852.7,20.0,20.2,57.2,260,254,0,0.6,141,2.4,2.4,20.0,14.8,15.5,1,0.1120513219252966,False,NORMAL,Normal environmental conditions,None,Continue monitoring environmental conditions.,LOW
2026-09-17 19:02:04+00:00,0.0,0,0.0,0.0,0.0,0,19.5,852.8,19.7,19.9,60.1,261,253,0,1.3,171,4.4,4.4,19.7,14.9,15.3,1,0.0377589890446302,False,NORMAL,Normal environmental conditions,None,Continue monitoring environmental conditions.,LOW
2026-09-17 19:17:13+00:00,0.0,0,0.0,0.0,0.0,0,19.3,853.0,19.4,19.6,61.8,260,253,0,0.9,125,2.0,2.0,19.5,14.9,15.1,1,0.1250967449833087,False,NORMAL,Normal environmental conditions,None,Continue monitoring environmental conditions.,LOW
2026-09-17 19:32:56+00:00,0.0,0,0.0,0.0,0.0,0,19.1,853.2,19.2,19.5,62.8,260,253,0,0.9,166,2.8,2.8,19.3,14.9,15.0,1,0.0952465117012816,False,NORMAL,Normal environmental conditions,None,Continue monitoring environmental conditions.,LOW
2026-09-17 19:48:04+00:00,0.0,0,0.0,0.0,0.0,0,18.9,853.3,19.1,19.3,64.1,260,252,0,0.3,159,0.9,0.9,19.1,14.9,14.8,1,0.1495128069929251,False,NORMAL,Normal environmental conditions,None,Continue monitoring environmental conditions.,LOW
2026-09-17 20:03:13+00:00,0.0,0,0.0,0.0,0.0,0,18.7,853.2,18.9,19.1,64.7,260,253,0,0.4,162,0.9,0.9,18.9,14.8,14.6,1,0.1508587250139547,False,NORMAL,Normal environmental conditions,None,Continue monitoring environmental conditions.,LOW
2026-09-17 20:18:22+00:00,0.0,0,0.0,0.0,0.0,0,18.5,853.3,18.6,18.9,65.2,259,254,0,0.5,140,2.0,2.0,18.7,14.7,14.4,1,0.1274080991763955,False,NORMAL,Normal environmental conditions,None,Continue monitoring environmental conditions.,LOW
2026-09-17 20:33:31+00:00,0.0,0,0.0,0.0,0.0,0,18.1,853.2,18.2,18.5,66.0,261,253,0,0.3,140,1.7,1.7,18.3,14.4,14.0,1,0.1369760367000074,False,NORMAL,Normal environmental conditions,None,Continue monitoring environmental conditions.,LOW
2026-09-17 20:48:56+00:00,0.0,0,0.0,0.0,0.0,0,17.9,853.1,18.1,18.3,66.9,262,254,0,0.6,135,1.3,1.3,18.1,14.3,13.8,1,0.1372473862084864,False,NORMAL,Normal environmental conditions,None,Continue monitoring environmental conditions.,LOW
2026-09-17 21:04:00+00:00,0.0,0,0.0,0.0,0.0,0,17.6,853.1,17.8,18.0,67.8,260,253,0,0.0,135,0.0,0.0,17.8,14.1,13.5,1,0.1397955988539658,False,NORMAL,Normal environmental conditions,None,Continue monitoring environmental conditions.,LOW
2026-09-17 21:19:08+00:00,0.0,0,0.0,0.0,0.0,0,17.2,852.9,17.4,17.6,68.9,262,253,0,0.0,135,0.2,0.2,17.4,13.9,13.2,1,0.1430370259729368,False,NORMAL,Normal environmental conditions,None,Continue monitoring environmental conditions.,LOW
2026-09-17 21:34:17+00:00,0.0,0,0.0,0.0,0.0,0,16.9,852.7,17.0,17.2,70.0,260,253,0,0.0,135,0.0,0.0,17.0,13.7,12.8,1,0.1477972943085329,False,NORMAL,Normal environmental conditions,None,Continue monitoring environmental conditions.,LOW
2026-09-17 21:49:25+00:00,0.0,0,0.0,0.0,0.0,0,16.3,852.7,16.4,16.6,71.9,261,253,0,0.0,135,0.0,0.0,16.4,13.4,12.2,1,0.1396054947736333,False,NORMAL,Normal environmental conditions,None,Continue monitoring environmental conditions.,LOW
2026-09-17 22:04:52+00:00,0.0,0,0.0,0.0,0.0,0,16.1,852.5,16.3,16.4,74.1,261,254,0,0.1,135,0.5,0.5,16.2,13.4,12.0,1,0.137439419243445,False,NORMAL,Normal environmental conditions,None,Continue monitoring environmental conditions.,LOW
2026-09-17 22:19:59+00:00,0.0,0,0.0,0.0,0.0,0,16.3,852.3,16.4,16.7,73.8,260,253,0,0.5,116,1.6,1.6,16.5,13.6,12.3,1,0.1283130831819402,False,NORMAL,Normal environmental conditions,None,Continue monitoring environmental conditions.,LOW
2026-09-17 22:35:08+00:00,0.0,0,0.0,0.0,0.0,0,16.1,852.1,16.2,16.5,74.3,259,254,0,0.0,118,0.0,0.0,16.3,13.5,12.1,1,0.1398686647312681,False,NORMAL,Normal environmental conditions,None,Continue monitoring environmental conditions.,LOW
2026-09-17 22:50:17+00:00,0.0,0,0.0,0.0,0.0,0,15.9,851.9,16.2,16.3,75.1,260,253,0,0.0,81,0.0,0.0,16.1,13.4,11.9,1,0.141039783822052,False,NORMAL,Normal environmental conditions,None,Continue monitoring environmental conditions.,LOW
2026-09-17 23:05:26+00:00,0.0,0,0.0,0.0,0.0,0,15.5,851.8,15.8,15.9,76.5,262,254,0,0.0,81,0.0,0.0,15.7,13.2,11.5,1,0.1327363356102303,False,NORMAL,Normal environmental conditions,None,Continue monitoring environmental conditions.,LOW
2026-09-17 23:20:35+00:00,0.0,0,0.0,0.0,0.0,0,15.1,851.8,15.3,15.4,78.4,260,253,0,0.0,81,0.0,0.0,15.2,12.9,11.0,1,0.1115267650601252,False,NORMAL,Normal environmental conditions,None,Continue monitoring environmental conditions.,LOW
2026-09-17 23:35:56+00:00,0.0,0,0.0,0.0,0.0,0,14.6,851.8,14.8,14.9,80.0,261,253,0,0.0,81,0.0,0.0,14.7,12.6,10.5,1,0.0973999357285231,False,NORMAL,Normal environmental conditions,None,Continue monitoring environmental conditions.,LOW
2026-09-17 23:51:05+00:00,0.0,0,0.0,0.0,0.0,0,14.2,851.8,14.4,14.6,81.2,261,254,0,0.0,81,0.0,0.0,14.4,12.5,10.2,1,0.0877237496513138,False,NORMAL,Normal environmental conditions,None,Continue monitoring environmental conditions.,LOW
2026-09-18 00:00:10+00:00,0.0,0,0.0,0.0,0.0,0,14.0,851.8,14.2,14.4,82.0,262,253,0,0.0,81,0.0,0.0,14.2,12.3,10.0,1,0.0776220416689428,False,NORMAL,Normal environmental conditions,None,Continue monitoring environmental conditions.,LOW
2026-09-18 00:15:19+00:00,0.0,0,0.0,0.0,0.0,0,13.7,851.7,14.0,14.1,83.1,261,253,0,0.0,81,0.0,0.0,13.9,12.2,9.7,1,0.0664863336863931,False,NORMAL,Normal environmental conditions,None,Continue monitoring environmental conditions.,LOW
2026-09-18 00:30:28+00:00,0.0,0,0.0,0.0,0.0,0,13.5,852.0,13.9,14.0,83.3,260,254,0,0.0,81,0.0,0.0,13.8,12.1,9.6,1,0.0619318960265,False,NORMAL,Normal environmental conditions,None,Continue monitoring environmental conditions.,LOW
2026-09-18 00:45:37+00:00,0.0,0,0.0,0.0,0.0,0,13.2,851.9,13.6,13.7,84.8,260,252,0,0.0,81,0.0,0.0,13.5,12.0,9.3,1,0.046576774596568,False,NORMAL,Normal environmental conditions,None,Continue monitoring environmental conditions.,LOW
2026-09-18 01:01:05+00:00,0.0,0,0.0,0.0,0.0,0,13.1,852.1,13.4,13.5,85.6,261,254,0,0.0,81,0.0,0.0,13.4,11.9,9.1,1,0.0380741612386281,False,NORMAL,Normal environmental conditions,None,Continue monitoring environmental conditions.,LOW
2026-09-18 01:16:14+00:00,0.0,0,0.0,0.0,0.0,0,13.1,852.2,13.4,13.6,87.1,261,253,0,0.0,81,0.0,0.0,13.4,12.1,9.2,1,0.0415399202349956,False,NORMAL,Normal environmental conditions,None,Continue monitoring environmental conditions.,LOW
2026-09-18 01:31:24+00:00,0.0,0,0.0,0.0,0.0,0,13.0,852.1,13.4,13.6,86.4,261,254,0,0.0,81,0.0,0.0,13.4,12.0,9.2,1,0.0397466409670916,False,NORMAL,Normal environmental conditions,None,Continue monitoring environmental conditions.,LOW
2026-09-18 01:46:33+00:00,0.0,0,0.0,0.0,0.0,0,12.8,852.2,13.1,13.3,87.3,260,253,0,0.0,81,0.0,0.0,13.1,11.8,8.9,1,0.0284413767184456,False,NORMAL,Normal environmental conditions,None,Continue monitoring environmental conditions.,LOW
2026-09-18 02:01:42+00:00,0.0,0,0.0,0.0,0.0,0,12.6,852.4,12.9,13.1,88.5,260,253,0,0.0,81,0.0,0.0,13.0,11.9,8.7,1,0.0181550761885757,False,NORMAL,Normal environmental conditions,None,Continue monitoring environmental conditions.,LOW
2026-09-18 02:17:08+00:00,0.0,0,0.0,0.0,0.0,0,12.6,852.3,12.8,13.1,88.2,261,253,0,0.0,81,0.0,0.0,12.9,11.7,8.6,1,0.0098906271372941,False,NORMAL,Normal environmental conditions,None,Continue monitoring environmental conditions.,LOW
2026-09-18 02:32:17+00:00,0.0,0,0.0,0.0,0.0,0,12.5,852.5,12.8,13.0,89.6,261,253,0,0.0,81,0.0,0.0,12.9,11.8,8.6,1,0.0046399094399735,False,NORMAL,Normal environmental conditions,None,Continue monitoring environmental conditions.,LOW
2026-09-18 02:48:14+00:00,0.0,0,0.0,0.0,0.0,0,12.5,852.5,12.8,13.0,89.1,261,253,0,0.0,81,0.0,0.0,12.8,11.7,8.5,1,0.0020059078028684,False,NORMAL,Normal environmental conditions,None,Continue monitoring environmental conditions.,LOW
2026-09-18 03:03:24+00:00,0.0,0,0.0,0.0,0.0,0,12.5,852.5,12.9,13.0,89.2,260,255,0,0.2,356,0.7,0.7,12.9,11.8,8.6,-1,-0.0457944102888798,True,NORMAL,Temperature anomaly,Unusually low temperature,Continue monitoring environmental conditions.,MEDIUM
2026-09-18 03:18:33+00:00,0.0,0,0.0,0.0,0.0,0,12.7,852.4,13.1,13.2,89.2,264,291,0,0.2,337,0.4,0.4,13.1,12.0,8.8,-1,-0.0229953538423678,True,NORMAL,Temperature anomaly,Unusually low temperature,Continue monitoring environmental conditions.,MEDIUM
2026-09-18 03:33:41+00:00,0.0,0,0.0,0.1,0.0,0,12.9,852.4,13.2,13.4,88.7,268,338,0,0.1,337,0.2,0.2,13.2,12.1,9.0,-1,-0.0198374338881828,True,NORMAL,Temperature anomaly,Unusually low temperature,Continue monitoring environmental conditions.,MEDIUM
2026-09-18 03:48:50+00:00,0.0,0,0.0,0.1,0.0,0,13.3,852.6,13.6,13.7,89.2,277,443,0,0.3,58,0.7,0.7,13.6,12.5,9.4,1,0.0119690032776078,False,NORMAL,Normal environmental conditions,None,Continue monitoring environmental conditions.,LOW
2026-09-18 04:04:12+00:00,0.0,0,0.0,0.1,0.0,0,13.7,852.7,14.1,14.2,89.6,267,353,0,0.2,323,0.7,0.7,14.1,13.0,9.9,1,0.0145261071839988,False,NORMAL,Normal environmental conditions,None,Continue monitoring environmental conditions.,LOW
2026-09-18 04:19:20+00:00,0.0,0,0.0,0.2,0.0,0,14.3,852.8,14.6,14.8,89.0,290,556,0,0.2,197,0.7,0.7,14.7,13.5,10.5,1,0.0573200434895736,False,NORMAL,Normal environmental conditions,None,Continue monitoring environmental conditions.,LOW
2026-09-18 04:34:28+00:00,0.0,0,0.0,0.3,0.0,0,14.7,853.0,15.1,15.1,86.3,308,770,0,0.2,349,0.7,0.7,15.1,13.6,10.9,1,0.0151106838736604,False,NORMAL,Normal environmental conditions,None,Continue monitoring environmental conditions.,LOW
2026-09-18 04:49:36+00:00,0.0,0,0.0,0.7,0.0,0,15.5,853.2,15.8,15.9,83.5,380,1606,0,0.4,353,1.5,1.5,15.8,14.0,11.6,1,0.0059084946890581,False,NORMAL,Normal environmental conditions,None,Continue monitoring environmental conditions.,LOW
2026-09-18 05:04:44+00:00,0.0,0,0.0,1.0,0.0,0,17.2,853.2,17.1,17.2,78.7,436,2234,0,0.8,352,2.0,2.0,17.1,14.6,12.8,1,0.0302511127009179,False,NORMAL,Normal environmental conditions,None,Continue monitoring environmental conditions.,LOW
2026-09-18 05:21:14+00:00,0.0,0,0.0,0.7,0.0,0,17.7,853.4,17.7,17.8,75.7,394,1740,0,0.2,330,0.9,0.9,17.7,14.9,13.5,1,0.0812055846650738,False,NORMAL,Normal environmental conditions,None,Continue monitoring environmental conditions.,LOW
2026-09-18 05:36:22+00:00,0.0,0,0.0,0.6,0.0,0,18.2,853.5,18.1,18.4,73.9,378,1565,0,0.3,334,0.9,0.9,18.3,15.2,14.0,1,0.0799016434275234,False,NORMAL,Normal environmental conditions,None,Continue monitoring environmental conditions.,LOW
2026-09-18 05:52:14+00:00,0.0,0,0.0,1.1,0.0,0,18.8,853.5,18.9,19.3,71.1,466,2522,0,0.0,74,0.0,0.0,19.2,15.7,14.8,1,0.1067722910676628,False,NORMAL,Normal environmental conditions,None,Continue monitoring environmental conditions.,LOW
2026-09-18 06:07:22+00:00,0.0,0,0.0,1.1,0.0,0,18.9,853.6,19.0,19.5,68.3,460,2446,0,0.4,72,0.7,0.7,19.4,15.6,15.0,1,0.126927007349927,False,NORMAL,Normal environmental conditions,None,Continue monitoring environmental conditions.,LOW
2026-09-18 06:22:31+00:00,0.0,0,0.0,0.9,0.0,0,19.0,853.7,19.3,19.7,68.5,430,2096,0,0.2,135,0.7,0.7,19.6,15.8,15.2,1,0.1330329733773831,False,NORMAL,Normal environmental conditions,None,Continue monitoring environmental conditions.,LOW
2026-09-18 06:37:55+00:00,0.0,0,0.0,0.9,0.0,0,19.9,853.8,19.7,19.9,67.2,415,1928,0,0.1,148,0.8,0.8,19.8,15.9,15.4,1,0.1225186361704121,False,NORMAL,Normal environmental conditions,None,Continue monitoring environmental conditions.,LOW
2026-09-18 06:53:03+00:00,0.0,0,0.0,0.8,0.0,0,19.3,854.0,19.3,19.9,68.7,396,1727,0,1.2,63,2.2,2.2,19.8,16.0,15.4,1,0.0831678529704507,False,NORMAL,Normal environmental conditions,None,Continue monitoring environmental conditions.,LOW
2026-09-18 07:08:12+00:00,0.0,0,0.0,0.9,0.0,0,18.4,854.2,18.6,19.1,73.3,421,2008,0,1.0,72,2.4,2.4,19.0,15.8,14.7,1,0.0779352612433931,False,NORMAL,Normal environmental conditions,None,Continue monitoring environmental conditions.,LOW
2026-09-18 07:24:22+00:00,0.0,0,0.0,1.3,0.0,0,18.9,854.1,19.0,19.6,71.6,491,2792,0,0.5,89,1.1,1.1,19.6,16.1,15.2,1,0.1204027761618971,False,NORMAL,Normal environmental conditions,None,Continue monitoring environmental conditions.,LOW
2026-09-18 07:40:04+00:00,0.0,0,0.0,1.2,0.0,0,19.3,854.0,19.3,20.0,70.2,488,2754,0,1.0,80,1.3,1.3,19.9,16.3,15.5,1,0.1025033259034567,False,NORMAL,Normal environmental conditions,None,Continue monitoring environmental conditions.,LOW
2026-09-18 07:55:16+00:00,0.0,0,0.0,0.9,0.0,0,20.0,853.8,20.0,20.6,69.3,436,2164,0,0.2,81,0.7,0.7,20.6,16.8,16.1,1,0.1232555151044504,False,NORMAL,Normal environmental conditions,None,Continue monitoring environmental conditions.,LOW
2026-09-18 08:11:05+00:00,0.0,0,0.0,0.8,0.0,0,20.0,853.6,20.0,20.6,69.3,409,1873,0,1.0,80,1.3,1.3,20.5,16.7,16.0,1,0.1151013172259548,False,NORMAL,Normal environmental conditions,None,Continue monitoring environmental conditions.,LOW
2026-09-18 08:26:17+00:00,0.0,0,0.0,0.5,0.0,0,19.9,853.6,20.0,20.4,70.4,345,1169,0,0.3,353,0.7,0.7,20.4,16.7,15.9,1,0.0864102849343779,False,NORMAL,Normal environmental conditions,None,Continue monitoring environmental conditions.,LOW
2026-09-18 08:42:08+00:00,0.0,0,0.0,0.5,0.0,0,19.5,853.3,19.5,20.0,72.4,353,1228,0,0.5,78,0.9,0.9,20.0,16.6,15.6,1,0.1387636786377689,False,NORMAL,Normal environmental conditions,None,Continue monitoring environmental conditions.,LOW
2026-09-18 08:57:16+00:00,0.0,0,0.0,0.4,0.0,0,18.9,853.2,18.9,19.6,76.9,334,1022,0,0.2,128,0.7,0.7,19.6,16.8,15.2,1,0.1376852275601626,False,NORMAL,Normal environmental conditions,None,Continue monitoring environmental conditions.,LOW
2026-09-18 09:12:18+00:00,0.0,0,0.0,1.2,0.0,0,17.7,853.2,17.8,18.5,84.8,486,2706,0,0.4,69,1.5,1.5,18.5,16.6,14.2,1,0.0976407421983781,False,NORMAL,Normal environmental conditions,None,Continue monitoring environmental conditions.,LOW
2026-09-18 09:27:26+00:00,0.0,0,0.0,0.9,0.0,0,18.6,853.1,18.6,19.2,84.4,422,2017,0,0.4,113,0.7,0.7,19.3,17.3,14.9,1,0.1182771361935333,False,NORMAL,Normal environmental conditions,None,Continue monitoring environmental conditions.,LOW
2026-09-18 09:42:34+00:00,0.0,0,0.0,0.5,0.0,0,18.4,852.9,18.4,19.2,83.8,345,1163,0,0.1,100,0.4,0.4,19.2,17.2,14.9,1,0.132337081950131,False,NORMAL,Normal environmental conditions,None,Continue monitoring environmental conditions.,LOW
2026-09-18 09:57:42+00:00,0.0,0,0.0,1.0,0.0,0,18.6,853.0,18.6,19.2,86.4,444,2229,0,0.0,49,0.0,0.0,19.4,17.6,15.0,1,0.0740834667466142,False,NORMAL,Normal environmental conditions,None,Continue monitoring environmental conditions.,LOW
2026-09-18 10:13:05+00:00,0.0,0,0.2,0.4,0.0,0,18.1,852.8,18.0,18.7,86.1,331,1020,0,0.0,94,0.4,0.4,18.8,17.0,14.5,1,0.1321674714828104,False,NORMAL,Normal environmental conditions,None,Continue monitoring environmental conditions.,LOW
2026-09-18 10:28:13+00:00,0.2,0,1.4,0.2,0.0,0,17.5,852.6,17.5,18.0,89.0,303,692,0,0.0,74,0.0,0.0,18.1,16.7,13.8,1,0.126192245268879,False,NORMAL,Normal environmental conditions,None,Continue monitoring environmental conditions.,LOW
2026-09-18 10:43:21+00:00,0.0,0,1.6,1.2,0.0,0,17.6,852.4,17.8,18.1,91.4,474,2609,0,0.1,111,0.7,0.7,18.2,17.0,13.9,1,0.0977471489338639,False,NORMAL,Normal environmental conditions,None,Continue monitoring environmental conditions.,LOW
2026-09-18 10:58:25+00:00,0.0,0,1.6,2.2,0.0,0,18.3,852.3,18.4,18.8,88.5,675,4818,0,1.7,87,3.1,3.1,18.9,17.4,14.6,-1,-0.0267227604883704,True,NORMAL,Wind anomaly,Elevated wind gust,Monitor exposed areas and unsecured infrastructure.,MEDIUM
2026-09-18 11:14:18+00:00,0.0,0,1.6,2.5,0.0,0,19.0,852.1,19.0,19.5,87.0,714,5325,0,0.5,65,1.3,1.3,19.7,18.0,15.3,1,0.0211420561468235,False,NORMAL,Normal environmental conditions,None,Continue monitoring environmental conditions.,LOW
2026-09-18 11:30:12+00:00,0.0,0,1.6,1.0,0.0,0,19.5,851.9,19.6,20.1,83.7,436,2199,0,0.3,72,0.9,0.9,20.2,18.1,15.8,1,0.0921904575980659,False,NORMAL,Normal environmental conditions,None,Continue monitoring environmental conditions.,LOW
2026-09-18 11:45:30+00:00,0.0,0,1.6,0.8,0.0,0,19.9,851.8,20.0,20.3,81.8,398,1749,0,0.2,4,0.7,0.7,20.4,18.1,16.0,1,0.0786709498868714,False,NORMAL,Normal environmental conditions,None,Continue monitoring environmental conditions.,LOW
2026-09-18 12:01:18+00:00,0.0,0,1.6,0.8,0.0,0,19.0,851.7,19.2,19.5,85.7,401,1764,0,0.1,183,0.4,0.4,19.7,17.8,15.3,1,0.0937271293083844,False,NORMAL,Normal environmental conditions,None,Continue monitoring environmental conditions.,LOW
2026-09-18 12:16:27+00:00,0.0,0,3.8,0.5,0.0,0,17.6,851.7,17.7,18.2,91.2,353,1237,0,0.8,141,2.2,2.2,18.3,17.1,14.0,1,0.0919036234130178,False,NORMAL,Normal environmental conditions,None,Continue monitoring environmental conditions.,LOW
2026-09-18 12:31:36+00:00,0.0,0,4.4,0.7,0.0,0,17.4,851.6,17.6,18.0,92.7,381,1533,0,0.9,70,2.0,2.0,18.1,17.1,13.8,1,0.0703230166407122,False,NORMAL,Normal environmental conditions,None,Continue monitoring environmental conditions.,LOW
2026-09-18 12:46:45+00:00,0.0,0,4.4,0.9,0.0,0,17.6,851.4,17.8,18.1,93.3,427,2014,0,0.3,77,0.7,0.7,18.3,17.3,14.0,1,0.0945450394998617,False,NORMAL,Normal environmental conditions,None,Continue monitoring environmental conditions.,LOW
2026-09-18 13:02:13+00:00,0.0,0,4.4,1.1,0.0,0,18.1,851.3,18.4,18.8,91.6,472,2497,0,0.0,72,0.2,0.2,19.0,17.8,14.6,1,0.0664381578571816,False,NORMAL,Normal environmental conditions,None,Continue monitoring environmental conditions.,LOW
2026-09-18 13:17:21+00:00,0.0,0,4.4,0.7,0.0,0,18.5,851.3,18.8,19.2,89.4,395,1652,0,0.0,102,0.0,0.0,19.4,17.9,15.0,1,0.0938017214562049,False,NORMAL,Normal environmental conditions,None,Continue monitoring environmental conditions.,LOW
2026-09-18 13:32:21+00:00,0.0,0,4.4,0.6,0.0,0,18.9,851.4,19.1,19.5,86.9,368,1404,0,0.6,140,1.3,1.3,19.6,17.9,15.2,1,0.0939732609790783,False,NORMAL,Normal environmental conditions,None,Continue monitoring environmental conditions.,LOW
2026-09-18 13:47:24+00:00,0.0,0,4.4,0.3,0.0,0,19.3,851.3,19.6,20.0,85.8,317,859,0,0.3,144,0.9,0.9,20.1,18.2,15.6,1,0.0929289612219549,False,NORMAL,Normal environmental conditions,None,Continue monitoring environmental conditions.,LOW
2026-09-18 14:02:32+00:00,0.0,0,4.4,0.4,0.0,0,19.4,851.3,19.6,19.8,81.5,330,996,0,0.2,155,0.7,0.7,19.9,17.5,15.4,1,0.1102018525867142,False,NORMAL,Normal environmental conditions,None,Continue monitoring environmental conditions.,LOW
2026-09-18 14:17:40+00:00,0.0,0,4.4,0.1,0.0,0,19.4,851.4,19.6,19.8,80.5,272,379,0,1.2,115,2.7,2.7,19.9,17.4,15.4,1,0.0726200798374126,False,NORMAL,Normal environmental conditions,None,Continue monitoring environmental conditions.,LOW
2026-09-18 14:33:23+00:00,0.0,0,4.8,0.1,0.0,0,18.4,851.6,18.5,18.9,86.3,282,452,0,0.0,169,0.2,0.2,19.0,17.3,14.7,1,0.1254761285752847,False,NORMAL,Normal environmental conditions,None,Continue monitoring environmental conditions.,LOW
2026-09-18 14:48:28+00:00,0.0,0,4.8,0.2,0.0,0,18.3,851.8,18.4,18.7,85.9,285,486,0,0.7,144,1.5,1.5,18.8,17.0,14.5,1,0.1342809263222568,False,NORMAL,Normal environmental conditions,None,Continue monitoring environmental conditions.,LOW
2026-09-18 15:04:21+00:00,0.0,0,4.8,0.1,0.0,0,18.4,851.8,18.6,18.8,83.4,272,344,0,0.5,209,1.1,1.1,18.8,16.8,14.5,1,0.1339060810606014,False,NORMAL,Normal environmental conditions,None,Continue monitoring environmental conditions.,LOW
2026-09-18 15:19:26+00:00,0.0,0,4.8,0.0,0.0,0,18.4,851.9,18.6,18.8,83.4,265,298,0,1.2,133,2.8,2.8,18.8,16.8,14.5,1,0.0851315135099056,False,NORMAL,Normal environmental conditions,None,Continue monitoring environmental conditions.,LOW
2026-09-18 15:34:34+00:00,0.0,0,4.8,0.0,0.0,0,18.2,852.0,18.4,18.6,84.9,261,260,0,0.4,132,0.9,0.9,18.7,16.8,14.4,1,0.1567814752206254,False,NORMAL,Normal environmental conditions,None,Continue monitoring environmental conditions.,LOW
2026-09-18 15:50:26+00:00,0.0,0,4.8,0.0,0.0,0,17.7,852.1,17.9,18.1,85.7,260,253,0,0.7,177,1.7,1.7,18.2,16.4,13.9,1,0.1450187950611906,False,NORMAL,Normal environmental conditions,None,Continue monitoring environmental conditions.,LOW
2026-09-18 16:05:35+00:00,0.0,0,4.8,0.0,0.0,0,17.5,852.2,17.6,17.9,86.6,263,254,0,0.6,157,1.5,1.5,17.9,16.2,13.6,1,0.1512181381917302,False,NORMAL,Normal environmental conditions,None,Continue monitoring environmental conditions.,LOW
2026-09-18 16:20:44+00:00,0.0,0,4.8,0.0,0.0,0,17.4,852.3,17.6,17.8,87.0,260,254,0,0.9,139,1.5,1.5,17.8,16.2,13.6,1,0.1404733114432028,False,NORMAL,Normal environmental conditions,None,Continue monitoring environmental conditions.,LOW
2026-09-18 16:35:53+00:00,0.0,0,4.8,0.0,0.0,0,17.3,852.4,17.5,17.7,86.9,260,253,0,0.7,119,1.7,1.7,17.8,16.1,13.5,1,0.1505161492253364,False,NORMAL,Normal environmental conditions,None,Continue monitoring environmental conditions.,LOW
2026-09-18 16:51:01+00:00,0.0,0,4.8,0.0,0.0,0,17.3,852.4,17.4,17.6,87.3,261,253,0,0.2,120,0.7,0.7,17.7,16.1,13.4,1,0.1716089687126086,False,NORMAL,Normal environmental conditions,None,Continue monitoring environmental conditions.,LOW
2026-09-18 17:06:23+00:00,0.0,0,4.8,0.0,0.0,0,17.2,852.6,17.4,17.6,87.6,262,253,0,0.2,133,0.9,0.9,17.6,16.1,13.4,1,0.168078786715548,False,NORMAL,Normal environmental conditions,None,Continue monitoring environmental conditions.,LOW
2026-09-18 17:21:31+00:00,0.0,0,4.8,0.0,0.0,0,17.2,852.8,17.3,17.5,87.9,259,254,0,0.0,150,0.2,0.2,17.6,16.1,13.3,1,0.1564941868525766,False,NORMAL,Normal environmental conditions,None,Continue monitoring environmental conditions.,LOW
2026-09-18 17:36:39+00:00,0.0,0,4.8,0.0,0.0,0,17.2,853.2,17.3,17.5,88.4,260,254,0,0.3,150,1.1,1.1,17.6,16.2,13.3,1,0.161333481703605,False,NORMAL,Normal environmental conditions,None,Continue monitoring environmental conditions.,LOW
2026-09-18 17:51:48+00:00,0.0,0,4.8,0.0,0.0,0,17.3,853.2,17.4,17.6,88.7,260,254,0,0.1,150,0.7,0.7,17.6,16.2,13.4,1,0.1581621917963003,False,NORMAL,Normal environmental conditions,None,Continue monitoring environmental conditions.,LOW
2026-09-18 18:06:58+00:00,0.0,0,4.8,0.0,0.0,0,17.4,853.3,17.5,17.7,88.6,261,253,0,0.4,195,1.1,1.1,17.8,16.4,13.5,1,0.14760227216991,False,NORMAL,Normal environmental conditions,None,Continue monitoring environmental conditions.,LOW
2026-09-18 18:22:27+00:00,0.0,0,4.8,0.0,0.0,0,17.4,853.4,17.6,17.8,88.9,260,253,0,0.2,195,0.7,0.7,17.9,16.5,13.6,1,0.1493291558795245,False,NORMAL,Normal environmental conditions,None,Continue monitoring environmental conditions.,LOW
2026-09-18 18:37:36+00:00,0.0,0,4.8,0.0,0.0,0,17.4,853.6,17.6,17.8,89.1,259,253,0,0.5,132,1.3,1.3,17.9,16.5,13.6,1,0.1472098218102566,False,NORMAL,Normal environmental conditions,None,Continue monitoring environmental conditions.,LOW
2026-09-18 18:52:45+00:00,0.0,0,4.8,0.0,0.0,0,17.4,853.5,17.4,17.7,89.8,261,254,0,0.0,133,0.0,0.0,17.8,16.5,13.6,1,0.1445518273219174,False,NORMAL,Normal environmental conditions,None,Continue monitoring environmental conditions.,LOW
2026-09-18 19:07:54+00:00,0.0,0,4.8,0.0,0.0,0,17.2,853.8,17.3,17.6,89.8,260,253,0,0.1,133,0.4,0.4,17.7,16.4,13.4,1,0.1459150634007202,False,NORMAL,Normal environmental conditions,None,Continue monitoring environmental conditions.,LOW
2026-09-18 19:23:35+00:00,0.0,0,4.8,0.0,0.0,0,17.3,853.8,17.4,17.6,89.5,261,253,0,0.0,137,0.1,0.1,17.7,16.4,13.4,1,0.1426062440634215,False,NORMAL,Normal environmental conditions,None,Continue monitoring environmental conditions.,LOW
2026-09-18 19:38:43+00:00,0.0,0,4.8,0.0,0.0,0,17.3,853.8,17.4,17.6,89.0,259,254,0,0.7,161,2.4,2.4,17.7,16.3,13.4,1,0.1040517483800309,False,NORMAL,Normal environmental conditions,None,Continue monitoring environmental conditions.,LOW
2026-09-18 19:53:52+00:00,0.0,0,4.8,0.0,0.0,0,17.2,853.9,17.4,17.6,89.3,259,252,0,0.0,186,0.2,0.2,17.6,16.3,13.4,1,0.1330867130088546,False,NORMAL,Normal environmental conditions,None,Continue monitoring environmental conditions.,LOW
2026-09-18 20:09:00+00:00,0.0,0,4.8,0.0,0.0,0,17.3,853.9,17.4,17.6,88.4,260,253,0,0.9,122,2.0,2.0,17.7,16.2,13.4,1,0.1168275900222821,False,NORMAL,Normal environmental conditions,None,Continue monitoring environmental conditions.,LOW
2026-09-18 20:24:24+00:00,0.0,0,4.8,0.0,0.0,0,17.0,853.9,17.2,17.4,88.7,261,254,0,0.3,143,0.9,0.9,17.4,16.0,13.2,1,0.1583113522986566,False,NORMAL,Normal environmental conditions,None,Continue monitoring environmental conditions.,LOW
2026-09-18 20:39:32+00:00,0.0,0,4.8,0.0,0.0,0,16.9,853.8,17.0,17.3,89.0,259,253,0,0.6,176,1.1,1.1,17.3,16.0,13.1,1,0.1467203805944362,False,NORMAL,Normal environmental conditions,None,Continue monitoring environmental conditions.,LOW
2026-09-18 20:54:41+00:00,0.0,0,4.8,0.0,0.0,0,16.9,853.7,17.1,17.3,89.4,260,253,0,0.4,152,1.1,1.1,17.4,16.1,13.1,1,0.1558110350598737,False,NORMAL,Normal environmental conditions,None,Continue monitoring environmental conditions.,LOW
2026-09-18 21:10:28+00:00,0.0,0,4.8,0.0,0.0,0,16.8,853.7,16.9,17.2,88.7,260,254,0,1.5,181,2.8,2.8,17.2,15.8,13.0,1,0.0631965413870282,False,NORMAL,Normal environmental conditions,None,Continue monitoring environmental conditions.,LOW
2026-09-18 21:25:37+00:00,0.0,0,4.8,0.0,0.0,0,16.5,853.7,16.6,16.9,89.1,261,254,0,1.2,164,2.4,2.4,16.9,15.6,12.7,1,0.0823714130936185,False,NORMAL,Normal environmental conditions,None,Continue monitoring environmental conditions.,LOW
2026-09-18 21:40:46+00:00,0.0,0,4.8,0.0,0.0,0,16.0,853.5,16.2,16.5,90.2,260,254,0,1.8,161,3.7,3.7,16.5,15.3,12.3,1,0.0147797253787554,False,NORMAL,Normal environmental conditions,None,Continue monitoring environmental conditions.,LOW
2026-09-18 21:55:55+00:00,0.0,0,4.8,0.0,0.0,0,15.9,853.4,16.2,16.3,90.7,261,253,0,0.9,183,1.7,1.7,16.3,15.2,12.1,1,0.1046539095494646,False,NORMAL,Normal environmental conditions,None,Continue monitoring environmental conditions.,LOW
2026-09-18 22:11:04+00:00,0.0,0,4.8,0.0,0.0,0,15.8,853.3,16.1,16.2,90.8,261,255,0,0.6,132,1.5,1.5,16.3,15.1,12.0,1,0.1270384662055156,False,NORMAL,Normal environmental conditions,None,Continue monitoring environmental conditions.,LOW
2026-09-18 22:26:28+00:00,0.0,0,4.8,0.0,0.0,0,15.8,853.0,16.1,16.2,90.8,260,253,0,1.4,169,2.4,2.4,16.2,15.1,12.0,1,0.0571222018861583,False,NORMAL,Normal environmental conditions,None,Continue monitoring environmental conditions.,LOW
2026-09-18 22:41:36+00:00,0.0,0,4.8,0.0,0.0,0,15.7,852.7,16.1,16.1,91.1,260,254,0,0.7,194,1.5,1.5,16.2,15.1,12.0,1,0.1172702135396197,False,NORMAL,Normal environmental conditions,None,Continue monitoring environmental conditions.,LOW
2026-09-18 22:57:35+00:00,0.0,0,4.8,0.0,0.0,0,15.7,852.5,16.0,16.1,90.8,260,253,0,1.1,161,1.5,1.5,16.1,15.0,11.9,1,0.101511883509494,False,NORMAL,Normal environmental conditions,None,Continue monitoring environmental conditions.,LOW
2026-09-18 23:12:43+00:00,0.0,0,4.8,0.0,0.0,0,15.6,852.5,15.9,16.0,90.6,261,254,0,0.5,143,1.7,1.7,16.0,14.9,11.8,1,0.1307154248759223,False,NORMAL,Normal environmental conditions,None,Continue monitoring environmental conditions.,LOW
2026-09-18 23:27:51+00:00,0.0,0,4.8,0.0,0.0,0,15.3,852.5,15.6,15.7,90.1,262,254,0,0.1,105,0.4,0.4,15.7,14.6,11.5,1,0.1507381590122299,False,NORMAL,Normal environmental conditions,None,Continue monitoring environmental conditions.,LOW
2026-09-18 23:43:00+00:00,0.0,0,4.8,0.0,0.0,0,15.1,852.6,15.4,15.6,90.6,260,253,0,0.1,186,0.4,0.4,15.5,14.5,11.3,1,0.1281375514555264,False,NORMAL,Normal environmental conditions,None,Continue monitoring environmental conditions.,LOW
2026-09-18 23:58:09+00:00,0.0,0,4.8,0.0,0.0,0,15.1,852.5,15.4,15.5,91.0,260,253,0,0.4,177,0.9,0.9,15.5,14.5,11.3,1,0.1228247494181537,False,NORMAL,Normal environmental conditions,None,Continue monitoring environmental conditions.,LOW
2026-09-19 00:00:10+00:00,0.0,0,4.8,0.0,0.0,0,15.1,852.5,15.4,15.5,90.9,262,253,0,1.0,181,1.7,1.7,15.5,14.4,11.3,1,0.0732559231883059,False,NORMAL,Normal environmental conditions,None,Continue monitoring environmental conditions.,LOW
2026-09-19 00:15:32+00:00,0.0,0,4.8,0.0,0.0,0,15.1,852.6,15.4,15.5,90.7,261,254,0,0.4,162,0.7,0.7,15.5,14.4,11.3,1,0.1229539041293721,False,NORMAL,Normal environmental conditions,None,Continue monitoring environmental conditions.,LOW
2026-09-19 00:30:41+00:00,0.0,0,4.8,0.0,0.0,0,15.0,852.8,15.3,15.4,89.2,261,253,0,1.0,178,2.4,2.4,15.4,14.2,11.2,1,0.0490959888671379,False,NORMAL,Normal environmental conditions,None,Continue monitoring environmental conditions.,LOW
2026-09-19 00:45:49+00:00,0.0,0,4.8,0.0,0.0,0,15.0,852.8,15.2,15.4,88.4,259,254,0,0.7,158,1.5,1.5,15.3,14.0,11.1,1,0.0878360318875153,False,NORMAL,Normal environmental conditions,None,Continue monitoring environmental conditions.,LOW
2026-09-19 01:00:58+00:00,0.0,0,4.8,0.0,0.0,0,15.0,852.8,15.2,15.4,88.9,260,253,0,0.3,104,1.3,1.3,15.3,14.1,11.1,1,0.1111466239201168,False,NORMAL,Normal environmental conditions,None,Continue monitoring environmental conditions.,LOW
2026-09-19 01:16:43+00:00,0.0,0,4.8,0.0,0.0,0,14.8,852.9,15.1,15.3,88.0,260,253,0,0.0,160,0.0,0.0,15.2,13.9,11.0,1,0.1216874008928325,False,NORMAL,Normal environmental conditions,None,Continue monitoring environmental conditions.,LOW
2026-09-19 01:32:09+00:00,0.0,0,4.8,0.0,0.0,0,14.7,852.9,15.0,15.1,87.0,259,253,0,0.0,160,0.2,0.2,15.1,13.6,10.9,1,0.1144499396374215,False,NORMAL,Normal environmental conditions,None,Continue monitoring environmental conditions.,LOW
2026-09-19 01:47:35+00:00,0.0,0,4.8,0.0,0.0,0,14.7,852.9,14.9,15.1,87.3,261,252,0,0.0,151,0.2,0.2,15.0,13.6,10.8,1,0.1163380242075532,False,NORMAL,Normal environmental conditions,None,Continue monitoring environmental conditions.,LOW
2026-09-19 02:02:44+00:00,0.0,0,4.8,0.0,0.0,0,14.6,852.8,14.9,15.0,87.1,262,253,0,0.0,151,0.4,0.4,14.9,13.5,10.7,1,0.1089326794408732,False,NORMAL,Normal environmental conditions,None,Continue monitoring environmental conditions.,LOW
2026-09-19 02:17:52+00:00,0.0,0,4.8,0.0,0.0,0,14.6,852.9,14.8,15.0,87.1,260,253,0,0.0,151,0.4,0.4,14.9,13.5,10.7,1,0.108259363116196,False,NORMAL,Normal environmental conditions,None,Continue monitoring environmental conditions.,LOW
2026-09-19 02:33:01+00:00,0.0,0,4.8,0.0,0.0,0,14.5,853.2,14.8,14.9,86.4,261,254,0,0.2,126,0.7,0.7,14.8,13.4,10.6,1,0.0839951070277613,False,NORMAL,Normal environmental conditions,None,Continue monitoring environmental conditions.,LOW
2026-09-19 02:48:09+00:00,0.0,0,4.8,0.0,0.0,0,14.4,853.2,14.7,14.8,84.6,261,253,0,0.6,149,1.3,1.3,14.7,13.1,10.5,1,0.0581059437118443,False,NORMAL,Normal environmental conditions,None,Continue monitoring environmental conditions.,LOW
2026-09-19 03:03:18+00:00,0.0,0,4.8,0.0,0.0,0,14.3,853.4,14.6,14.8,84.4,261,254,0,0.0,147,0.0,0.0,14.6,13.0,10.4,1,0.0832640891722159,False,NORMAL,Normal environmental conditions,None,Continue monitoring environmental conditions.,LOW
2026-09-19 03:18:38+00:00,0.0,0,4.8,0.0,0.0,0,14.2,853.7,14.5,14.7,84.8,264,267,0,0.1,75,0.9,0.9,14.5,12.9,10.3,1,0.05663280010052,False,NORMAL,Normal environmental conditions,None,Continue monitoring environmental conditions.,LOW
2026-09-19 03:33:46+00:00,0.0,0,4.8,0.1,0.0,0,14.3,853.9,14.6,14.7,85.4,269,379,0,0.0,96,0.0,0.0,14.6,13.1,10.4,1,0.0669093670428743,False,NORMAL,Normal environmental conditions,None,Continue monitoring environmental conditions.,LOW
2026-09-19 03:48:54+00:00,0.0,0,4.8,0.2,0.0,0,14.6,854.1,14.9,14.9,84.9,290,595,0,0.0,59,0.0,0.0,14.8,13.2,10.6,1,0.0601478581535364,False,NORMAL,Normal environmental conditions,None,Continue monitoring environmental conditions.,LOW
2026-09-19 04:04:02+00:00,0.0,0,4.8,0.2,0.0,0,14.9,854.2,15.2,15.3,84.1,294,543,0,0.0,59,0.2,0.2,15.2,13.5,11.0,1,0.069341165792236,False,NORMAL,Normal environmental conditions,None,Continue monitoring environmental conditions.,LOW
2026-09-19 04:19:10+00:00,0.0,0,4.8,0.3,0.0,0,14.8,854.4,15.1,15.2,84.2,309,716,0,0.0,59,0.2,0.2,15.1,13.4,10.9,1,0.0439026707495351,False,NORMAL,Normal environmental conditions,None,Continue monitoring environmental conditions.,LOW
2026-09-19 04:34:19+00:00,0.0,0,4.8,0.5,0.0,0,15.3,854.6,15.6,15.5,84.4,345,1151,0,0.0,63,0.0,0.0,15.4,13.7,11.2,1,0.0412110776161718,False,NORMAL,Normal environmental conditions,None,Continue monitoring environmental conditions.,LOW
2026-09-19 04:49:42+00:00,0.0,0,4.8,0.5,0.0,0,15.9,854.8,16.2,16.1,81.0,351,1221,0,0.0,100,0.0,0.0,16.0,13.9,11.8,1,0.0671147556202224,False,NORMAL,Normal environmental conditions,None,Continue monitoring environmental conditions.,LOW
2026-09-19 05:04:50+00:00,0.0,0,4.8,0.6,0.0,0,16.6,855.1,16.6,16.9,80.7,363,1359,0,0.0,100,0.2,0.2,16.8,14.6,12.6,1,0.096513611940428,False,NORMAL,Normal environmental conditions,None,Continue monitoring environmental conditions.,LOW
2026-09-19 05:19:58+00:00,0.0,0,4.8,0.8,0.0,0,17.0,855.1,17.0,17.3,78.3,413,1915,0,0.1,338,0.7,0.7,17.2,14.7,13.0,1,0.0410032048312773,False,NORMAL,Normal environmental conditions,None,Continue monitoring environmental conditions.,LOW
2026-09-19 05:35:06+00:00,0.0,0,4.8,1.0,0.0,0,17.5,855.3,17.4,17.8,75.1,436,2151,0,0.1,71,0.4,0.4,17.7,14.8,13.4,1,0.0809006357000007,False,NORMAL,Normal environmental conditions,None,Continue monitoring environmental conditions.,LOW
2026-09-19 05:50:23+00:00,0.0,0,4.8,1.1,0.0,0,17.9,855.4,17.8,18.2,75.4,455,2343,0,0.1,103,0.2,0.2,18.2,15.3,13.9,1,0.0892401907652603,False,NORMAL,Normal environmental conditions,None,Continue monitoring environmental conditions.,LOW
2026-09-19 06:05:47+00:00,0.0,0,0.0,1.5,4.8,0,19.8,855.4,19.4,19.5,72.5,533,3195,0,0.1,354,0.7,0.7,19.5,16.2,15.1,1,0.0311956636209309,False,NORMAL,Normal environmental conditions,None,Continue monitoring environmental conditions.,LOW
2026-09-19 06:20:55+00:00,0.0,0,0.0,1.5,4.8,0,20.2,855.7,19.7,19.7,73.1,533,3140,0,0.0,69,0.2,0.2,19.6,16.4,15.2,1,0.0593762686889789,False,NORMAL,Normal environmental conditions,None,Continue monitoring environmental conditions.,LOW
2026-09-19 06:36:02+00:00,0.0,0,0.0,1.0,4.8,0,20.8,855.8,20.6,20.6,67.8,451,2294,0,0.1,336,0.4,0.4,20.6,16.6,16.1,1,0.045663621837554,False,NORMAL,Normal environmental conditions,None,Continue monitoring environmental conditions.,LOW
2026-09-19 06:51:10+00:00,0.0,0,0.0,2.3,4.8,0,20.6,855.9,20.6,20.5,68.8,694,4925,0,0.3,22,0.9,0.9,20.5,16.6,16.0,1,0.0187451719943675,False,NORMAL,Normal environmental conditions,None,Continue monitoring environmental conditions.,LOW
2026-09-19 07:06:18+00:00,0.0,0,0.0,1.2,4.8,0,23.3,855.8,22.5,22.6,61.0,481,2564,0,0.2,346,0.9,0.9,22.6,17.5,17.8,1,0.0292977708383068,False,NORMAL,Normal environmental conditions,None,Continue monitoring environmental conditions.,LOW
2026-09-19 07:21:26+00:00,0.0,0,0.0,3.5,4.8,0,20.7,855.6,21.0,20.5,67.2,917,7652,0,0.7,238,2.6,2.6,20.5,16.4,16.0,-1,-0.0236584412526065,True,NORMAL,Wind anomaly,Elevated wind gust,Monitor exposed areas and unsecured infrastructure.,MEDIUM
2026-09-19 07:36:51+00:00,0.0,0,0.0,1.2,4.8,0,20.7,855.4,20.5,20.4,67.4,489,2682,0,0.7,311,1.3,1.3,20.3,16.3,15.8,1,0.0625826077094502,False,NORMAL,Normal environmental conditions,None,Continue monitoring environmental conditions.,LOW
2026-09-19 07:51:59+00:00,0.0,0,0.0,4.2,4.8,0,20.5,855.3,20.9,20.8,63.2,1041,8894,0,0.5,237,0.9,0.9,20.7,16.1,16.1,-1,-0.0152322743587945,True,NORMAL,Environmental anomaly,,Continue monitoring environmental conditions.,MEDIUM
2026-09-19 08:07:56+00:00,0.0,0,0.0,4.2,4.8,0,21.0,855.1,21.2,21.4,60.8,1039,8817,0,1.2,237,1.7,1.7,21.3,16.4,16.7,-1,-0.0262189247315465,True,NORMAL,Environmental anomaly,,Continue monitoring environmental conditions.,MEDIUM
2026-09-19 08:23:04+00:00,0.0,0,0.0,1.1,4.8,0,22.6,854.8,22.9,22.6,53.6,460,2263,0,1.6,234,2.8,2.8,22.5,16.5,17.7,1,0.0130451089751553,False,NORMAL,Normal environmental conditions,None,Continue monitoring environmental conditions.,LOW
2026-09-19 08:38:12+00:00,0.0,0,0.0,1.3,4.8,0,22.5,854.6,22.9,22.4,56.0,497,2642,0,0.0,171,0.0,0.0,22.3,16.6,17.6,1,0.0658184187976503,False,NORMAL,Normal environmental conditions,None,Continue monitoring environmental conditions.,LOW
2026-09-19 08:53:19+00:00,0.0,0,0.0,4.6,4.8,0,22.7,854.3,23.2,23.2,50.8,1123,9614,0,1.0,219,2.2,2.2,23.1,16.6,18.2,-1,-0.0220525284047715,True,NORMAL,Wind anomaly,"Below-normal humidity, Above-normal wind gust",Continue monitoring environmental conditions.,HIGH
2026-09-19 09:09:00+00:00,0.0,0,0.0,1.4,4.8,0,23.1,854.2,23.4,23.9,50.4,520,2858,0,0.7,126,2.0,2.0,23.7,17.1,18.8,1,0.0768595107810559,False,NORMAL,Normal environmental conditions,None,Continue monitoring environmental conditions.,LOW
2026-09-19 09:24:08+00:00,0.0,0,0.0,4.5,4.8,0,24.1,853.9,24.2,24.4,48.3,1094,9222,0,0.0,219,0.2,0.2,24.2,17.2,19.2,-1,-0.019556251022485,True,NORMAL,Dryness anomaly,Below-normal humidity,Continue monitoring environmental conditions.,MEDIUM
2026-09-19 09:39:15+00:00,0.0,0,0.0,4.6,4.8,0,24.7,853.6,25.1,25.2,43.5,1109,9417,0,0.6,173,2.2,2.2,25.1,17.2,19.8,-1,-0.0073778809096526,True,NORMAL,Wind anomaly,"Unusually low humidity, Above-normal wind gust",Monitor dry conditions and potential vegetation stress.,HIGH
2026-09-19 09:54:23+00:00,0.0,0,0.0,4.5,4.8,0,24.8,853.3,25.4,25.6,42.3,1105,9510,0,1.4,179,3.1,3.1,25.5,17.3,20.1,-1,-0.0355627545033044,True,NORMAL,Heat and dryness anomaly,"Above-normal heat conditions, Unusually low humidity, Elevated wind gust",Monitor heat conditions. Monitor dry conditions and potential vegetation stress. Monitor exposed areas and unsecured infrastructure.,HIGH
2026-09-19 10:09:49+00:00,0.0,0,0.0,1.9,4.8,0,25.5,853.1,25.9,26.3,40.4,604,3726,0,0.4,129,1.3,1.3,26.2,17.5,20.7,1,0.0450692018418777,False,NORMAL,Normal environmental conditions,None,Continue monitoring environmental conditions.,LOW
2026-09-19 10:24:57+00:00,0.0,0,0.0,3.8,4.8,0,24.3,852.7,24.8,24.8,43.3,960,7841,0,0.7,186,2.0,2.0,24.7,16.8,19.5,1,0.0181022425423332,False,NORMAL,Normal environmental conditions,None,Continue monitoring environmental conditions.,LOW
2026-09-19 10:40:05+00:00,0.0,0,0.0,1.6,4.8,0,25.8,852.4,26.2,26.7,37.5,555,3178,0,0.7,136,2.0,2.0,26.5,17.3,20.9,1,0.0375254245794882,False,NORMAL,Normal environmental conditions,None,Continue monitoring environmental conditions.,LOW
2026-09-19 10:55:13+00:00,0.0,0,0.0,4.1,4.8,0,26.0,852.1,26.4,26.7,40.1,1022,8627,0,1.1,147,2.2,2.2,26.6,17.8,21.0,-1,-0.0151704085280557,True,NORMAL,Heat and dryness anomaly,"Above-normal heat conditions, Unusually low humidity, Above-normal wind gust",Monitor heat conditions. Monitor dry conditions and potential vegetation stress.,HIGH
2026-09-19 11:10:20+00:00,0.0,0,0.0,3.9,4.8,0,26.0,851.7,26.2,26.7,40.6,982,8100,0,1.9,95,3.4,3.4,26.6,17.9,21.0,-1,-0.0597319014923291,True,WARNING,Heat and dryness anomaly,"Above-normal heat conditions, Unusually low humidity, Elevated wind gust",Monitor heat conditions. Monitor dry conditions and potential vegetation stress. Monitor exposed areas and unsecured infrastructure.,HIGH
2026-09-19 11:25:28+00:00,0.0,0,0.0,1.1,4.8,0,24.7,851.5,24.9,25.4,42.3,460,2208,0,1.0,132,2.0,2.0,25.3,17.1,20.0,1,0.0856657307491958,False,NORMAL,Normal environmental conditions,None,Continue monitoring environmental conditions.,LOW
2026-09-19 11:40:54+00:00,0.0,0,0.0,3.3,4.8,0,26.3,851.3,26.6,27.1,38.2,883,7082,0,0.3,117,0.9,0.9,26.8,17.7,21.2,1,0.0082186935561586,False,NORMAL,Normal environmental conditions,None,Continue monitoring environmental conditions.,LOW
2026-09-19 11:56:16+00:00,0.0,0,0.0,3.0,4.8,0,25.3,851.2,25.3,26.3,39.3,816,6303,0,1.3,78,2.0,2.0,26.1,17.3,20.6,1,0.0262996811498356,False,NORMAL,Normal environmental conditions,None,Continue monitoring environmental conditions.,LOW
2026-09-19 12:11:23+00:00,0.0,0,0.0,2.9,4.8,0,27.0,850.8,27.2,28.0,36.0,804,6140,0,0.4,124,1.5,1.5,27.4,18.0,21.6,1,0.0009859767005855,False,NORMAL,Normal environmental conditions,None,Continue monitoring environmental conditions.,LOW
2026-09-19 12:26:31+00:00,0.0,0,0.0,2.5,4.8,0,26.0,850.8,26.2,26.9,38.1,720,5323,0,0.5,70,1.2,1.2,26.7,17.6,21.1,1,0.0330327590577748,False,NORMAL,Normal environmental conditions,None,Continue monitoring environmental conditions.,LOW
2026-09-19 12:41:58+00:00,0.0,0,0.0,2.1,4.8,0,26.2,850.6,26.7,27.1,36.5,656,4573,0,0.9,168,1.5,1.5,26.8,17.5,21.1,1,0.0343700238338763,False,NORMAL,Normal environmental conditions,None,Continue monitoring environmental conditions.,LOW
2026-09-19 12:57:02+00:00,0.0,0,0.0,1.9,4.8,0,26.4,850.5,26.8,27.4,37.2,613,4101,0,1.1,95,2.2,2.2,27.0,17.8,21.3,1,0.0208146741392887,False,NORMAL,Normal environmental conditions,None,Continue monitoring environmental conditions.,LOW
2026-09-19 13:12:09+00:00,0.0,0,0.0,1.5,4.8,0,26.1,850.4,26.4,27.2,37.6,530,3178,0,0.7,125,1.5,1.5,26.9,17.7,21.2,1,0.0406774775099032,False,NORMAL,Normal environmental conditions,None,Continue monitoring environmental conditions.,LOW
2026-09-19 13:27:18+00:00,0.0,0,0.0,1.5,4.8,0,26.1,850.4,26.3,27.2,36.9,527,3179,0,1.4,91,3.3,3.3,26.9,17.6,21.2,1,0.000436189128273,False,NORMAL,Normal environmental conditions,None,Continue monitoring environmental conditions.,LOW
2026-09-19 13:43:06+00:00,0.0,0,0.0,1.1,4.8,0,25.7,850.6,26.1,26.7,37.4,471,2582,0,1.0,141,2.6,2.6,26.6,17.3,21.0,1,0.0400483788387662,False,NORMAL,Normal environmental conditions,None,Continue monitoring environmental conditions.,LOW
2026-09-19 13:58:15+00:00,0.0,0,0.0,0.9,4.8,0,25.6,850.7,26.1,26.5,36.9,432,2156,0,1.0,156,2.4,2.4,26.4,17.1,20.8,1,0.0408432073838854,False,NORMAL,Normal environmental conditions,None,Continue monitoring environmental conditions.,LOW
2026-09-19 14:13:23+00:00,0.0,0,0.0,0.2,4.8,0,25.0,850.9,25.1,25.4,38.3,298,532,0,0.8,169,1.5,1.5,25.2,16.4,19.9,1,0.0745340078204851,False,NORMAL,Normal environmental conditions,None,Continue monitoring environmental conditions.,LOW
2026-09-19 14:28:31+00:00,0.0,0,0.0,0.2,4.8,0,24.8,850.9,24.9,25.1,38.8,291,480,0,0.5,190,1.5,1.5,24.9,16.3,19.7,1,0.0798365522755422,False,NORMAL,Normal environmental conditions,None,Continue monitoring environmental conditions.,LOW
2026-09-19 14:44:11+00:00,0.0,0,0.0,0.2,4.8,0,24.4,851.0,24.6,24.7,39.7,286,429,0,1.2,174,2.4,2.4,24.5,16.1,19.4,1,0.0564816436781701,False,NORMAL,Normal environmental conditions,None,Continue monitoring environmental conditions.,LOW
2026-09-19 14:59:19+00:00,0.0,0,0.0,0.1,4.8,0,24.0,851.1,24.1,24.3,41.6,279,386,0,0.3,123,1.1,1.1,24.1,16.1,19.0,1,0.0907811651822704,False,NORMAL,Normal environmental conditions,None,Continue monitoring environmental conditions.,LOW
2026-09-19 15:14:27+00:00,0.0,0,0.0,0.1,4.8,0,23.5,851.2,23.6,23.8,44.9,272,336,0,0.3,85,1.3,1.3,23.6,16.2,18.7,1,0.0993547403980127,False,NORMAL,Normal environmental conditions,None,Continue monitoring environmental conditions.,LOW
2026-09-19 15:29:35+00:00,0.0,0,0.0,0.0,4.8,0,22.8,851.4,23.0,23.2,46.9,263,270,0,0.5,97,1.5,1.5,23.0,16.0,18.1,1,0.1114856174094476,False,NORMAL,Normal environmental conditions,None,Continue monitoring environmental conditions.,LOW
2026-09-19 15:44:44+00:00,0.0,0,0.0,0.0,4.8,0,22.5,851.4,22.6,22.8,48.4,261,254,0,0.2,217,0.7,0.7,22.6,15.9,17.8,1,0.1033402285859023,False,NORMAL,Normal environmental conditions,None,Continue monitoring environmental conditions.,LOW
2026-09-19 16:00:06+00:00,0.0,0,0.0,0.0,4.8,0,22.1,851.5,22.2,22.4,50.5,259,253,0,0.0,130,0.4,0.4,22.2,15.8,17.5,1,0.1121785345394854,False,NORMAL,Normal environmental conditions,None,Continue monitoring environmental conditions.,LOW
2026-09-19 16:15:13+00:00,0.0,0,0.0,0.0,4.8,0,21.7,851.8,21.8,22.0,52.1,260,253,0,0.3,122,1.3,1.3,21.8,15.7,17.2,1,0.1360879284315976,False,NORMAL,Normal environmental conditions,None,Continue monitoring environmental conditions.,LOW
2026-09-19 16:30:22+00:00,0.0,0,0.0,0.0,4.8,0,21.3,851.9,21.5,21.7,53.7,260,253,0,0.2,129,0.4,0.4,21.5,15.6,16.9,1,0.136019149522253,False,NORMAL,Normal environmental conditions,None,Continue monitoring environmental conditions.,LOW
2026-09-19 16:45:31+00:00,0.0,0,0.0,0.0,4.8,0,20.9,852.0,21.1,21.2,55.5,261,253,0,0.3,129,1.1,1.1,21.0,15.5,16.5,1,0.141529544802953,False,NORMAL,Normal environmental conditions,None,Continue monitoring environmental conditions.,LOW
2026-09-19 17:00:40+00:00,0.0,0,0.0,0.0,4.8,0,20.6,852.2,20.8,21.0,57.1,261,254,0,0.2,92,1.7,1.7,20.8,15.5,16.3,1,0.1345628005562236,False,NORMAL,Normal environmental conditions,None,Continue monitoring environmental conditions.,LOW
2026-09-19 17:15:48+00:00,0.0,0,0.0,0.0,4.8,0,20.4,852.5,20.6,20.7,58.8,260,253,0,0.4,144,0.9,0.9,20.6,15.5,16.0,1,0.1487086448191835,False,NORMAL,Normal environmental conditions,None,Continue monitoring environmental conditions.,LOW
2026-09-19 17:31:11+00:00,0.0,0,0.0,0.0,4.8,0,20.0,852.6,20.2,20.4,60.3,261,255,0,0.6,127,1.5,1.5,20.2,15.4,15.7,1,0.1507970620272078,False,NORMAL,Normal environmental conditions,None,Continue monitoring environmental conditions.,LOW
2026-09-19 17:46:19+00:00,0.0,0,0.0,0.0,4.8,0,19.7,852.7,19.9,20.1,63.8,260,254,0,0.9,178,2.4,2.4,19.9,15.6,15.5,1,0.1165486126946039,False,NORMAL,Normal environmental conditions,None,Continue monitoring environmental conditions.,LOW
2026-09-19 18:01:27+00:00,0.0,0,0.0,0.0,4.8,0,19.5,852.9,19.7,19.9,65.7,260,254,0,0.6,117,1.3,1.3,19.8,15.6,15.4,1,0.1526769670510133,False,NORMAL,Normal environmental conditions,None,Continue monitoring environmental conditions.,LOW
2026-09-19 18:16:35+00:00,0.0,0,0.0,0.0,4.8,0,19.4,853.0,19.6,19.8,67.6,261,253,0,0.2,109,0.7,0.7,19.6,15.7,15.2,1,0.1569586300149419,False,NORMAL,Normal environmental conditions,None,Continue monitoring environmental conditions.,LOW
2026-09-19 18:31:43+00:00,0.0,0,0.0,0.0,4.8,0,19.1,853.0,19.3,19.5,68.9,260,252,0,0.0,126,0.2,0.2,19.4,15.7,15.0,1,0.151616331747687,False,NORMAL,Normal environmental conditions,None,Continue monitoring environmental conditions.,LOW
2026-09-19 18:46:52+00:00,0.0,0,0.0,0.0,4.8,0,18.8,853.4,19.0,19.2,70.6,261,253,0,0.5,151,1.1,1.1,19.1,15.6,14.8,1,0.1607853304849961,False,NORMAL,Normal environmental conditions,None,Continue monitoring environmental conditions.,LOW
2026-09-19 19:02:14+00:00,0.0,0,0.0,0.0,4.8,0,18.6,853.6,18.8,19.0,71.7,261,255,0,0.1,124,0.7,0.7,18.9,15.5,14.6,1,0.158683426168822,False,NORMAL,Normal environmental conditions,None,Continue monitoring environmental conditions.,LOW
2026-09-19 19:17:22+00:00,0.0,0,0.0,0.0,4.8,0,18.2,853.8,18.4,18.6,73.1,262,252,0,0.5,127,1.1,1.1,18.5,15.4,14.2,1,0.1549979318859833,False,NORMAL,Normal environmental conditions,None,Continue monitoring environmental conditions.,LOW
2026-09-19 19:32:30+00:00,0.0,0,0.0,0.0,4.8,0,18.0,853.8,18.1,18.3,74.2,259,253,0,0.0,80,0.2,0.2,18.2,15.2,13.9,1,0.1459574538790082,False,NORMAL,Normal environmental conditions,None,Continue monitoring environmental conditions.,LOW
2026-09-19 19:47:39+00:00,0.0,0,0.0,0.0,4.8,0,17.6,853.9,17.8,18.0,75.4,261,253,0,0.0,61,0.0,0.0,17.9,15.0,13.6,1,0.127198207525077,False,NORMAL,Normal environmental conditions,None,Continue monitoring environmental conditions.,LOW
2026-09-19 20:02:47+00:00,0.0,0,0.0,0.0,4.8,0,17.5,853.9,17.6,17.8,76.1,262,253,0,0.0,82,0.4,0.4,17.7,15.0,13.5,1,0.1487542470521516,False,NORMAL,Normal environmental conditions,None,Continue monitoring environmental conditions.,LOW
2026-09-19 20:18:25+00:00,0.0,0,0.0,0.0,4.8,0,17.3,854.0,17.5,17.7,76.7,260,253,0,0.0,112,0.0,0.0,17.6,14.9,13.3,1,0.1496165478902995,False,NORMAL,Normal environmental conditions,None,Continue monitoring environmental conditions.,LOW
2026-09-19 20:33:32+00:00,0.0,0,0.0,0.0,4.8,0,17.1,853.9,17.3,17.5,77.3,261,254,0,0.0,99,0.2,0.2,17.4,14.8,13.1,1,0.1516646701649335,False,NORMAL,Normal environmental conditions,None,Continue monitoring environmental conditions.,LOW
2026-09-19 20:49:25+00:00,0.0,0,0.0,0.0,4.8,0,17.1,853.9,17.2,17.5,77.8,261,254,0,0.0,108,0.2,0.2,17.4,14.8,13.1,1,0.1544457211663156,False,NORMAL,Normal environmental conditions,None,Continue monitoring environmental conditions.,LOW
2026-09-19 21:04:33+00:00,0.0,0,0.0,0.0,4.8,0,17.0,853.7,17.2,17.4,77.8,260,253,0,0.0,121,0.0,0.0,17.3,14.8,13.1,1,0.1583868689965217,False,NORMAL,Normal environmental conditions,None,Continue monitoring environmental conditions.,LOW
2026-09-19 21:19:41+00:00,0.0,0,0.0,0.0,4.8,0,16.7,853.6,16.8,17.0,79.1,259,253,0,0.0,120,0.2,0.2,17.0,14.6,12.7,1,0.157949326220022,False,NORMAL,Normal environmental conditions,None,Continue monitoring environmental conditions.,LOW
2026-09-19 21:34:48+00:00,0.0,0,0.0,0.0,4.8,0,16.8,853.4,16.9,17.2,78.5,259,253,0,0.0,123,0.0,0.0,17.1,14.6,12.9,1,0.1585127896701303,False,NORMAL,Normal environmental conditions,None,Continue monitoring environmental conditions.,LOW
2026-09-19 21:49:56+00:00,0.0,0,0.0,0.0,4.8,0,16.9,853.2,17.1,17.3,78.7,260,254,0,0.4,194,0.9,0.9,17.2,14.8,13.0,1,0.1577386179554502,False,NORMAL,Normal environmental conditions,None,Continue monitoring environmental conditions.,LOW
2026-09-19 22:05:22+00:00,0.0,0,0.0,0.0,4.8,0,16.8,852.9,16.9,17.2,79.5,260,253,0,0.5,194,1.1,1.1,17.1,14.8,12.9,1,0.1593542809438707,False,NORMAL,Normal environmental conditions,None,Continue monitoring environmental conditions.,LOW
2026-09-19 22:20:31+00:00,0.0,0,0.0,0.0,4.8,0,16.9,852.7,17.1,17.2,79.3,260,253,0,0.7,87,1.4,1.4,17.1,14.8,12.9,1,0.1589493852899245,False,NORMAL,Normal environmental conditions,None,Continue monitoring environmental conditions.,LOW
2026-09-19 22:35:39+00:00,0.0,0,0.0,0.0,4.8,0,16.7,852.6,16.9,17.1,79.8,259,253,0,0.0,32,0.0,0.0,17.1,14.8,12.8,1,0.148037989969304,False,NORMAL,Normal environmental conditions,None,Continue monitoring environmental conditions.,LOW
2026-09-19 22:51:31+00:00,0.0,0,0.0,0.0,4.8,0,16.6,852.6,16.7,17.0,79.8,261,254,0,0.0,114,0.0,0.0,17.0,14.7,12.7,1,0.1713623265952012,False,NORMAL,Normal environmental conditions,None,Continue monitoring environmental conditions.,LOW
2026-09-19 23:06:39+00:00,0.0,0,0.0,0.0,4.8,0,16.7,852.5,16.8,17.0,81.2,259,253,0,0.1,106,0.4,0.4,17.0,14.8,12.8,1,0.1787666110625645,False,NORMAL,Normal environmental conditions,None,Continue monitoring environmental conditions.,LOW
2026-09-19 23:21:47+00:00,0.0,0,0.0,0.0,4.8,0,16.6,852.5,16.8,17.0,82.2,260,253,0,0.1,101,0.7,0.7,17.0,14.9,12.7,1,0.1813994917246526,False,NORMAL,Normal environmental conditions,None,Continue monitoring environmental conditions.,LOW
2026-09-19 23:36:55+00:00,0.0,0,0.0,0.0,4.8,0,16.5,852.4,16.7,16.9,82.3,261,253,0,0.0,101,0.0,0.0,16.9,14.8,12.7,1,0.1760102685009074,False,NORMAL,Normal environmental conditions,None,Continue monitoring environmental conditions.,LOW
2026-09-19 23:52:04+00:00,0.0,0,0.0,0.0,4.8,0,16.5,852.5,16.6,16.9,82.6,258,254,0,1.0,163,2.2,2.2,16.9,14.9,12.6,1,0.1201620551098274,False,NORMAL,Normal environmental conditions,None,Continue monitoring environmental conditions.,LOW
2026-09-20 00:00:26+00:00,0.0,0,0.0,0.0,4.8,0,16.5,852.4,16.7,16.9,82.5,260,253,0,0.1,121,0.4,0.4,16.9,14.8,12.6,1,0.1779084565029832,False,NORMAL,Normal environmental conditions,None,Continue monitoring environmental conditions.,LOW
2026-09-20 00:15:34+00:00,0.0,0,0.0,0.0,4.8,0,16.3,852.5,16.5,16.8,82.7,260,253,0,0.1,130,0.4,0.4,16.7,14.8,12.5,1,0.1754946826649216,False,NORMAL,Normal environmental conditions,None,Continue monitoring environmental conditions.,LOW
2026-09-20 00:30:42+00:00,0.0,0,0.0,0.0,4.8,0,16.0,852.5,16.3,16.5,84.2,259,253,0,0.4,105,0.7,0.7,16.4,14.6,12.2,1,0.1658595469962528,False,NORMAL,Normal environmental conditions,None,Continue monitoring environmental conditions.,LOW
2026-09-20 00:45:50+00:00,0.0,0,0.0,0.0,4.8,0,15.8,852.5,16.2,16.2,85.2,261,254,0,0.0,84,0.0,0.0,16.2,14.5,12.0,1,0.1644230046374395,False,NORMAL,Normal environmental conditions,None,Continue monitoring environmental conditions.,LOW
2026-09-20 01:00:59+00:00,0.0,0,0.0,0.0,4.8,0,15.7,852.6,16.1,16.1,86.3,260,254,0,0.0,84,0.0,0.0,16.1,14.5,11.9,1,0.1652035463943853,False,NORMAL,Normal environmental conditions,None,Continue monitoring environmental conditions.,LOW
2026-09-20 01:16:15+00:00,0.0,0,0.0,0.0,4.8,0,15.5,852.5,15.8,15.9,87.0,260,254,0,0.0,83,0.0,0.0,15.8,14.4,11.7,1,0.1564521957755538,False,NORMAL,Normal environmental conditions,None,Continue monitoring environmental conditions.,LOW
2026-09-20 01:31:27+00:00,0.0,0,0.0,0.0,4.8,0,15.4,852.5,15.7,15.8,87.7,259,253,0,0.1,83,0.4,0.4,15.7,14.3,11.5,1,0.151538166687711,False,NORMAL,Normal environmental conditions,None,Continue monitoring environmental conditions.,LOW
2026-09-20 01:46:36+00:00,0.0,0,0.0,0.0,4.8,0,15.2,852.6,15.6,15.6,88.7,260,253,0,0.0,83,0.0,0.0,15.6,14.3,11.4,1,0.1505009881460419,False,NORMAL,Normal environmental conditions,None,Continue monitoring environmental conditions.,LOW
2026-09-20 02:01:44+00:00,0.0,0,0.0,0.0,4.8,0,15.1,852.7,15.4,15.5,89.1,259,253,0,0.0,84,0.2,0.2,15.5,14.3,11.3,1,0.1343047705667973,False,NORMAL,Normal environmental conditions,None,Continue monitoring environmental conditions.,LOW
2026-09-20 02:17:32+00:00,0.0,0,0.0,0.0,4.8,0,15.0,852.8,15.2,15.3,89.8,261,254,0,0.0,83,0.0,0.0,15.3,14.2,11.1,1,0.1304976616063748,False,NORMAL,Normal environmental conditions,None,Continue monitoring environmental conditions.,LOW
2026-09-20 02:32:41+00:00,0.0,0,0.0,0.0,4.8,0,14.7,853.0,15.0,15.1,90.8,262,253,0,0.0,83,0.0,0.0,15.0,14.0,10.9,1,0.1126655733263534,False,NORMAL,Normal environmental conditions,None,Continue monitoring environmental conditions.,LOW
2026-09-20 02:48:34+00:00,0.0,0,0.0,0.0,4.8,0,14.4,853.2,14.7,14.8,91.4,261,253,0,0.0,83,0.0,0.0,14.8,13.8,10.6,1,0.0969257876829393,False,NORMAL,Normal environmental conditions,None,Continue monitoring environmental conditions.,LOW
2026-09-20 03:03:42+00:00,0.0,0,0.0,0.0,4.8,0,14.2,853.5,14.5,14.6,92.4,260,254,0,0.0,83,0.0,0.0,14.6,13.7,10.4,1,0.0803675844743932,False,NORMAL,Normal environmental conditions,None,Continue monitoring environmental conditions.,LOW
2026-09-20 03:18:50+00:00,0.0,0,0.0,0.0,4.8,0,14.0,853.7,14.3,14.4,92.9,262,271,0,0.0,83,0.0,0.0,14.4,13.6,10.2,1,0.0734533953352679,False,NORMAL,Normal environmental conditions,None,Continue monitoring environmental conditions.,LOW
2026-09-20 03:33:58+00:00,0.0,0,0.0,0.1,4.8,0,14.1,853.7,14.4,14.5,93.8,270,317,0,0.0,83,0.0,0.0,14.5,13.8,10.3,1,0.0639138021020916,False,NORMAL,Normal environmental conditions,None,Continue monitoring environmental conditions.,LOW
2026-09-20 03:49:06+00:00,0.0,0,0.0,0.1,4.8,0,14.1,854.0,14.4,14.5,94.1,280,406,0,0.0,83,0.0,0.0,14.5,13.8,10.3,1,0.0517750343271961,False,NORMAL,Normal environmental conditions,None,Continue monitoring environmental conditions.,LOW
2026-09-20 04:04:13+00:00,0.0,0,0.0,0.2,4.8,0,14.4,854.2,14.8,14.7,94.5,285,439,0,0.0,83,0.0,0.0,14.7,14.1,10.5,1,0.060509495705465,False,NORMAL,Normal environmental conditions,None,Continue monitoring environmental conditions.,LOW
2026-09-20 04:19:36+00:00,0.0,0,0.0,0.3,4.8,0,14.7,854.3,15.1,15.1,94.7,307,697,0,0.0,83,0.0,0.0,15.1,14.4,10.9,1,0.0575130939018487,False,NORMAL,Normal environmental conditions,None,Continue monitoring environmental conditions.,LOW
2026-09-20 04:34:44+00:00,0.0,0,0.0,0.4,4.8,0,15.4,854.4,15.8,15.6,94.6,338,1060,0,0.0,83,0.0,0.0,15.6,14.9,11.4,1,0.0644230275632143,False,NORMAL,Normal environmental conditions,None,Continue monitoring environmental conditions.,LOW
2026-09-20 04:50:09+00:00,0.0,0,0.0,0.8,4.8,0,16.0,854.7,16.2,16.3,90.6,401,1838,0,0.4,304,0.9,0.9,16.3,15.2,12.1,1,0.037280574454118,False,NORMAL,Normal environmental conditions,None,Continue monitoring environmental conditions.,LOW
2026-09-20 05:05:27+00:00,0.0,0,0.0,0.8,4.8,0,18.9,854.6,18.6,18.1,82.8,405,1812,0,0.1,273,0.4,0.4,18.1,16.0,13.8,1,0.0726694538623562,False,NORMAL,Normal environmental conditions,None,Continue monitoring environmental conditions.,LOW
2026-09-20 05:20:35+00:00,0.0,0,0.0,1.4,4.8,0,20.8,854.5,20.3,20.1,73.5,517,3062,0,0.1,274,0.4,0.4,20.0,16.8,15.6,1,0.0599931501947863,False,NORMAL,Normal environmental conditions,None,Continue monitoring environmental conditions.,LOW
2026-09-20 05:35:42+00:00,0.0,0,0.0,1.2,4.8,0,20.6,854.8,20.8,20.4,69.9,487,2704,0,0.4,205,1.1,1.1,20.3,16.6,15.8,1,0.0958857372288403,False,NORMAL,Normal environmental conditions,None,Continue monitoring environmental conditions.,LOW
2026-09-20 05:50:50+00:00,0.0,0,0.0,1.1,4.8,0,19.8,854.7,20.3,20.0,69.6,456,2267,0,0.3,205,0.7,0.7,19.9,16.2,15.5,1,0.0971108419876989,False,NORMAL,Normal environmental conditions,None,Continue monitoring environmental conditions.,LOW
2026-09-20 06:06:14+00:00,0.0,0,0.0,3.0,0.0,0,21.5,854.9,21.7,21.5,65.9,811,6368,0,0.2,120,0.7,0.7,21.5,17.2,16.9,1,0.0418383323196475,False,NORMAL,Normal environmental conditions,None,Continue monitoring environmental conditions.,LOW
2026-09-20 06:21:22+00:00,0.0,0,0.0,2.4,0.0,0,21.9,854.9,22.3,22.4,62.4,698,4962,0,0.3,106,1.5,1.5,22.3,17.5,17.6,1,0.056314540623816,False,NORMAL,Normal environmental conditions,None,Continue monitoring environmental conditions.,LOW
2026-09-20 06:36:29+00:00,0.0,0,0.0,2.6,0.0,0,22.1,854.9,22.7,22.2,63.1,736,5372,0,0.7,98,1.5,1.5,22.1,17.4,17.4,1,0.0510451944443692,False,NORMAL,Normal environmental conditions,None,Continue monitoring environmental conditions.,LOW
2026-09-20 06:51:36+00:00,0.0,0,0.0,1.7,0.0,0,21.9,854.9,22.6,22.5,61.0,579,3617,0,0.7,166,1.3,1.3,22.5,17.4,17.7,1,0.0828532841680278,False,NORMAL,Normal environmental conditions,None,Continue monitoring environmental conditions.,LOW
2026-09-20 07:06:44+00:00,0.0,0,0.0,1.7,0.0,0,21.9,855.0,22.5,22.7,59.9,579,3643,0,0.8,186,1.5,1.5,22.6,17.4,17.8,1,0.0724436240721944,False,NORMAL,Normal environmental conditions,None,Continue monitoring environmental conditions.,LOW
2026-09-20 07:21:51+00:00,0.0,0,0.0,1.2,0.0,0,21.9,854.8,22.0,22.5,60.8,487,2644,0,0.0,110,0.2,0.2,22.5,17.4,17.7,1,0.0796064535313032,False,NORMAL,Normal environmental conditions,None,Continue monitoring environmental conditions.,LOW
2026-09-20 07:37:16+00:00,0.0,0,0.0,0.7,0.0,0,21.1,854.7,21.3,21.8,61.6,381,1521,0,0.6,123,1.7,1.7,21.7,16.8,17.1,1,0.1088386928078056,False,NORMAL,Normal environmental conditions,None,Continue monitoring environmental conditions.,LOW
2026-09-20 07:52:24+00:00,0.0,0,0.0,0.6,0.0,0,20.7,854.4,21.0,21.2,63.7,377,1476,0,0.1,161,0.4,0.4,21.2,16.6,16.6,1,0.1055534385564506,False,NORMAL,Normal environmental conditions,None,Continue monitoring environmental conditions.,LOW
2026-09-20 08:07:32+00:00,0.0,0,0.0,1.1,0.0,0,21.1,854.4,21.4,21.6,63.6,458,2314,0,0.1,137,0.7,0.7,21.5,16.9,16.9,1,0.1020502028826525,False,NORMAL,Normal environmental conditions,None,Continue monitoring environmental conditions.,LOW
2026-09-20 08:22:40+00:00,0.0,0,0.0,1.5,0.0,0,21.2,854.2,21.5,21.8,63.5,530,3101,0,0.9,156,1.5,1.5,21.7,17.1,17.1,1,0.1039584781726593,False,NORMAL,Normal environmental conditions,None,Continue monitoring environmental conditions.,LOW
2026-09-20 08:38:24+00:00,0.0,0,0.0,2.0,0.0,0,23.1,853.9,23.1,23.6,59.2,621,4011,0,0.5,53,1.3,1.3,23.5,18.1,18.6,1,0.0655290327014865,False,NORMAL,Normal environmental conditions,None,Continue monitoring environmental conditions.,LOW
2026-09-20 08:53:31+00:00,0.0,0,0.0,1.5,0.0,0,23.9,853.9,23.7,24.3,56.5,530,3067,0,0.6,112,1.3,1.3,24.3,18.4,19.2,1,0.0741352098178348,False,NORMAL,Normal environmental conditions,None,Continue monitoring environmental conditions.,LOW
2026-09-20 09:08:39+00:00,0.0,0,0.0,0.6,0.0,0,22.5,853.6,22.7,23.2,59.5,376,1462,0,0.8,94,1.3,1.3,23.2,17.9,18.3,1,0.099770175587359,False,NORMAL,Normal environmental conditions,None,Continue monitoring environmental conditions.,LOW
2026-09-20 09:23:47+00:00,0.0,0,0.0,1.0,0.0,0,21.7,853.3,21.7,22.2,62.8,437,2121,0,1.6,80,2.6,2.6,22.2,17.4,17.5,1,0.0664121469861534,False,NORMAL,Normal environmental conditions,None,Continue monitoring environmental conditions.,LOW
2026-09-20 09:39:34+00:00,0.0,0,0.0,0.6,0.0,0,21.7,853.3,21.8,22.2,63.6,364,1325,0,0.4,64,1.3,1.3,22.2,17.5,17.5,1,0.1156949775245216,False,NORMAL,Normal environmental conditions,None,Continue monitoring environmental conditions.,LOW
2026-09-20 09:54:41+00:00,0.0,0,0.0,0.7,0.0,0,21.7,853.0,21.8,22.2,64.4,394,1669,0,1.3,95,2.8,2.8,22.2,17.6,17.4,1,0.0842278628048646,False,NORMAL,Normal environmental conditions,None,Continue monitoring environmental conditions.,LOW
2026-09-20 10:09:49+00:00,0.0,0,0.0,0.5,0.0,0,21.7,852.7,21.6,22.0,65.5,346,1118,0,1.2,68,2.2,2.2,22.0,17.5,17.3,1,0.0942318489200378,False,NORMAL,Normal environmental conditions,None,Continue monitoring environmental conditions.,LOW
2026-09-20 10:25:29+00:00,0.0,0,0.0,0.4,0.0,0,21.5,852.4,21.6,22.0,65.7,324,884,0,0.6,80,0.9,0.9,21.9,17.5,17.2,1,0.1255214636812648,False,NORMAL,Normal environmental conditions,None,Continue monitoring environmental conditions.,LOW
2026-09-20 10:41:26+00:00,0.0,0,0.0,0.7,0.0,0,21.4,852.1,21.5,21.8,66.6,395,1657,0,0.8,67,1.5,1.5,21.8,17.5,17.1,1,0.1190017439624807,False,NORMAL,Normal environmental conditions,None,Continue monitoring environmental conditions.,LOW
2026-09-20 10:56:33+00:00,0.0,0,0.0,0.8,0.0,0,22.2,851.8,22.3,22.6,64.6,407,1800,0,0.5,53,0.9,0.9,22.6,18.0,17.8,1,0.1061472940243029,False,NORMAL,Normal environmental conditions,None,Continue monitoring environmental conditions.,LOW
2026-09-20 11:12:25+00:00,0.0,0,0.0,0.9,0.0,0,22.8,851.5,22.8,23.2,62.7,416,1854,0,0.5,54,1.3,1.3,23.2,18.2,18.3,1,0.0944257194838072,False,NORMAL,Normal environmental conditions,None,Continue monitoring environmental conditions.,LOW
2026-09-20 11:27:26+00:00,0.0,0,0.0,0.3,0.0,0,22.2,851.4,22.2,22.7,64.3,314,814,0,0.8,76,1.3,1.3,22.7,18.0,17.9,1,0.1073760455315836,False,NORMAL,Normal environmental conditions,None,Continue monitoring environmental conditions.,LOW
2026-09-20 11:42:34+00:00,0.0,0,0.0,1.3,0.0,0,22.3,851.3,22.3,22.6,63.7,493,2698,0,1.3,82,2.2,2.2,22.6,17.9,17.8,1,0.0790245136590968,False,NORMAL,Normal environmental conditions,None,Continue monitoring environmental conditions.,LOW
2026-09-20 11:57:41+00:00,0.0,0,0.0,0.7,0.0,0,23.0,851.1,23.1,23.4,62.3,386,1590,0,0.1,70,0.4,0.4,23.4,18.4,18.5,1,0.0790150358366235,False,NORMAL,Normal environmental conditions,None,Continue monitoring environmental conditions.,LOW
2026-09-20 12:12:49+00:00,0.0,0,0.0,0.9,0.0,0,23.1,850.9,23.1,23.6,61.4,418,1940,0,0.6,102,1.3,1.3,23.6,18.4,18.6,1,0.1054432578916874,False,NORMAL,Normal environmental conditions,None,Continue monitoring environmental conditions.,LOW
2026-09-20 12:27:57+00:00,0.0,0,0.0,0.9,0.0,0,23.3,850.7,23.4,23.8,61.3,429,2018,0,0.9,68,2.1,2.1,23.8,18.6,18.8,1,0.0801497753197404,False,NORMAL,Normal environmental conditions,None,Continue monitoring environmental conditions.,LOW
2026-09-20 12:43:25+00:00,0.0,0,0.0,0.6,0.0,0,23.5,850.5,23.6,24.0,60.5,369,1416,0,0.2,75,0.4,0.4,24.0,18.7,19.0,1,0.0796570621237586,False,NORMAL,Normal environmental conditions,None,Continue monitoring environmental conditions.,LOW
2026-09-20 12:58:33+00:00,0.0,0,0.0,0.4,0.0,0,23.5,850.5,23.6,23.9,60.5,324,932,0,0.0,10,0.2,0.2,23.9,18.6,18.9,1,0.0447318857473795,False,NORMAL,Normal environmental conditions,None,Continue monitoring environmental conditions.,LOW
2026-09-20 13:13:40+00:00,0.0,0,0.0,1.0,0.0,0,23.3,850.5,23.5,23.7,61.2,436,2057,0,0.1,122,0.4,0.4,23.8,18.5,18.8,1,0.0826928883239652,False,NORMAL,Normal environmental conditions,None,Continue monitoring environmental conditions.,LOW
2026-09-20 13:28:48+00:00,0.0,0,0.0,0.7,0.0,0,24.0,850.3,24.2,24.5,58.4,394,1682,0,0.6,78,1.3,1.3,24.5,18.8,19.4,1,0.0860725808435975,False,NORMAL,Normal environmental conditions,None,Continue monitoring environmental conditions.,LOW
2026-09-20 13:43:56+00:00,0.0,0,0.0,0.2,0.0,0,23.5,850.3,23.6,24.0,59.7,303,704,0,0.2,76,0.7,0.7,24.0,18.6,19.0,1,0.0769392347962538,False,NORMAL,Normal environmental conditions,None,Continue monitoring environmental conditions.,LOW
2026-09-20 13:59:03+00:00,0.0,0,0.0,0.2,0.0,0,23.1,850.5,23.2,23.4,60.5,291,569,0,0.1,130,0.4,0.4,23.4,18.2,18.5,1,0.0909126028137262,False,NORMAL,Normal environmental conditions,None,Continue monitoring environmental conditions.,LOW
2026-09-20 14:14:29+00:00,0.0,0,0.0,0.3,0.0,0,23.1,850.6,23.2,23.4,61.9,322,886,0,1.4,79,2.6,2.6,23.4,18.4,18.5,1,0.0586071875727013,False,NORMAL,Normal environmental conditions,None,Continue monitoring environmental conditions.,LOW
2026-09-20 14:29:37+00:00,0.0,0,0.0,0.3,0.0,0,23.0,850.8,23.1,23.3,62.0,312,808,0,0.5,125,0.9,0.9,23.3,18.3,18.4,1,0.1024532768194897,False,NORMAL,Normal environmental conditions,None,Continue monitoring environmental conditions.,LOW
2026-09-20 14:44:45+00:00,0.0,0,0.0,0.2,0.0,0,22.7,850.9,22.9,23.1,61.9,285,520,0,0.5,128,1.3,1.3,23.1,18.1,18.2,1,0.1118199496103578,False,NORMAL,Normal environmental conditions,None,Continue monitoring environmental conditions.,LOW
2026-09-20 14:59:53+00:00,0.0,0,0.0,0.1,0.0,0,22.4,851.0,22.6,22.8,64.4,268,329,0,0.8,81,2.0,2.0,22.8,18.1,18.0,1,0.095077875283371,False,NORMAL,Normal environmental conditions,None,Continue monitoring environmental conditions.,LOW
2026-09-20 15:15:38+00:00,0.0,0,0.0,0.0,0.0,0,21.9,851.1,22.1,22.3,65.0,263,293,0,0.3,136,0.7,0.7,22.3,17.7,17.5,1,0.1226293872232263,False,NORMAL,Normal environmental conditions,None,Continue monitoring environmental conditions.,LOW
2026-09-20 15:30:45+00:00,0.0,0,0.0,0.0,0.0,0,21.3,851.3,21.6,21.8,68.7,260,261,0,1.1,158,2.0,2.0,21.8,17.8,17.1,1,0.0982442222049829,False,NORMAL,Normal environmental conditions,None,Continue monitoring environmental conditions.,LOW
2026-09-20 15:45:53+00:00,0.0,0,0.0,0.0,0.0,0,20.1,851.6,20.4,20.6,75.5,260,255,0,1.3,166,4.1,4.1,20.6,17.5,16.1,1,0.0325612882870935,False,NORMAL,Normal environmental conditions,None,Continue monitoring environmental conditions.,LOW
2026-09-20 16:01:01+00:00,0.0,0,0.0,0.0,0.0,0,18.8,851.8,19.1,19.4,83.2,261,254,0,0.0,121,0.2,0.2,19.5,17.4,15.1,1,0.1351140580554848,False,NORMAL,Normal environmental conditions,None,Continue monitoring environmental conditions.,LOW
2026-09-20 16:16:09+00:00,0.0,0,0.0,0.0,0.0,0,18.7,851.9,18.9,19.2,84.6,260,254,0,0.3,112,1.3,1.3,19.3,17.3,14.9,1,0.1386423165506099,False,NORMAL,Normal environmental conditions,None,Continue monitoring environmental conditions.,LOW
2026-09-20 16:31:34+00:00,0.0,0,0.0,0.0,0.0,0,19.2,852.1,19.3,19.5,82.3,259,253,0,0.2,115,0.9,0.9,19.5,17.3,15.1,1,0.1413995961009047,False,NORMAL,Normal environmental conditions,None,Continue monitoring environmental conditions.,LOW
2026-09-20 16:46:43+00:00,0.0,0,0.0,0.0,0.0,0,19.4,852.2,19.5,19.7,81.3,260,252,0,0.2,122,0.9,0.9,19.8,17.4,15.4,1,0.1341276798574465,False,NORMAL,Normal environmental conditions,None,Continue monitoring environmental conditions.,LOW
2026-09-20 17:01:51+00:00,0.0,0,0.0,0.0,0.0,0,19.2,852.4,19.4,19.6,81.8,260,254,0,0.8,169,1.3,1.3,19.7,17.4,15.3,1,0.1182353344308528,False,NORMAL,Normal environmental conditions,None,Continue monitoring environmental conditions.,LOW
2026-09-20 17:17:00+00:00,0.0,0,0.0,0.0,0.0,0,18.3,852.7,18.6,18.8,87.2,260,254,0,0.0,172,0.0,0.0,18.9,17.3,14.6,1,0.1310756407708343,False,NORMAL,Normal environmental conditions,None,Continue monitoring environmental conditions.,LOW
2026-09-20 17:32:07+00:00,0.0,0,0.2,0.0,0.0,0,17.8,852.8,18.1,18.3,89.0,261,253,0,0.0,113,0.2,0.2,18.4,17.0,14.1,1,0.1448058228096765,False,NORMAL,Normal environmental conditions,None,Continue monitoring environmental conditions.,LOW
2026-09-20 17:47:15+00:00,0.0,0,0.2,0.0,0.0,0,18.0,852.7,18.1,18.3,88.3,261,252,0,0.6,131,2.6,2.6,18.4,16.9,14.1,1,0.1073999092697294,False,NORMAL,Normal environmental conditions,None,Continue monitoring environmental conditions.,LOW
2026-09-20 18:02:38+00:00,0.0,0,0.2,0.0,0.0,0,17.8,852.8,17.9,18.1,88.8,259,253,0,0.2,107,0.4,0.4,18.2,16.8,13.9,1,0.1542658121550869,False,NORMAL,Normal environmental conditions,None,Continue monitoring environmental conditions.,LOW
2026-09-20 18:18:04+00:00,0.0,0,0.2,0.0,0.0,0,17.8,853.1,17.9,18.1,87.4,261,253,0,0.5,117,1.6,1.6,18.2,16.6,13.9,1,0.1483400312321224,False,NORMAL,Normal environmental conditions,None,Continue monitoring environmental conditions.,LOW
2026-09-20 18:33:12+00:00,0.0,0,0.2,0.0,0.0,0,17.4,853.4,17.6,17.8,90.6,260,254,0,0.8,111,2.8,2.8,17.9,16.7,13.6,1,0.0924264127220964,False,NORMAL,Normal environmental conditions,None,Continue monitoring environmental conditions.,LOW
2026-09-20 18:48:19+00:00,0.0,0,0.4,0.0,0.0,0,17.3,853.3,17.4,17.6,92.5,260,254,0,0.0,99,0.0,0.0,17.8,16.8,13.5,1,0.1410331627107905,False,NORMAL,Normal environmental conditions,None,Continue monitoring environmental conditions.,LOW
2026-09-20 19:03:41+00:00,0.0,0,0.6,0.0,0.0,0,17.2,853.4,17.3,17.6,93.5,261,254,0,0.0,108,0.0,0.0,17.7,16.8,13.4,1,0.1350528542472837,False,NORMAL,Normal environmental conditions,None,Continue monitoring environmental conditions.,LOW
2026-09-20 19:18:49+00:00,0.0,0,1.2,0.0,0.0,0,17.1,853.4,17.2,17.6,94.4,260,255,0,0.2,111,0.9,0.9,17.7,16.9,13.4,1,0.1349633392305447,False,NORMAL,Normal environmental conditions,None,Continue monitoring environmental conditions.,LOW
2026-09-20 19:33:57+00:00,0.0,0,1.2,0.0,0.0,0,17.1,853.4,17.2,17.5,94.9,260,253,0,0.3,111,1.3,1.3,17.7,16.9,13.4,1,0.1308433048910395,False,NORMAL,Normal environmental conditions,None,Continue monitoring environmental conditions.,LOW
2026-09-20 19:49:05+00:00,0.0,0,1.4,0.0,0.0,0,17.0,853.4,17.2,17.4,95.2,260,253,0,0.2,111,0.7,0.7,17.6,16.9,13.3,1,0.1364759273649666,False,NORMAL,Normal environmental conditions,None,Continue monitoring environmental conditions.,LOW
2026-09-20 20:04:13+00:00,0.0,0,1.4,0.0,0.0,0,16.9,853.4,17.1,17.3,95.4,261,254,0,0.1,111,0.4,0.4,17.5,16.8,13.2,1,0.134646337872635,False,NORMAL,Normal environmental conditions,None,Continue monitoring environmental conditions.,LOW
2026-09-20 20:19:21+00:00,0.0,0,1.4,0.0,0.0,0,16.7,853.5,16.8,17.1,95.3,259,254,0,0.3,101,0.9,0.9,17.2,16.5,12.9,1,0.1383426073935047,False,NORMAL,Normal environmental conditions,None,Continue monitoring environmental conditions.,LOW
2026-09-20 20:34:46+00:00,0.0,0,1.4,0.0,0.0,0,16.7,853.3,16.8,17.1,95.3,259,254,0,0.6,179,2.6,2.6,17.2,16.5,13.0,1,0.0862057233324882,False,NORMAL,Normal environmental conditions,None,Continue monitoring environmental conditions.,LOW
2026-09-20 20:49:54+00:00,0.0,0,1.4,0.0,0.0,0,16.7,853.1,16.8,17.0,95.4,260,254,0,0.0,118,0.2,0.2,17.2,16.5,12.9,1,0.1436097294038578,False,NORMAL,Normal environmental conditions,None,Continue monitoring environmental conditions.,LOW
2026-09-20 21:05:01+00:00,0.0,0,1.4,0.0,0.0,0,16.7,852.8,16.8,17.1,95.3,260,253,0,0.1,109,0.7,0.7,17.2,16.5,12.9,1,0.1489204034992641,False,NORMAL,Normal environmental conditions,None,Continue monitoring environmental conditions.,LOW
2026-09-20 21:20:09+00:00,0.0,0,1.4,0.0,0.0,0,16.7,852.7,16.8,17.1,95.4,260,254,0,0.5,108,1.5,1.5,17.2,16.5,13.0,1,0.1359749121373347,False,NORMAL,Normal environmental conditions,None,Continue monitoring environmental conditions.,LOW
2026-09-20 21:35:17+00:00,0.0,0,1.4,0.0,0.0,0,16.7,852.5,16.8,17.1,95.5,261,253,0,0.1,113,0.4,0.4,17.2,16.5,13.0,1,0.1447962043876968,False,NORMAL,Normal environmental conditions,None,Continue monitoring environmental conditions.,LOW
2026-09-20 21:50:25+00:00,0.0,0,1.4,0.0,0.0,0,16.7,852.3,16.8,17.0,95.4,261,254,0,0.2,113,0.7,0.7,17.2,16.5,12.9,1,0.1520208315453848,False,NORMAL,Normal environmental conditions,None,Continue monitoring environmental conditions.,LOW
2026-09-20 22:05:51+00:00,0.0,0,1.4,0.0,0.0,0,16.7,852.1,16.8,17.1,95.6,260,252,0,0.2,113,0.7,0.7,17.2,16.5,13.0,1,0.1485088068260978,False,NORMAL,Normal environmental conditions,None,Continue monitoring environmental conditions.,LOW
2026-09-20 22:20:59+00:00,0.0,0,1.4,0.0,0.0,0,16.7,851.7,16.8,17.0,95.7,260,252,0,0.3,125,0.7,0.7,17.2,16.5,12.9,1,0.1474569959255974,False,NORMAL,Normal environmental conditions,None,Continue monitoring environmental conditions.,LOW
2026-09-20 22:36:07+00:00,0.0,0,1.4,0.0,0.0,0,16.5,851.5,16.6,16.9,95.6,259,254,0,0.8,110,1.3,1.3,17.0,16.4,12.8,1,0.1189131282543208,False,NORMAL,Normal environmental conditions,None,Continue monitoring environmental conditions.,LOW
2026-09-20 22:51:15+00:00,0.0,0,1.4,0.0,0.0,0,16.5,851.5,16.6,16.8,95.7,261,253,0,0.0,110,0.2,0.2,16.9,16.3,12.7,1,0.1422415688610153,False,NORMAL,Normal environmental conditions,None,Continue monitoring environmental conditions.,LOW
2026-09-20 23:06:24+00:00,0.0,0,1.4,0.0,0.0,0,16.4,851.3,16.5,16.8,95.7,260,253,0,0.0,110,0.0,0.0,16.9,16.3,12.7,1,0.1412480214074366,False,NORMAL,Normal environmental conditions,None,Continue monitoring environmental conditions.,LOW
2026-09-20 23:21:32+00:00,0.0,0,1.4,0.0,0.0,0,16.2,851.1,16.3,16.6,95.7,259,253,0,0.2,103,0.9,0.9,16.7,16.1,12.5,1,0.1320249256705452,False,NORMAL,Normal environmental conditions,None,Continue monitoring environmental conditions.,LOW
2026-09-20 23:36:54+00:00,0.0,0,1.4,0.0,0.0,0,16.1,851.0,16.2,16.5,95.7,260,253,0,0.0,86,0.4,0.4,16.6,16.0,12.4,1,0.1294132322859258,False,NORMAL,Normal environmental conditions,None,Continue monitoring environmental conditions.,LOW
2026-09-20 23:52:02+00:00,0.0,0,1.4,0.0,0.0,0,16.1,851.0,16.3,16.5,95.7,260,253,0,0.0,88,0.2,0.2,16.6,16.0,12.4,1,0.1320887292055195,False,NORMAL,Normal environmental conditions,None,Continue monitoring environmental conditions.,LOW
2026-09-21 00:00:06+00:00,0.0,0,1.4,0.0,0.0,0,16.1,851.0,16.2,16.5,95.7,260,253,0,0.0,88,0.0,0.0,16.6,16.0,12.4,1,0.1318385129918811,False,NORMAL,Normal environmental conditions,None,Continue monitoring environmental conditions.,LOW
2026-09-21 00:15:54+00:00,0.0,0,1.4,0.0,0.0,0,16.0,851.0,16.2,16.3,95.6,259,253,0,0.0,84,0.2,0.2,16.4,15.8,12.2,1,0.1337672168556396,False,NORMAL,Normal environmental conditions,None,Continue monitoring environmental conditions.,LOW
2026-09-21 00:31:02+00:00,0.0,0,1.4,0.0,0.0,0,15.9,850.9,16.2,16.3,95.5,260,253,0,0.0,81,0.0,0.0,16.4,15.8,12.2,1,0.1335475459073287,False,NORMAL,Normal environmental conditions,None,Continue monitoring environmental conditions.,LOW
2026-09-21 00:46:11+00:00,0.0,0,1.4,0.0,0.0,0,15.9,851.0,16.2,16.3,95.4,260,253,0,0.0,101,0.0,0.0,16.4,15.8,12.2,1,0.1423895637577057,False,NORMAL,Normal environmental conditions,None,Continue monitoring environmental conditions.,LOW
2026-09-21 01:01:19+00:00,0.0,0,1.4,0.0,0.0,0,15.9,851.0,16.2,16.3,95.1,260,253,0,0.0,112,0.2,0.2,16.4,15.7,12.2,1,0.1447713679454069,False,NORMAL,Normal environmental conditions,None,Continue monitoring environmental conditions.,LOW
2026-09-21 01:16:27+00:00,0.0,0,1.4,0.0,0.0,0,16.0,851.0,16.2,16.3,95.0,261,254,0,0.2,90,0.7,0.7,16.4,15.7,12.2,1,0.1344321328887895,False,NORMAL,Normal environmental conditions,None,Continue monitoring environmental conditions.,LOW
2026-09-21 01:31:55+00:00,0.0,0,1.4,0.0,0.0,0,15.9,851.0,16.2,16.3,95.3,260,254,0,0.1,105,0.6,0.6,16.4,15.7,12.2,1,0.1403120932704384,False,NORMAL,Normal environmental conditions,None,Continue monitoring environmental conditions.,LOW
2026-09-21 01:47:03+00:00,0.0,0,1.8,0.0,0.0,0,15.9,851.0,16.2,16.3,95.6,259,253,0,0.0,105,0.0,0.0,16.4,15.8,12.2,1,0.136777340843702,False,NORMAL,Normal environmental conditions,None,Continue monitoring environmental conditions.,LOW
2026-09-21 02:02:11+00:00,0.0,0,2.0,0.0,0.0,0,15.9,850.9,16.2,16.3,95.9,260,253,0,0.0,105,0.0,0.0,16.4,15.8,12.2,1,0.1379981833130978,False,NORMAL,Normal environmental conditions,None,Continue monitoring environmental conditions.,LOW
2026-09-21 02:17:19+00:00,0.0,0,2.0,0.0,0.0,0,15.9,850.9,16.2,16.3,96.2,260,253,0,0.0,105,0.0,0.0,16.4,15.8,12.2,1,0.1368291191803508,False,NORMAL,Normal environmental conditions,None,Continue monitoring environmental conditions.,LOW
2026-09-21 02:32:27+00:00,0.0,0,2.0,0.0,0.0,0,15.9,850.9,16.1,16.3,96.4,261,254,0,0.0,105,0.4,0.4,16.4,15.8,12.2,1,0.1333174162397663,False,NORMAL,Normal environmental conditions,None,Continue monitoring environmental conditions.,LOW
2026-09-21 02:47:36+00:00,0.0,0,2.0,0.0,0.0,0,15.9,850.9,16.2,16.3,96.5,261,253,0,0.1,105,0.4,0.4,16.4,15.9,12.2,1,0.1324571929183111,False,NORMAL,Normal environmental conditions,None,Continue monitoring environmental conditions.,LOW
2026-09-21 03:02:58+00:00,0.0,0,2.0,0.0,0.0,0,15.9,851.1,16.2,16.3,96.6,261,254,0,0.0,105,0.0,0.0,16.4,15.8,12.2,1,0.1378253632674069,False,NORMAL,Normal environmental conditions,None,Continue monitoring environmental conditions.,LOW
2026-09-21 03:18:07+00:00,0.0,0,2.0,0.0,0.0,0,15.9,851.3,16.2,16.3,96.7,262,262,0,0.1,219,0.7,0.7,16.4,15.9,12.2,1,0.1103411748959989,False,NORMAL,Normal environmental conditions,None,Continue monitoring environmental conditions.,LOW
2026-09-21 03:33:15+00:00,0.0,0,2.0,0.0,0.0,0,15.9,851.5,16.2,16.3,96.8,264,299,0,0.0,26,0.0,0.0,16.4,15.9,12.2,1,0.1014503899274746,False,NORMAL,Normal environmental conditions,None,Continue monitoring environmental conditions.,LOW
2026-09-21 03:48:49+00:00,0.0,0,2.0,0.1,0.0,0,16.0,851.7,16.2,16.4,96.9,275,428,0,0.1,25,0.7,0.7,16.5,16.0,12.3,1,0.0975323030221865,False,NORMAL,Normal environmental conditions,None,Continue monitoring environmental conditions.,LOW
2026-09-21 04:04:13+00:00,0.0,0,2.2,0.2,0.0,0,16.0,851.8,16.3,16.4,96.9,286,529,0,0.4,37,1.1,1.1,16.5,16.1,12.3,1,0.0924980680727095,False,NORMAL,Normal environmental conditions,None,Continue monitoring environmental conditions.,LOW
2026-09-21 04:19:22+00:00,0.0,0,2.2,0.3,0.0,0,16.2,852.0,16.3,16.6,96.9,308,769,0,0.0,82,0.2,0.2,16.7,16.2,12.5,1,0.1091044831669108,False,NORMAL,Normal environmental conditions,None,Continue monitoring environmental conditions.,LOW
2026-09-21 04:34:31+00:00,0.0,0,2.2,0.4,0.0,0,16.6,852.2,16.6,16.9,97.0,335,1051,0,0.1,70,0.4,0.4,17.0,16.5,12.8,1,0.0991553604374904,False,NORMAL,Normal environmental conditions,None,Continue monitoring environmental conditions.,LOW
2026-09-21 04:49:39+00:00,0.0,0,2.2,0.3,0.0,0,16.5,852.6,16.7,16.9,96.7,318,859,0,0.0,75,0.0,0.0,17.0,16.5,12.8,1,0.1020594035993898,False,NORMAL,Normal environmental conditions,None,Continue monitoring environmental conditions.,LOW
2026-09-21 05:04:48+00:00,0.0,0,2.2,0.4,0.0,0,16.6,852.7,16.7,17.0,95.9,326,939,0,0.3,100,1.1,1.1,17.1,16.5,12.9,1,0.1151856584572522,False,NORMAL,Normal environmental conditions,None,Continue monitoring environmental conditions.,LOW
2026-09-21 05:20:16+00:00,0.0,0,2.2,0.3,0.0,0,16.6,853.2,16.8,17.0,94.6,316,835,0,0.2,105,0.7,0.7,17.1,16.3,12.9,1,0.1232958482590638,False,NORMAL,Normal environmental conditions,None,Continue monitoring environmental conditions.,LOW
2026-09-21 05:35:25+00:00,0.0,0,2.2,0.4,0.0,0,16.8,853.3,16.9,17.2,93.9,339,1089,0,0.0,105,0.0,0.0,17.3,16.4,13.0,1,0.1124880806760417,False,NORMAL,Normal environmental conditions,None,Continue monitoring environmental conditions.,LOW
2026-09-21 05:50:33+00:00,0.0,0,2.2,0.4,0.0,0,17.0,853.4,17.1,17.3,91.8,339,1089,0,0.7,118,2.0,2.0,17.4,16.3,13.1,1,0.1101371166702973,False,NORMAL,Normal environmental conditions,None,Continue monitoring environmental conditions.,LOW
2026-09-21 06:06:24+00:00,0.0,0,0.0,1.5,2.2,0,17.6,853.4,17.8,17.9,89.2,540,3274,0,1.1,120,2.2,2.2,18.0,16.6,13.8,1,0.0411445813730737,False,NORMAL,Normal environmental conditions,None,Continue monitoring environmental conditions.,LOW
2026-09-21 06:21:24+00:00,0.0,0,0.0,1.3,2.2,0,18.5,853.5,18.8,18.9,85.7,504,2830,0,0.2,122,0.4,0.4,19.0,17.2,14.6,1,0.0948809367100797,False,NORMAL,Normal environmental conditions,None,Continue monitoring environmental conditions.,LOW
2026-09-21 06:36:32+00:00,0.0,0,0.0,0.8,2.2,0,18.9,853.4,19.1,19.4,81.9,408,1811,0,0.2,77,0.7,0.7,19.5,17.2,15.1,1,0.1223562452193637,False,NORMAL,Normal environmental conditions,None,Continue monitoring environmental conditions.,LOW
2026-09-21 06:51:40+00:00,0.0,0,0.0,0.7,2.2,0,19.1,853.5,19.3,19.7,80.6,387,1554,0,0.6,105,0.7,0.7,19.7,17.3,15.3,1,0.1171341518156599,False,NORMAL,Normal environmental conditions,None,Continue monitoring environmental conditions.,LOW
2026-09-21 07:06:48+00:00,0.0,0,0.0,0.7,2.2,0,18.9,853.6,19.1,19.4,80.2,382,1542,0,1.0,117,3.3,3.3,19.5,17.0,15.1,1,0.0661850233292188,False,NORMAL,Normal environmental conditions,None,Continue monitoring environmental conditions.,LOW
2026-09-21 07:21:56+00:00,0.0,0,0.0,0.9,2.2,0,19.1,853.5,19.2,19.5,78.4,433,2070,0,0.8,128,2.0,2.0,19.5,16.8,15.1,1,0.1142950436990329,False,NORMAL,Normal environmental conditions,None,Continue monitoring environmental conditions.,LOW
2026-09-21 07:37:21+00:00,0.0,0,0.0,1.5,2.2,0,18.9,853.6,19.1,19.4,80.4,527,3089,0,0.4,128,1.5,1.5,19.5,17.0,15.1,1,0.0989637047730573,False,NORMAL,Normal environmental conditions,None,Continue monitoring environmental conditions.,LOW
2026-09-21 07:52:29+00:00,0.0,0,0.0,3.1,2.2,0,20.0,853.4,20.2,20.6,76.4,836,6437,0,0.7,128,2.0,2.0,20.6,17.6,16.1,1,0.0250499011099468,False,NORMAL,Normal environmental conditions,None,Continue monitoring environmental conditions.,LOW
2026-09-21 08:07:36+00:00,0.0,0,0.0,1.7,2.2,0,20.6,853.2,20.9,21.1,75.9,573,3574,0,0.6,135,1.7,1.7,21.2,18.1,16.6,1,0.0751269853426623,False,NORMAL,Normal environmental conditions,None,Continue monitoring environmental conditions.,LOW
2026-09-21 08:23:34+00:00,0.0,0,0.0,1.8,2.2,0,20.4,853.0,20.6,21.0,77.7,584,3651,0,0.6,84,1.3,1.3,21.1,18.2,16.5,1,0.077234711213437,False,NORMAL,Normal environmental conditions,None,Continue monitoring environmental conditions.,LOW
2026-09-21 08:39:29+00:00,0.0,0,0.0,3.2,2.2,0,20.7,852.7,21.0,21.2,72.6,847,6446,0,0.7,181,1.5,1.5,21.3,17.8,16.7,1,0.0314467071128161,False,NORMAL,Normal environmental conditions,None,Continue monitoring environmental conditions.,LOW
2026-09-21 08:55:31+00:00,0.0,0,0.0,2.1,2.2,0,21.4,852.4,22.1,22.0,68.4,648,4259,0,1.6,189,2.4,2.4,22.1,18.0,17.4,1,0.0310054354467811,False,NORMAL,Normal environmental conditions,None,Continue monitoring environmental conditions.,LOW
2026-09-21 09:11:23+00:00,0.0,0,0.0,0.9,2.2,0,21.3,852.3,21.6,22.0,68.7,422,1924,0,0.3,104,0.9,0.9,22.0,17.9,17.3,1,0.121878669632289,False,NORMAL,Normal environmental conditions,None,Continue monitoring environmental conditions.,LOW
2026-09-21 09:26:26+00:00,0.0,0,0.0,2.8,2.2,0,21.6,852.1,21.6,22.1,68.9,770,5596,0,1.1,73,2.4,2.4,22.2,18.1,17.4,1,0.0355450082733499,False,NORMAL,Normal environmental conditions,None,Continue monitoring environmental conditions.,LOW
2026-09-21 09:41:33+00:00,0.0,0,0.0,1.9,2.2,0,22.9,851.8,22.9,23.6,63.6,612,3891,0,0.3,106,1.1,1.1,23.6,18.7,18.6,1,0.0763256135475413,False,NORMAL,Normal environmental conditions,None,Continue monitoring environmental conditions.,LOW
2026-09-21 09:56:40+00:00,0.0,0,0.0,4.8,2.2,0,23.1,851.4,23.4,23.7,61.2,1161,9849,0,1.0,120,1.7,1.7,23.7,18.5,18.7,-1,-3.575976843683826e-05,True,NORMAL,Environmental anomaly,,Continue monitoring environmental conditions.,MEDIUM
2026-09-21 10:12:36+00:00,0.0,0,0.0,1.4,2.2,0,23.7,851.1,23.6,24.2,59.0,511,2866,0,1.2,68,2.2,2.2,24.3,18.7,19.2,1,0.0674289529867325,False,NORMAL,Normal environmental conditions,None,Continue monitoring environmental conditions.,LOW
2026-09-21 10:28:29+00:00,0.0,0,0.0,1.2,2.2,0,23.7,850.8,23.8,24.4,59.8,489,2626,0,0.6,89,0.9,0.9,24.4,18.9,19.3,1,0.0831375732818365,False,NORMAL,Normal environmental conditions,None,Continue monitoring environmental conditions.,LOW
2026-09-21 10:43:36+00:00,0.0,0,0.0,1.2,2.2,0,22.4,850.5,22.6,23.0,62.5,484,2582,0,1.3,130,2.6,2.6,23.0,18.0,18.1,1,0.0664563575101561,False,NORMAL,Normal environmental conditions,None,Continue monitoring environmental conditions.,LOW
2026-09-21 10:58:44+00:00,0.0,0,0.0,1.4,2.2,0,22.4,850.2,22.7,22.9,63.1,515,2885,0,0.4,105,1.3,1.3,22.9,18.0,18.1,1,0.0984613890932704,False,NORMAL,Normal environmental conditions,None,Continue monitoring environmental conditions.,LOW
2026-09-21 11:13:51+00:00,0.0,0,0.0,1.1,2.2,0,23.0,850.0,23.1,23.5,62.2,467,2425,0,0.3,194,1.5,1.5,23.6,18.5,18.6,1,0.0829281336119913,False,NORMAL,Normal environmental conditions,None,Continue monitoring environmental conditions.,LOW
2026-09-21 11:28:58+00:00,0.0,0,0.0,0.8,2.2,0,22.9,849.9,23.1,23.4,62.1,398,1689,0,1.3,33,2.4,2.4,23.4,18.3,18.5,1,0.0514438367344561,False,NORMAL,Normal environmental conditions,None,Continue monitoring environmental conditions.,LOW
2026-09-21 11:44:41+00:00,0.0,0,0.0,0.4,2.2,0,22.1,849.8,22.2,22.6,64.1,337,1047,0,1.3,81,2.0,2.0,22.6,17.9,17.8,1,0.0868930372021791,False,NORMAL,Normal environmental conditions,None,Continue monitoring environmental conditions.,LOW
2026-09-21 12:00:32+00:00,0.0,0,0.0,0.5,2.2,0,22.0,849.8,22.2,22.4,65.1,358,1266,0,1.1,87,2.2,2.2,22.4,17.9,17.6,1,0.0972806650646351,False,NORMAL,Normal environmental conditions,None,Continue monitoring environmental conditions.,LOW
2026-09-21 12:16:25+00:00,0.0,0,0.0,0.8,2.2,0,21.8,849.6,21.9,22.2,66.2,397,1691,0,0.2,94,0.9,0.9,22.2,17.8,17.4,1,0.1089710047592332,False,NORMAL,Normal environmental conditions,None,Continue monitoring environmental conditions.,LOW
2026-09-21 12:31:37+00:00,0.0,0,0.0,0.9,2.2,0,22.0,849.5,22.2,22.5,65.7,427,2009,0,0.6,92,1.5,1.5,22.5,18.0,17.7,1,0.10597622055598,False,NORMAL,Normal environmental conditions,None,Continue monitoring environmental conditions.,LOW
2026-09-21 12:46:40+00:00,0.0,0,0.0,0.7,2.2,0,22.3,849.5,22.5,22.8,65.7,391,1644,0,0.7,100,1.3,1.3,22.8,18.3,18.0,1,0.0954704060452711,False,NORMAL,Normal environmental conditions,None,Continue monitoring environmental conditions.,LOW
2026-09-21 13:02:33+00:00,0.0,0,0.0,0.8,2.2,0,21.8,849.4,22.0,22.2,66.5,398,1685,0,0.5,181,1.3,1.3,22.3,17.9,17.5,1,0.1059478342907607,False,NORMAL,Normal environmental conditions,None,Continue monitoring environmental conditions.,LOW
2026-09-21 13:17:35+00:00,0.0,0,0.0,0.8,2.2,0,22.1,849.5,22.2,22.5,65.9,410,1838,0,0.7,120,1.7,1.7,22.5,18.1,17.7,1,0.1028805623843955,False,NORMAL,Normal environmental conditions,None,Continue monitoring environmental conditions.,LOW
2026-09-21 13:32:43+00:00,0.0,0,0.0,0.6,2.2,0,22.4,849.5,22.5,22.9,65.8,363,1362,0,0.2,94,0.9,0.9,22.9,18.4,18.1,1,0.0846771213815005,False,NORMAL,Normal environmental conditions,None,Continue monitoring environmental conditions.,LOW
2026-09-21 13:48:43+00:00,0.0,0,0.0,0.5,2.2,0,21.4,849.4,21.6,22.0,68.0,348,1168,0,0.3,93,1.3,1.3,22.0,17.8,17.3,1,0.1107705493706801,False,NORMAL,Normal environmental conditions,None,Continue monitoring environmental conditions.,LOW
2026-09-21 14:03:50+00:00,0.0,0,0.0,0.9,2.2,0,21.2,849.3,21.4,21.7,69.3,426,2064,0,0.6,169,1.5,1.5,21.7,17.7,17.0,1,0.0963700538263969,False,NORMAL,Normal environmental conditions,None,Continue monitoring environmental conditions.,LOW
2026-09-21 14:19:42+00:00,0.0,0,0.0,0.6,2.2,0,21.6,849.3,21.8,22.1,68.1,369,1422,0,0.4,156,0.9,0.9,22.1,17.9,17.4,1,0.1071822563311861,False,NORMAL,Normal environmental conditions,None,Continue monitoring environmental conditions.,LOW
2026-09-21 14:34:49+00:00,0.0,0,0.0,0.2,2.2,0,21.1,849.5,21.3,21.6,68.8,300,690,0,1.0,128,2.4,2.4,21.6,17.6,17.0,1,0.0840190513090469,False,NORMAL,Normal environmental conditions,None,Continue monitoring environmental conditions.,LOW
2026-09-21 14:50:41+00:00,0.0,0,0.0,0.2,2.2,0,20.5,849.7,20.7,21.0,71.8,292,615,0,0.2,97,0.7,0.7,21.0,17.4,16.4,1,0.1143820901750225,False,NORMAL,Normal environmental conditions,None,Continue monitoring environmental conditions.,LOW
2026-09-21 15:05:43+00:00,0.0,0,0.0,0.1,2.2,0,20.1,849.7,20.3,20.6,72.6,283,503,0,1.0,114,1.7,1.7,20.6,17.1,16.1,1,0.1051611777759327,False,NORMAL,Normal environmental conditions,None,Continue monitoring environmental conditions.,LOW
2026-09-21 15:20:50+00:00,0.0,0,0.0,0.0,2.2,0,19.9,850.0,20.1,20.3,71.9,262,275,0,0.5,137,1.0,1.0,20.3,16.8,15.8,1,0.124630419554185,False,NORMAL,Normal environmental conditions,None,Continue monitoring environmental conditions.,LOW
2026-09-21 15:35:58+00:00,0.0,0,0.0,0.0,2.2,0,19.8,850.4,19.9,20.2,71.9,261,255,0,1.0,165,2.6,2.6,20.1,16.7,15.7,1,0.0997942770146128,False,NORMAL,Normal environmental conditions,None,Continue monitoring environmental conditions.,LOW
2026-09-21 15:51:44+00:00,0.0,0,0.0,0.0,2.2,0,19.4,850.4,19.6,19.8,74.3,261,253,0,0.7,101,1.7,1.7,19.8,16.6,15.4,1,0.1374696777634877,False,NORMAL,Normal environmental conditions,None,Continue monitoring environmental conditions.,LOW
2026-09-21 16:06:52+00:00,0.0,0,0.0,0.0,2.2,0,19.3,850.5,19.4,19.6,75.4,260,253,0,0.2,131,0.4,0.4,19.6,16.6,15.2,1,0.1456613725628252,False,NORMAL,Normal environmental conditions,None,Continue monitoring environmental conditions.,LOW
2026-09-21 16:22:00+00:00,0.0,0,0.0,0.0,2.2,0,19.1,850.8,19.2,19.5,76.1,261,252,0,0.3,96,1.1,1.1,19.5,16.6,15.1,1,0.1499090981464662,False,NORMAL,Normal environmental conditions,None,Continue monitoring environmental conditions.,LOW
2026-09-21 16:37:08+00:00,0.0,0,0.0,0.0,2.2,0,19.0,850.8,19.1,19.4,76.8,259,253,0,0.2,101,0.7,0.7,19.4,16.6,15.1,1,0.1521992063891945,False,NORMAL,Normal environmental conditions,None,Continue monitoring environmental conditions.,LOW
2026-09-21 16:52:16+00:00,0.0,0,0.0,0.0,2.2,0,19.0,850.9,19.1,19.4,77.2,261,253,0,0.3,129,1.1,1.1,19.4,16.6,15.0,1,0.14862354376414,False,NORMAL,Normal environmental conditions,None,Continue monitoring environmental conditions.,LOW
2026-09-21 17:07:40+00:00,0.0,0,0.0,0.0,2.2,0,19.0,851.0,19.1,19.3,77.4,261,253,0,0.2,95,0.7,0.7,19.3,16.6,15.0,1,0.153462451992647,False,NORMAL,Normal environmental conditions,None,Continue monitoring environmental conditions.,LOW
2026-09-21 17:22:46+00:00,0.0,0,0.0,0.0,2.2,0,18.9,851.2,19.1,19.3,78.0,261,254,0,0.2,114,0.4,0.4,19.3,16.6,15.0,1,0.1496810577225986,False,NORMAL,Normal environmental conditions,None,Continue monitoring environmental conditions.,LOW
2026-09-21 17:37:54+00:00,0.0,0,0.0,0.0,2.2,0,19.0,851.4,19.1,19.3,77.5,260,254,0,0.4,91,1.1,1.1,19.3,16.6,15.0,1,0.153998432581858,False,NORMAL,Normal environmental conditions,None,Continue monitoring environmental conditions.,LOW
2026-09-21 17:53:52+00:00,0.0,0,0.0,0.0,2.2,0,18.8,851.5,19.0,19.2,78.8,260,253,0,0.7,94,1.3,1.3,19.2,16.6,14.9,1,0.1470193211989986,False,NORMAL,Normal environmental conditions,None,Continue monitoring environmental conditions.,LOW
2026-09-21 18:09:46+00:00,0.0,0,0.0,0.0,2.2,0,18.3,851.8,18.4,18.7,82.9,259,254,0,0.9,155,1.7,1.7,18.8,16.7,14.4,1,0.1316700631429447,False,NORMAL,Normal environmental conditions,None,Continue monitoring environmental conditions.,LOW
2026-09-21 18:24:54+00:00,0.0,0,0.0,0.0,2.2,0,18.2,851.7,18.4,18.6,82.7,260,254,0,0.5,96,1.1,1.1,18.6,16.5,14.3,1,0.1622981476984145,False,NORMAL,Normal environmental conditions,None,Continue monitoring environmental conditions.,LOW
2026-09-21 18:40:45+00:00,0.0,0,0.0,0.0,2.2,0,18.1,851.9,18.3,18.5,82.6,261,253,0,0.3,68,1.1,1.1,18.6,16.4,14.2,1,0.1568686614822601,False,NORMAL,Normal environmental conditions,None,Continue monitoring environmental conditions.,LOW
2026-09-21 18:55:53+00:00,0.0,0,0.0,0.0,2.2,0,18.2,852.1,18.4,18.6,83.0,261,253,0,0.2,90,0.4,0.4,18.6,16.5,14.3,1,0.1613786927770671,False,NORMAL,Normal environmental conditions,None,Continue monitoring environmental conditions.,LOW
2026-09-21 19:11:00+00:00,0.0,0,0.0,0.0,2.2,0,18.2,852.1,18.4,18.6,82.4,260,254,0,0.2,145,1.5,1.5,18.6,16.5,14.3,1,0.1582793239689385,False,NORMAL,Normal environmental conditions,None,Continue monitoring environmental conditions.,LOW
2026-09-21 19:26:46+00:00,0.0,0,0.0,0.0,2.2,0,18.2,852.1,18.4,18.6,82.1,261,254,0,0.4,131,0.9,0.9,18.6,16.4,14.3,1,0.1636067811739636,False,NORMAL,Normal environmental conditions,None,Continue monitoring environmental conditions.,LOW
2026-09-21 19:41:53+00:00,0.0,0,0.0,0.0,2.2,0,18.2,852.1,18.4,18.6,82.0,259,253,0,0.5,100,1.1,1.1,18.6,16.4,14.3,1,0.1633187819066794,False,NORMAL,Normal environmental conditions,None,Continue monitoring environmental conditions.,LOW
2026-09-21 19:57:01+00:00,0.0,0,0.0,0.0,2.2,0,18.2,852.2,18.4,18.6,82.2,261,254,0,0.0,164,0.0,0.0,18.6,16.4,14.3,1,0.1512802177679405,False,NORMAL,Normal environmental conditions,None,Continue monitoring environmental conditions.,LOW
2026-09-21 20:12:09+00:00,0.0,0,0.0,0.0,2.2,0,18.2,852.1,18.3,18.6,82.3,260,254,0,0.2,164,0.7,0.7,18.6,16.4,14.3,1,0.1630125982494493,False,NORMAL,Normal environmental conditions,None,Continue monitoring environmental conditions.,LOW
2026-09-21 20:27:17+00:00,0.0,0,0.0,0.0,2.2,0,18.1,852.0,18.2,18.5,82.3,260,253,0,1.1,88,2.4,2.4,18.5,16.3,14.2,1,0.1072795073912098,False,NORMAL,Normal environmental conditions,None,Continue monitoring environmental conditions.,LOW
2026-09-21 20:42:44+00:00,0.0,0,0.0,0.0,2.2,0,18.0,851.8,18.1,18.4,83.0,260,254,0,0.0,98,0.2,0.2,18.4,16.3,14.1,1,0.1558997014135641,False,NORMAL,Normal environmental conditions,None,Continue monitoring environmental conditions.,LOW
2026-09-21 20:57:52+00:00,0.0,0,0.0,0.0,2.2,0,17.9,851.6,18.1,18.3,83.5,260,254,0,0.5,98,1.5,1.5,18.3,16.3,14.0,1,0.15814447785669,False,NORMAL,Normal environmental conditions,None,Continue monitoring environmental conditions.,LOW
2026-09-21 21:13:00+00:00,0.0,0,0.0,0.0,2.2,0,17.8,851.4,18.0,18.2,84.0,260,253,0,0.7,100,1.3,1.3,18.2,16.3,13.9,1,0.1520873843880885,False,NORMAL,Normal environmental conditions,None,Continue monitoring environmental conditions.,LOW
2026-09-21 21:28:08+00:00,0.0,0,0.0,0.0,2.2,0,17.5,851.2,17.6,17.9,86.4,260,253,0,0.3,137,0.9,0.9,17.9,16.3,13.7,1,0.1614028351342634,False,NORMAL,Normal environmental conditions,None,Continue monitoring environmental conditions.,LOW
2026-09-21 21:43:17+00:00,0.0,0,0.0,0.0,2.2,0,17.3,851.1,17.5,17.7,87.3,260,254,0,0.0,93,0.2,0.2,17.8,16.2,13.5,1,0.1539686520489536,False,NORMAL,Normal environmental conditions,None,Continue monitoring environmental conditions.,LOW
2026-09-21 21:58:25+00:00,0.0,0,0.0,0.0,2.2,0,17.3,850.9,17.4,17.6,87.5,258,254,0,0.2,93,0.7,0.7,17.7,16.2,13.4,1,0.1578321399374956,False,NORMAL,Normal environmental conditions,None,Continue monitoring environmental conditions.,LOW
2026-09-21 22:13:48+00:00,0.0,0,0.0,0.0,2.2,0,17.3,850.9,17.4,17.7,87.7,260,254,0,0.0,93,0.0,0.0,17.7,16.2,13.5,1,0.1501652976281159,False,NORMAL,Normal environmental conditions,None,Continue monitoring environmental conditions.,LOW
2026-09-21 22:28:56+00:00,0.0,0,0.0,0.0,2.2,0,17.3,850.7,17.4,17.6,87.8,260,254,0,0.0,93,0.2,0.2,17.7,16.2,13.4,1,0.1489003414575143,False,NORMAL,Normal environmental conditions,None,Continue monitoring environmental conditions.,LOW
2026-09-21 22:44:05+00:00,0.0,0,0.0,0.0,2.2,0,17.2,850.5,17.4,17.6,88.1,260,253,0,0.2,93,0.7,0.7,17.7,16.2,13.4,1,0.1549840617560637,False,NORMAL,Normal environmental conditions,None,Continue monitoring environmental conditions.,LOW
2026-09-21 22:59:15+00:00,0.0,0,0.0,0.0,2.2,0,17.1,850.5,17.2,17.5,88.5,261,253,0,0.1,72,1.1,1.1,17.6,16.1,13.3,1,0.1427246298467228,False,NORMAL,Normal environmental conditions,None,Continue monitoring environmental conditions.,LOW
2026-09-21 23:14:24+00:00,0.0,0,0.0,0.0,2.2,0,17.1,850.4,17.1,17.4,88.9,260,254,0,0.0,78,0.0,0.0,17.5,16.1,13.3,1,0.1418001382338077,False,NORMAL,Normal environmental conditions,None,Continue monitoring environmental conditions.,LOW
2026-09-21 23:29:49+00:00,0.0,0,0.0,0.0,2.2,0,17.0,850.3,17.1,17.4,89.0,260,254,0,0.0,78,0.2,0.2,17.5,16.1,13.2,1,0.1428309600922408,False,NORMAL,Normal environmental conditions,None,Continue monitoring environmental conditions.,LOW
2026-09-21 23:44:58+00:00,0.0,0,0.0,0.0,2.2,0,17.1,850.3,17.2,17.4,89.1,261,254,0,0.0,90,0.0,0.0,17.5,16.1,13.2,1,0.145889185698269,False,NORMAL,Normal environmental conditions,None,Continue monitoring environmental conditions.,LOW
2026-09-22 00:00:07+00:00,0.0,0,0.0,0.0,2.2,0,17.0,850.3,17.1,17.4,89.8,259,252,0,0.7,73,1.3,1.3,17.4,16.2,13.2,1,0.131483145089476,False,NORMAL,Normal environmental conditions,None,Continue monitoring environmental conditions.,LOW
2026-09-22 00:15:16+00:00,0.0,0,0.0,0.0,2.2,0,17.0,850.2,17.2,17.4,90.1,260,253,0,0.3,83,0.7,0.7,17.4,16.2,13.2,1,0.1424657715534857,False,NORMAL,Normal environmental conditions,None,Continue monitoring environmental conditions.,LOW
2026-09-22 00:30:23+00:00,0.0,0,0.0,0.0,2.2,0,17.0,850.3,17.1,17.4,90.3,259,253,0,0.4,85,1.1,1.1,17.4,16.2,13.2,1,0.1477453384182334,False,NORMAL,Normal environmental conditions,None,Continue monitoring environmental conditions.,LOW
2026-09-22 00:45:51+00:00,0.0,0,0.0,0.0,2.2,0,17.0,850.3,17.1,17.3,90.4,261,253,0,1.0,83,1.5,1.5,17.4,16.2,13.2,1,0.1146563466919567,False,NORMAL,Normal environmental conditions,None,Continue monitoring environmental conditions.,LOW
2026-09-22 01:01:00+00:00,0.0,0,0.0,0.0,2.2,0,16.9,850.5,17.0,17.3,90.5,260,253,0,0.2,97,0.4,0.4,17.3,16.1,13.1,1,0.1514773304182406,False,NORMAL,Normal environmental conditions,None,Continue monitoring environmental conditions.,LOW
2026-09-22 01:16:15+00:00,0.0,0,0.0,0.0,2.2,0,16.9,850.6,16.9,17.2,90.9,261,254,0,0.8,96,1.5,1.5,17.3,16.1,13.1,1,0.1331401554312612,False,NORMAL,Normal environmental conditions,None,Continue monitoring environmental conditions.,LOW
2026-09-22 01:31:23+00:00,0.0,0,0.0,0.0,2.2,0,16.8,850.6,16.8,17.1,91.2,261,254,0,1.1,78,1.7,1.7,17.2,16.1,13.0,1,0.1058835541149874,False,NORMAL,Normal environmental conditions,None,Continue monitoring environmental conditions.,LOW
2026-09-22 01:47:01+00:00,0.0,0,0.0,0.0,2.2,0,16.7,850.7,16.8,17.1,91.3,261,253,0,0.2,92,0.9,0.9,17.2,16.0,12.9,1,0.1540485102809181,False,NORMAL,Normal environmental conditions,None,Continue monitoring environmental conditions.,LOW
2026-09-22 02:02:14+00:00,0.0,0,0.0,0.0,2.2,0,16.6,850.8,16.7,17.0,91.2,260,253,0,0.0,77,0.0,0.0,17.1,16.0,12.8,1,0.1501758881575163,False,NORMAL,Normal environmental conditions,None,Continue monitoring environmental conditions.,LOW
2026-09-22 02:17:22+00:00,0.0,0,0.0,0.0,2.2,0,16.5,850.8,16.6,16.9,90.9,261,253,0,0.7,96,1.3,1.3,17.0,15.8,12.8,1,0.1420187489961251,False,NORMAL,Normal environmental conditions,None,Continue monitoring environmental conditions.,LOW
2026-09-22 02:32:30+00:00,0.0,0,0.0,0.0,2.2,0,16.5,850.9,16.6,16.8,90.4,260,254,0,0.0,96,0.0,0.0,16.9,15.7,12.7,1,0.163009125576352,False,NORMAL,Normal environmental conditions,None,Continue monitoring environmental conditions.,LOW
2026-09-22 02:47:58+00:00,0.0,0,0.0,0.0,2.2,0,16.4,850.9,16.6,16.8,89.8,260,253,0,0.0,96,0.0,0.0,16.8,15.6,12.6,1,0.1663746516751715,False,NORMAL,Normal environmental conditions,None,Continue monitoring environmental conditions.,LOW
2026-09-22 03:04:04+00:00,0.0,0,0.0,0.0,2.2,0,16.3,851.1,16.5,16.7,89.8,259,254,0,0.0,96,0.0,0.0,16.7,15.5,12.5,1,0.1660385434700155,False,NORMAL,Normal environmental conditions,None,Continue monitoring environmental conditions.,LOW
2026-09-22 03:19:29+00:00,0.0,0,0.0,0.0,2.2,0,16.3,851.2,16.4,16.7,89.9,261,271,0,0.3,91,0.7,0.7,16.7,15.5,12.5,1,0.1684737217459428,False,NORMAL,Normal environmental conditions,None,Continue monitoring environmental conditions.,LOW
2026-09-22 03:34:37+00:00,0.0,0,0.0,0.1,2.2,0,16.3,851.4,16.4,16.7,90.1,267,337,0,0.0,88,0.0,0.0,16.7,15.5,12.5,1,0.1590270663469948,False,NORMAL,Normal environmental conditions,None,Continue monitoring environmental conditions.,LOW
2026-09-22 03:49:45+00:00,0.0,0,0.0,0.1,2.2,0,16.5,851.6,16.6,16.8,89.9,282,517,0,0.0,88,0.2,0.2,16.9,15.6,12.6,1,0.1555354094373847,False,NORMAL,Normal environmental conditions,None,Continue monitoring environmental conditions.,LOW
2026-09-22 04:04:53+00:00,0.0,0,0.0,0.2,2.2,0,16.7,851.7,16.8,17.0,89.1,302,715,0,0.1,78,0.4,0.4,17.1,15.7,12.9,1,0.1499123552321863,False,NORMAL,Normal environmental conditions,None,Continue monitoring environmental conditions.,LOW
2026-09-22 04:20:02+00:00,0.0,0,0.0,0.3,2.2,0,17.0,852.0,17.1,17.4,87.2,308,776,0,0.0,78,0.0,0.0,17.4,15.9,13.2,1,0.140423039567677,False,NORMAL,Normal environmental conditions,None,Continue monitoring environmental conditions.,LOW
2026-09-22 04:35:10+00:00,0.0,0,0.0,0.4,2.2,0,17.1,852.3,17.2,17.5,85.9,324,955,0,0.2,92,0.7,0.7,17.5,15.8,13.3,1,0.1550947801844631,False,NORMAL,Normal environmental conditions,None,Continue monitoring environmental conditions.,LOW
2026-09-22 04:50:33+00:00,0.0,0,0.0,0.5,2.2,0,17.3,852.5,17.6,17.8,84.3,356,1284,0,0.2,92,0.4,0.4,17.8,15.9,13.5,1,0.1440006976019437,False,NORMAL,Normal environmental conditions,None,Continue monitoring environmental conditions.,LOW
2026-09-22 05:05:41+00:00,0.0,0,0.0,0.7,2.2,0,17.8,852.6,18.1,18.2,82.8,387,1635,0,0.2,191,0.4,0.4,18.3,16.2,14.0,1,0.1282930242497707,False,NORMAL,Normal environmental conditions,None,Continue monitoring environmental conditions.,LOW
2026-09-22 05:20:49+00:00,0.0,0,0.0,0.9,2.2,0,18.7,852.8,18.9,19.0,80.0,425,2040,0,0.0,186,0.0,0.0,19.0,16.6,14.7,1,0.1142294099851902,False,NORMAL,Normal environmental conditions,None,Continue monitoring environmental conditions.,LOW
2026-09-22 05:35:58+00:00,0.0,0,0.0,1.1,2.2,0,19.4,852.9,19.4,19.4,78.2,467,2437,0,0.0,235,0.0,0.0,19.4,16.7,15.0,1,0.0869631976188817,False,NORMAL,Normal environmental conditions,None,Continue monitoring environmental conditions.,LOW
2026-09-22 05:51:06+00:00,0.0,0,0.0,1.1,2.2,0,19.4,853.1,19.7,19.5,76.0,467,2420,0,0.8,217,1.3,1.3,19.5,16.6,15.1,1,0.1025752439523283,False,NORMAL,Normal environmental conditions,None,Continue monitoring environmental conditions.,LOW
2026-09-22 06:06:15+00:00,0.0,0,0.0,1.4,0.0,0,19.7,853.2,19.8,19.4,76.4,519,2996,0,0.5,230,1.3,1.3,19.4,16.5,15.0,1,0.090808109045214,False,NORMAL,Normal environmental conditions,None,Continue monitoring environmental conditions.,LOW
2026-09-22 06:21:37+00:00,0.0,0,0.0,1.9,0.0,0,21.2,853.3,21.5,21.1,71.8,610,3981,0,0.3,232,0.7,0.7,21.2,17.6,16.6,1,0.0700712202309163,False,NORMAL,Normal environmental conditions,None,Continue monitoring environmental conditions.,LOW
2026-09-22 06:36:45+00:00,0.0,0,0.0,2.5,0.0,0,20.7,853.3,21.1,20.6,71.1,720,5199,0,0.7,281,1.5,1.5,20.5,16.9,16.0,1,0.0440042537973101,False,NORMAL,Normal environmental conditions,None,Continue monitoring environmental conditions.,LOW
2026-09-22 06:51:53+00:00,0.0,0,0.0,2.6,0.0,0,22.0,853.3,21.9,21.8,66.7,743,5480,0,0.1,8,0.7,0.7,21.8,17.5,17.1,1,0.0323328958919855,False,NORMAL,Normal environmental conditions,None,Continue monitoring environmental conditions.,LOW
2026-09-22 07:07:02+00:00,0.0,0,0.0,1.0,0.0,0,22.3,853.1,22.8,22.0,64.5,439,1983,0,1.0,223,2.0,2.0,22.0,17.4,17.3,1,0.0970658531985903,False,NORMAL,Normal environmental conditions,None,Continue monitoring environmental conditions.,LOW
2026-09-22 07:22:10+00:00,0.0,0,0.0,2.1,0.0,0,22.3,853.1,22.9,22.2,60.2,651,4223,0,1.2,191,2.6,2.6,22.1,17.0,17.4,1,0.062635231113493,False,NORMAL,Normal environmental conditions,None,Continue monitoring environmental conditions.,LOW
2026-09-22 07:37:19+00:00,0.0,0,0.0,4.0,0.0,0,23.1,853.0,23.6,23.5,56.3,994,8141,0,1.1,168,2.0,2.0,23.4,17.6,18.5,1,0.0278860961738144,False,NORMAL,Normal environmental conditions,None,Continue monitoring environmental conditions.,LOW
2026-09-22 07:52:40+00:00,0.0,0,0.0,4.2,0.0,0,23.9,852.6,24.1,24.2,53.6,1043,8725,0,0.5,171,1.3,1.3,24.2,17.9,19.1,1,0.0305065499255651,False,NORMAL,Normal environmental conditions,None,Continue monitoring environmental conditions.,LOW
2026-09-22 08:07:48+00:00,0.0,0,0.0,1.3,0.0,0,23.4,852.4,23.6,24.0,55.0,499,2770,0,0.0,72,0.4,0.4,24.0,17.9,18.9,1,0.0757461179029042,False,NORMAL,Normal environmental conditions,None,Continue monitoring environmental conditions.,LOW
2026-09-22 08:22:57+00:00,0.0,0,0.0,1.5,0.0,0,23.6,852.2,24.1,24.0,54.7,533,3115,0,0.2,186,0.9,0.9,23.9,17.8,18.9,1,0.0919458672727057,False,NORMAL,Normal environmental conditions,None,Continue monitoring environmental conditions.,LOW
2026-09-22 08:38:05+00:00,0.0,0,0.0,1.6,0.0,0,23.7,851.9,24.1,23.9,54.8,553,3376,0,0.1,218,0.7,0.7,23.9,17.8,18.9,1,0.0727720629571465,False,NORMAL,Normal environmental conditions,None,Continue monitoring environmental conditions.,LOW
2026-09-22 08:53:13+00:00,0.0,0,0.0,2.3,0.0,0,23.4,851.6,24.0,23.8,54.1,688,4710,0,0.8,194,1.3,1.3,23.7,17.5,18.7,1,0.0800281680871046,False,NORMAL,Normal environmental conditions,None,Continue monitoring environmental conditions.,LOW
2026-09-22 09:08:21+00:00,0.0,0,0.0,3.5,0.0,0,24.7,851.3,25.3,25.1,51.5,913,7066,0,1.0,211,1.7,1.7,25.1,18.4,19.8,1,0.0312067116783444,False,NORMAL,Normal environmental conditions,None,Continue monitoring environmental conditions.,LOW
2026-09-22 09:23:44+00:00,0.0,0,0.0,1.7,0.0,0,26.0,851.0,26.2,26.6,48.7,575,3432,0,0.6,0,1.5,1.5,26.6,19.1,21.0,1,0.0197813435901323,False,NORMAL,Normal environmental conditions,None,Continue monitoring environmental conditions.,LOW
2026-09-22 09:38:52+00:00,0.0,0,0.0,1.3,0.0,0,24.7,850.8,25.3,25.5,48.5,502,2826,0,0.4,95,0.9,0.9,25.5,18.2,20.1,1,0.0895989650326399,False,NORMAL,Normal environmental conditions,None,Continue monitoring environmental conditions.,LOW
2026-09-22 09:53:59+00:00,0.0,0,0.0,1.4,0.0,0,24.8,850.6,25.2,25.4,49.1,508,2883,0,0.7,165,1.7,1.7,25.3,18.2,20.0,1,0.0915069849436227,False,NORMAL,Normal environmental conditions,None,Continue monitoring environmental conditions.,LOW
2026-09-22 10:09:07+00:00,0.0,0,0.0,1.8,0.0,0,25.1,850.3,25.5,25.2,50.5,601,3823,0,1.9,219,2.2,2.2,25.2,18.3,19.9,1,0.0175290007778066,False,NORMAL,Normal environmental conditions,None,Continue monitoring environmental conditions.,LOW
2026-09-22 10:24:15+00:00,0.0,0,0.0,1.5,0.0,0,25.0,850.1,25.2,25.5,48.0,527,3072,0,1.3,116,2.0,2.0,25.5,18.2,20.1,1,0.0687532607682515,False,NORMAL,Normal environmental conditions,None,Continue monitoring environmental conditions.,LOW
2026-09-22 10:39:49+00:00,0.0,0,0.0,1.9,0.0,0,25.7,849.7,26.0,26.4,47.3,603,3842,0,0.7,101,2.2,2.2,26.4,18.8,20.8,1,0.0433757998584972,False,NORMAL,Normal environmental conditions,None,Continue monitoring environmental conditions.,LOW
2026-09-22 10:54:57+00:00,0.0,0,0.0,1.6,0.0,0,24.9,849.4,25.2,25.4,49.0,561,3401,0,1.5,143,2.6,2.6,25.4,18.2,20.0,1,0.0415955777522081,False,NORMAL,Normal environmental conditions,None,Continue monitoring environmental conditions.,LOW
2026-09-22 11:10:04+00:00,0.0,0,0.0,3.0,0.0,0,25.7,849.1,26.0,26.4,48.2,815,6238,0,1.1,96,2.6,2.6,26.3,18.9,20.8,1,0.0171554583922433,False,NORMAL,Normal environmental conditions,None,Continue monitoring environmental conditions.,LOW
2026-09-22 11:25:55+00:00,0.0,0,0.0,1.8,0.0,0,25.7,848.9,25.8,26.3,47.5,583,3603,0,1.3,69,2.0,2.0,26.3,18.7,20.7,1,0.0363644579191275,False,NORMAL,Normal environmental conditions,None,Continue monitoring environmental conditions.,LOW
2026-09-22 11:41:02+00:00,0.0,0,0.0,1.0,0.0,0,26.7,848.7,26.9,27.4,45.6,450,2222,0,0.7,165,1.3,1.3,27.5,19.3,21.7,1,0.0120637979755593,False,NORMAL,Normal environmental conditions,None,Continue monitoring environmental conditions.,LOW
2026-09-22 11:56:54+00:00,0.0,0,0.0,1.5,0.0,0,26.1,848.5,26.2,26.7,46.8,533,3089,0,0.2,5,0.7,0.7,26.7,18.9,21.0,1,0.0099675476266148,False,NORMAL,Normal environmental conditions,None,Continue monitoring environmental conditions.,LOW
2026-09-22 12:12:00+00:00,0.0,0,0.0,2.8,0.0,0,26.4,848.3,26.6,27.1,46.1,770,5853,0,0.6,171,2.0,2.0,27.3,19.2,21.5,1,0.0119782867167325,False,NORMAL,Normal environmental conditions,None,Continue monitoring environmental conditions.,LOW
2026-09-22 12:27:56+00:00,0.0,0,0.0,0.9,0.0,0,25.7,848.4,25.9,26.2,47.7,434,2074,0,0.4,154,0.8,0.8,26.2,18.7,20.7,1,0.047858579125498,False,NORMAL,Normal environmental conditions,None,Continue monitoring environmental conditions.,LOW
2026-09-22 12:43:04+00:00,0.0,0,0.0,0.9,0.0,0,25.1,848.5,25.2,25.6,49.5,430,2039,0,1.2,160,2.2,2.2,25.5,18.4,20.2,1,0.0595478466896758,False,NORMAL,Normal environmental conditions,None,Continue monitoring environmental conditions.,LOW
2026-09-22 12:58:11+00:00,0.0,0,0.0,1.1,0.0,0,25.4,848.4,25.6,26.0,48.2,467,2448,0,1.7,80,2.6,2.6,25.9,18.5,20.5,1,0.0243981907252724,False,NORMAL,Normal environmental conditions,None,Continue monitoring environmental conditions.,LOW
2026-09-22 13:14:00+00:00,0.0,0,0.0,0.9,0.0,0,25.2,848.4,25.4,25.8,48.8,423,1948,0,1.3,84,2.6,2.6,25.7,18.5,20.3,1,0.0515002686381995,False,NORMAL,Normal environmental conditions,None,Continue monitoring environmental conditions.,LOW
2026-09-22 13:29:07+00:00,0.0,0,0.0,0.6,0.0,0,25.0,848.4,25.2,25.4,49.7,373,1446,0,1.6,77,2.6,2.6,25.4,18.3,20.1,1,0.0348085241946225,False,NORMAL,Normal environmental conditions,None,Continue monitoring environmental conditions.,LOW
2026-09-22 13:44:14+00:00,0.0,0,0.0,1.0,0.0,0,25.1,848.5,25.4,25.7,49.0,436,2125,0,1.6,142,2.8,2.8,25.7,18.4,20.3,1,0.0287756946420235,False,NORMAL,Normal environmental conditions,None,Continue monitoring environmental conditions.,LOW
2026-09-22 13:59:21+00:00,0.0,0,0.0,0.5,0.0,0,25.0,848.6,25.2,25.5,49.1,349,1219,0,0.7,101,1.5,1.5,25.5,18.3,20.1,1,0.0867269791699671,False,NORMAL,Normal environmental conditions,None,Continue monitoring environmental conditions.,LOW
2026-09-22 14:14:28+00:00,0.0,0,0.0,0.3,0.0,0,24.5,848.7,24.7,25.0,50.4,313,787,0,0.7,133,2.0,2.0,24.9,18.0,19.7,1,0.0832536072910062,False,NORMAL,Normal environmental conditions,None,Continue monitoring environmental conditions.,LOW
2026-09-22 14:29:35+00:00,0.0,0,0.0,0.2,0.0,0,24.2,848.8,24.3,24.6,51.8,298,641,0,1.2,80,2.0,2.0,24.5,17.9,19.4,1,0.0801111990392158,False,NORMAL,Normal environmental conditions,None,Continue monitoring environmental conditions.,LOW
2026-09-22 14:45:02+00:00,0.0,0,0.0,0.1,0.0,0,23.8,848.9,23.9,24.1,52.8,280,445,0,1.0,114,2.2,2.2,24.1,17.7,19.0,1,0.086758230462614,False,NORMAL,Normal environmental conditions,None,Continue monitoring environmental conditions.,LOW
2026-09-22 15:00:03+00:00,0.0,0,0.0,0.1,0.0,0,23.5,849.0,23.6,23.8,54.0,273,380,0,0.6,150,1.1,1.1,23.7,17.6,18.7,1,0.1006301675132134,False,NORMAL,Normal environmental conditions,None,Continue monitoring environmental conditions.,LOW
2026-09-22 15:15:07+00:00,0.0,0,0.0,0.1,0.0,0,23.2,849.3,23.2,23.5,54.8,266,304,0,1.2,139,3.1,3.1,23.4,17.4,18.5,1,0.0666131478647933,False,NORMAL,Normal environmental conditions,None,Continue monitoring environmental conditions.,LOW
2026-09-22 15:30:15+00:00,0.0,0,0.0,0.0,0.0,0,22.9,849.5,23.0,23.2,56.0,261,260,0,0.5,106,1.1,1.1,23.1,17.3,18.3,1,0.1193671714155562,False,NORMAL,Normal environmental conditions,None,Continue monitoring environmental conditions.,LOW
2026-09-22 15:45:23+00:00,0.0,0,0.0,0.0,0.0,0,22.5,849.7,22.7,22.9,57.2,260,254,0,0.6,114,1.5,1.5,22.8,17.2,18.0,1,0.1183819474868373,False,NORMAL,Normal environmental conditions,None,Continue monitoring environmental conditions.,LOW
2026-09-22 16:00:30+00:00,0.0,0,0.0,0.0,0.0,0,22.2,849.7,22.4,22.6,58.0,260,254,0,1.1,96,3.1,3.1,22.5,17.1,17.7,1,0.076572917066283,False,NORMAL,Normal environmental conditions,None,Continue monitoring environmental conditions.,LOW
2026-09-22 16:15:37+00:00,0.0,0,0.0,0.0,0.0,0,22.1,849.9,22.3,22.5,58.5,260,255,0,0.6,126,2.0,2.0,22.4,17.0,17.6,1,0.1279917550060508,False,NORMAL,Normal environmental conditions,None,Continue monitoring environmental conditions.,LOW
2026-09-22 16:31:01+00:00,0.0,0,0.0,0.0,0.0,0,22.0,850.1,22.1,22.3,58.4,261,253,0,0.5,164,1.5,1.5,22.2,16.9,17.5,1,0.1358347619056327,False,NORMAL,Normal environmental conditions,None,Continue monitoring environmental conditions.,LOW
2026-09-22 16:46:09+00:00,0.0,0,0.0,0.0,0.0,0,21.9,850.2,22.1,22.2,58.9,260,253,0,0.6,140,2.0,2.0,22.1,16.9,17.4,1,0.1363249730643411,False,NORMAL,Normal environmental conditions,None,Continue monitoring environmental conditions.,LOW
2026-09-22 17:01:17+00:00,0.0,0,0.0,0.0,0.0,0,21.8,850.5,21.9,22.1,58.9,261,254,0,0.4,84,1.5,1.5,22.0,16.7,17.3,1,0.1394226516721594,False,NORMAL,Normal environmental conditions,None,Continue monitoring environmental conditions.,LOW
2026-09-22 17:16:24+00:00,0.0,0,0.0,0.0,0.0,0,21.6,850.8,21.8,21.9,58.8,260,252,0,0.7,174,2.0,2.0,21.8,16.6,17.2,1,0.1352444920379186,False,NORMAL,Normal environmental conditions,None,Continue monitoring environmental conditions.,LOW
2026-09-22 17:31:32+00:00,0.0,0,0.0,0.0,0.0,0,21.4,851.1,21.6,21.8,59.2,259,255,0,0.9,97,1.7,1.7,21.7,16.5,17.0,1,0.1368260996609742,False,NORMAL,Normal environmental conditions,None,Continue monitoring environmental conditions.,LOW
2026-09-22 17:46:40+00:00,0.0,0,0.0,0.0,0.0,0,21.2,851.3,21.4,21.6,60.2,260,253,0,0.5,100,1.1,1.1,21.5,16.5,16.9,1,0.1497546729138625,False,NORMAL,Normal environmental conditions,None,Continue monitoring environmental conditions.,LOW
2026-09-22 18:02:06+00:00,0.0,0,0.0,0.0,0.0,0,20.9,851.4,21.0,21.3,61.7,260,254,0,0.7,104,1.7,1.7,21.2,16.4,16.6,1,0.141465052427971,False,NORMAL,Normal environmental conditions,None,Continue monitoring environmental conditions.,LOW
2026-09-22 18:17:13+00:00,0.0,0,0.0,0.0,0.0,0,20.5,851.8,20.7,20.9,63.5,260,253,0,0.5,120,1.3,1.3,20.8,16.3,16.3,1,0.152779330786164,False,NORMAL,Normal environmental conditions,None,Continue monitoring environmental conditions.,LOW
2026-09-22 18:32:21+00:00,0.0,0,0.0,0.0,0.0,0,20.4,852.1,20.6,20.8,64.5,260,253,0,1.3,114,2.8,2.8,20.7,16.3,16.2,1,0.098615655648144,False,NORMAL,Normal environmental conditions,None,Continue monitoring environmental conditions.,LOW
2026-09-22 18:47:30+00:00,0.0,0,0.0,0.0,0.0,0,20.2,852.2,20.4,20.6,65.3,261,255,0,0.4,96,0.9,0.9,20.5,16.2,16.0,1,0.1544440043054518,False,NORMAL,Normal environmental conditions,None,Continue monitoring environmental conditions.,LOW
2026-09-22 19:02:38+00:00,0.0,0,0.0,0.0,0.0,0,19.9,852.3,20.1,20.3,66.3,261,254,0,0.9,96,1.7,1.7,20.2,16.1,15.7,1,0.1437645765645916,False,NORMAL,Normal environmental conditions,None,Continue monitoring environmental conditions.,LOW
2026-09-22 19:17:46+00:00,0.0,0,0.0,0.0,0.0,0,19.6,852.4,19.8,20.0,67.5,261,253,0,0.0,90,0.2,0.2,19.9,15.9,15.4,1,0.1480358335647141,False,NORMAL,Normal environmental conditions,None,Continue monitoring environmental conditions.,LOW
2026-09-22 19:33:07+00:00,0.0,0,0.0,0.0,0.0,0,19.5,852.5,19.6,19.9,68.0,259,254,0,0.3,93,0.9,0.9,19.8,15.9,15.4,1,0.1607288603576991,False,NORMAL,Normal environmental conditions,None,Continue monitoring environmental conditions.,LOW
2026-09-22 19:48:16+00:00,0.0,0,0.0,0.0,0.0,0,19.3,852.6,19.5,19.7,68.9,263,253,0,0.1,93,0.4,0.4,19.6,15.9,15.2,1,0.1552987035068597,False,NORMAL,Normal environmental conditions,None,Continue monitoring environmental conditions.,LOW
2026-09-22 20:03:24+00:00,0.0,0,0.0,0.0,0.0,0,19.3,852.5,19.4,19.6,69.3,261,253,0,0.0,90,0.0,0.0,19.6,15.9,15.2,1,0.1458907894490861,False,NORMAL,Normal environmental conditions,None,Continue monitoring environmental conditions.,LOW
2026-09-22 20:18:32+00:00,0.0,0,0.0,0.0,0.0,0,19.1,852.4,19.3,19.5,69.8,262,254,0,0.8,138,2.0,2.0,19.4,15.8,15.0,1,0.1516358681464021,False,NORMAL,Normal environmental conditions,None,Continue monitoring environmental conditions.,LOW
2026-09-22 20:34:15+00:00,0.0,0,0.0,0.0,0.0,0,18.9,852.3,19.1,19.3,70.8,261,253,0,0.0,181,0.2,0.2,19.2,15.7,14.9,1,0.1549615716771265,False,NORMAL,Normal environmental conditions,None,Continue monitoring environmental conditions.,LOW
2026-09-22 20:49:23+00:00,0.0,0,0.0,0.0,0.0,0,18.7,852.3,18.9,19.1,71.7,260,254,0,0.6,119,1.7,1.7,19.0,15.7,14.7,1,0.162092409636284,False,NORMAL,Normal environmental conditions,None,Continue monitoring environmental conditions.,LOW
2026-09-22 21:04:32+00:00,0.0,0,0.0,0.0,0.0,0,18.6,852.3,18.8,19.0,72.6,261,253,0,1.1,108,2.6,2.6,18.9,15.7,14.6,1,0.1143112791289169,False,NORMAL,Normal environmental conditions,None,Continue monitoring environmental conditions.,LOW
2026-09-22 21:19:40+00:00,0.0,0,0.0,0.0,0.0,0,18.3,851.9,18.5,18.7,74.0,261,254,0,0.5,206,1.6,1.6,18.6,15.6,14.3,1,0.1461856687255097,False,NORMAL,Normal environmental conditions,None,Continue monitoring environmental conditions.,LOW
2026-09-22 21:35:06+00:00,0.0,0,0.0,0.0,0.0,0,18.2,851.7,18.4,18.6,74.6,261,253,0,0.4,216,1.3,1.3,18.5,15.5,14.2,1,0.1524357779781167,False,NORMAL,Normal environmental conditions,None,Continue monitoring environmental conditions.,LOW
2026-09-22 21:50:14+00:00,0.0,0,0.0,0.0,0.0,0,18.1,851.5,18.2,18.5,75.0,259,254,0,0.7,157,1.5,1.5,18.4,15.5,14.1,1,0.1560202973894021,False,NORMAL,Normal environmental conditions,None,Continue monitoring environmental conditions.,LOW
2026-09-22 22:05:22+00:00,0.0,0,0.0,0.0,0.0,0,17.9,851.3,18.1,18.4,75.6,261,253,0,0.0,142,0.4,0.4,18.3,15.4,14.0,1,0.1606465580581953,False,NORMAL,Normal environmental conditions,None,Continue monitoring environmental conditions.,LOW
2026-09-22 22:21:12+00:00,0.0,0,0.0,0.0,0.0,0,17.7,851.3,17.9,18.1,76.6,260,254,0,0.4,99,1.1,1.1,18.1,15.3,13.8,1,0.1678766644466233,False,NORMAL,Normal environmental conditions,None,Continue monitoring environmental conditions.,LOW
2026-09-22 22:36:21+00:00,0.0,0,0.0,0.0,0.0,0,17.5,851.2,17.6,17.9,77.8,262,253,0,0.6,161,2.2,2.2,17.8,15.2,13.6,1,0.136519639169755,False,NORMAL,Normal environmental conditions,None,Continue monitoring environmental conditions.,LOW
2026-09-22 22:51:28+00:00,0.0,0,0.0,0.0,0.0,0,17.4,851.0,17.6,17.8,78.2,260,254,0,0.8,129,1.3,1.3,17.8,15.2,13.5,1,0.1508250614252875,False,NORMAL,Normal environmental conditions,None,Continue monitoring environmental conditions.,LOW
2026-09-22 23:06:36+00:00,0.0,0,0.0,0.0,0.0,0,17.3,851.1,17.5,17.7,78.7,260,253,0,0.1,189,0.4,0.4,17.7,15.2,13.4,1,0.1587291403989504,False,NORMAL,Normal environmental conditions,None,Continue monitoring environmental conditions.,LOW
2026-09-22 23:21:44+00:00,0.0,0,0.0,0.0,0.0,0,17.2,851.0,17.4,17.6,79.2,260,253,0,0.0,104,0.2,0.2,17.6,15.1,13.3,1,0.1665156465696365,False,NORMAL,Normal environmental conditions,None,Continue monitoring environmental conditions.,LOW
2026-09-22 23:37:10+00:00,0.0,0,0.0,0.0,0.0,0,17.1,851.2,17.2,17.5,79.8,259,253,0,0.3,175,0.9,0.9,17.4,15.1,13.2,1,0.1679147628511075,False,NORMAL,Normal environmental conditions,None,Continue monitoring environmental conditions.,LOW
2026-09-22 23:52:18+00:00,0.0,0,0.0,0.0,0.0,0,17.0,851.1,17.1,17.4,80.4,261,253,0,0.9,98,2.0,2.0,17.3,15.1,13.1,1,0.1400807394552901,False,NORMAL,Normal environmental conditions,None,Continue monitoring environmental conditions.,LOW
